-- 예수금 포함 완전한 데이터베이스 정리 및 새 데이터 입력 스크립트
-- 생성일시: 2025-09-10 16:21:56

USE kpsdb;

-- ========================================
-- 1단계: 기존 데이터 완전 삭제
-- ========================================

-- 외래키 제약조건 임시 해제
SET FOREIGN_KEY_CHECKS = 0;

-- 기존 데이터 모두 삭제
DELETE FROM rebalancing_analysis;
DELETE FROM customer_strategy; 
DELETE FROM customer_balance;
DELETE FROM trading_history;
DELETE FROM rebalancing_master;
DELETE FROM stock_current_price;

-- 외래키 제약조건 복원
SET FOREIGN_KEY_CHECKS = 1;

-- ========================================
-- 2단계: 테이블 스키마 업데이트 (예수금 컬럼 추가)
-- ========================================

-- 예수금 컬럼이 없다면 추가 (있다면 무시됨)
ALTER TABLE customer_balance 
ADD COLUMN IF NOT EXISTS deposit_amount DECIMAL(15,2) NOT NULL DEFAULT 0 COMMENT '예수금' 
AFTER purchase_amount;

-- ========================================
-- 3단계: 새 데이터 입력
-- ========================================

-- 1. 종목현재가 (2,500개 - 순차적 중복 없음 보장)
INSERT INTO stock_current_price (stock_code, current_price) VALUES
('000001', 252230),
('000002', 416863),
('000003', 876104),
('000004', 539105),
('000005', 101868),
('000006', 498187),
('000007', 789538),
('000008', 283204),
('000009', 843340),
('000010', 715998),
('000011', 599943),
('000012', 775922),
('000013', 158716),
('000014', 175491),
('000015', 399909),
('000016', 185406),
('000017', 149547),
('000018', 78249),
('000019', 290315),
('000020', 557542),
('000021', 360509),
('000022', 786431),
('000023', 279089),
('000024', 269683),
('000025', 406260),
('000026', 250156),
('000027', 695729),
('000028', 657251),
('000029', 860219),
('000030', 884324),
('000031', 324378),
('000032', 806748),
('000033', 419491),
('000034', 396740),
('000035', 110681),
('000036', 650506),
('000037', 233177),
('000038', 193289),
('000039', 862781),
('000040', 150685),
('000041', 688189),
('000042', 514933),
('000043', 199286),
('000044', 277235),
('000045', 376994),
('000046', 287809),
('000047', 680611),
('000048', 458063),
('000049', 578038),
('000050', 11544),
('000051', 625265),
('000052', 804966),
('000053', 537852),
('000054', 195930),
('000055', 337970),
('000056', 700105),
('000057', 400065),
('000058', 664317),
('000059', 12957),
('000060', 60349),
('000061', 377926),
('000062', 321473),
('000063', 73461),
('000064', 792670),
('000065', 744135),
('000066', 349998),
('000067', 167347),
('000068', 83898),
('000069', 6727),
('000070', 339994),
('000071', 718885),
('000072', 532813),
('000073', 266076),
('000074', 828036),
('000075', 677289),
('000076', 402837),
('000077', 706175),
('000078', 867604),
('000079', 343207),
('000080', 160573),
('000081', 373924),
('000082', 339101),
('000083', 93051),
('000084', 465369),
('000085', 520265),
('000086', 454758),
('000087', 554642),
('000088', 789302),
('000089', 25875),
('000090', 503223),
('000091', 297766),
('000092', 364774),
('000093', 820676),
('000094', 182023),
('000095', 162695),
('000096', 874659),
('000097', 221038),
('000098', 728499),
('000099', 577241),
('000100', 89484),
('000101', 835250),
('000102', 662698),
('000103', 439001),
('000104', 45975),
('000105', 647279),
('000106', 108389),
('000107', 745630),
('000108', 120167),
('000109', 647314),
('000110', 364949),
('000111', 334311),
('000112', 81386),
('000113', 509611),
('000114', 418286),
('000115', 29878),
('000116', 16154),
('000117', 89181),
('000118', 253361),
('000119', 541152),
('000120', 111241),
('000121', 874857),
('000122', 352100),
('000123', 459906),
('000124', 67016),
('000125', 528719),
('000126', 289138),
('000127', 692923),
('000128', 101061),
('000129', 600188),
('000130', 441069),
('000131', 767466),
('000132', 372635),
('000133', 454594),
('000134', 815681),
('000135', 448956),
('000136', 567419),
('000137', 364590),
('000138', 229829),
('000139', 255416),
('000140', 453277),
('000141', 357357),
('000142', 51722),
('000143', 512556),
('000144', 113245),
('000145', 585001),
('000146', 596178),
('000147', 864846),
('000148', 239467),
('000149', 698398),
('000150', 488038),
('000151', 643683),
('000152', 119328),
('000153', 373943),
('000154', 363124),
('000155', 898664),
('000156', 364829),
('000157', 377333),
('000158', 889790),
('000159', 7800),
('000160', 132689),
('000161', 680067),
('000162', 427613),
('000163', 857115),
('000164', 795469),
('000165', 294256),
('000166', 272824),
('000167', 459791),
('000168', 889715),
('000169', 468865),
('000170', 604090),
('000171', 154606),
('000172', 141430),
('000173', 458260),
('000174', 702454),
('000175', 834368),
('000176', 101000),
('000177', 362451),
('000178', 172008),
('000179', 55378),
('000180', 475967),
('000181', 771053),
('000182', 791799),
('000183', 640416),
('000184', 421097),
('000185', 398881),
('000186', 542302),
('000187', 108223),
('000188', 295902),
('000189', 853751),
('000190', 338483),
('000191', 366927),
('000192', 479647),
('000193', 864752),
('000194', 536867),
('000195', 350981),
('000196', 402280),
('000197', 158870),
('000198', 412030),
('000199', 105415),
('000200', 553671),
('000201', 87901),
('000202', 289369),
('000203', 776084),
('000204', 81300),
('000205', 829723),
('000206', 587848),
('000207', 249305),
('000208', 49967),
('000209', 366361),
('000210', 263735),
('000211', 741437),
('000212', 407785),
('000213', 369844),
('000214', 546907),
('000215', 686825),
('000216', 401958),
('000217', 553088),
('000218', 113688),
('000219', 74012),
('000220', 625772),
('000221', 350989),
('000222', 186295),
('000223', 734934),
('000224', 367542),
('000225', 863045),
('000226', 113754),
('000227', 777041),
('000228', 885046),
('000229', 29698),
('000230', 31502),
('000231', 622239),
('000232', 736249),
('000233', 788615),
('000234', 619523),
('000235', 538712),
('000236', 373739),
('000237', 820144),
('000238', 171498),
('000239', 96659),
('000240', 198119),
('000241', 800422),
('000242', 705525),
('000243', 632324),
('000244', 292135),
('000245', 28605),
('000246', 503302),
('000247', 456164),
('000248', 505866),
('000249', 846388),
('000250', 628820),
('000251', 74100),
('000252', 741680),
('000253', 501041),
('000254', 506279),
('000255', 257032),
('000256', 892757),
('000257', 380420),
('000258', 179958),
('000259', 506487),
('000260', 296735),
('000261', 793238),
('000262', 792970),
('000263', 38925),
('000264', 840166),
('000265', 499616),
('000266', 49366),
('000267', 399661),
('000268', 13617),
('000269', 541655),
('000270', 523855),
('000271', 574815),
('000272', 614818),
('000273', 552884),
('000274', 726333),
('000275', 280433),
('000276', 399722),
('000277', 761305),
('000278', 21649),
('000279', 246525),
('000280', 141837),
('000281', 648285),
('000282', 405364),
('000283', 688304),
('000284', 897099),
('000285', 79336),
('000286', 838014),
('000287', 626458),
('000288', 17122),
('000289', 208161),
('000290', 491953),
('000291', 704134),
('000292', 247400),
('000293', 634914),
('000294', 835666),
('000295', 82095),
('000296', 119053),
('000297', 335440),
('000298', 509976),
('000299', 641603),
('000300', 223154),
('000301', 469390),
('000302', 648470),
('000303', 176900),
('000304', 859923),
('000305', 895840),
('000306', 15499),
('000307', 180173),
('000308', 533703),
('000309', 542870),
('000310', 653754),
('000311', 686018),
('000312', 287768),
('000313', 724464),
('000314', 385263),
('000315', 574549),
('000316', 122929),
('000317', 124998),
('000318', 132424),
('000319', 362138),
('000320', 509514),
('000321', 407662),
('000322', 741290),
('000323', 796947),
('000324', 536094),
('000325', 241869),
('000326', 327002),
('000327', 654908),
('000328', 870245),
('000329', 626431),
('000330', 708562),
('000331', 557048),
('000332', 43269),
('000333', 700690),
('000334', 869734),
('000335', 145292),
('000336', 481860),
('000337', 285416),
('000338', 11326),
('000339', 552497),
('000340', 447283),
('000341', 385822),
('000342', 352890),
('000343', 861640),
('000344', 452248),
('000345', 785387),
('000346', 182868),
('000347', 550972),
('000348', 862142),
('000349', 747751),
('000350', 874300),
('000351', 275001),
('000352', 80153),
('000353', 233011),
('000354', 619765),
('000355', 840254),
('000356', 210160),
('000357', 887044),
('000358', 594861),
('000359', 459310),
('000360', 131115),
('000361', 9604),
('000362', 801770),
('000363', 545556),
('000364', 54164),
('000365', 774659),
('000366', 283060),
('000367', 238014),
('000368', 602742),
('000369', 359645),
('000370', 209104),
('000371', 152480),
('000372', 491339),
('000373', 488754),
('000374', 319347),
('000375', 624503),
('000376', 600322),
('000377', 311431),
('000378', 92274),
('000379', 236812),
('000380', 870809),
('000381', 761712),
('000382', 484094),
('000383', 634014),
('000384', 343380),
('000385', 481335),
('000386', 619093),
('000387', 504959),
('000388', 415511),
('000389', 387199),
('000390', 792256),
('000391', 606911),
('000392', 438698),
('000393', 765137),
('000394', 886787),
('000395', 167609),
('000396', 275864),
('000397', 785322),
('000398', 633880),
('000399', 5821),
('000400', 313719),
('000401', 709954),
('000402', 303338),
('000403', 724555),
('000404', 40992),
('000405', 653016),
('000406', 499423),
('000407', 349163),
('000408', 53580),
('000409', 263461),
('000410', 828847),
('000411', 747136),
('000412', 158528),
('000413', 637527),
('000414', 71445),
('000415', 550523),
('000416', 486527),
('000417', 851357),
('000418', 358358),
('000419', 752881),
('000420', 839550),
('000421', 769063),
('000422', 81409),
('000423', 659132),
('000424', 479313),
('000425', 274387),
('000426', 850877),
('000427', 880621),
('000428', 402678),
('000429', 713688),
('000430', 773059),
('000431', 749692),
('000432', 891923),
('000433', 547965),
('000434', 608151),
('000435', 827967),
('000436', 558861),
('000437', 134428),
('000438', 833827),
('000439', 307798),
('000440', 137718),
('000441', 775498),
('000442', 742581),
('000443', 24654),
('000444', 194318),
('000445', 822189),
('000446', 322695),
('000447', 374973),
('000448', 135214),
('000449', 129972),
('000450', 140795),
('000451', 30706),
('000452', 48217),
('000453', 13681),
('000454', 698747),
('000455', 347540),
('000456', 505707),
('000457', 356617),
('000458', 831004),
('000459', 318575),
('000460', 447966),
('000461', 690798),
('000462', 53743),
('000463', 21813),
('000464', 390230),
('000465', 52510),
('000466', 271649),
('000467', 211323),
('000468', 155500),
('000469', 849483),
('000470', 429850),
('000471', 773075),
('000472', 801028),
('000473', 880410),
('000474', 111514),
('000475', 815424),
('000476', 633843),
('000477', 491840),
('000478', 480708),
('000479', 277685),
('000480', 787732),
('000481', 558802),
('000482', 622644),
('000483', 710541),
('000484', 12509),
('000485', 727751),
('000486', 437126),
('000487', 747349),
('000488', 110231),
('000489', 181745),
('000490', 325385),
('000491', 200932),
('000492', 750596),
('000493', 237001),
('000494', 209720),
('000495', 645911),
('000496', 509683),
('000497', 503632),
('000498', 254338),
('000499', 77638),
('000500', 859294),
('000501', 447140),
('000502', 199597),
('000503', 835417),
('000504', 544075),
('000505', 524910),
('000506', 169161),
('000507', 137336),
('000508', 593667),
('000509', 713491),
('000510', 736535),
('000511', 697012),
('000512', 602591),
('000513', 229835),
('000514', 643804),
('000515', 25589),
('000516', 234225),
('000517', 111662),
('000518', 53236),
('000519', 769655),
('000520', 766546),
('000521', 566111),
('000522', 375647),
('000523', 563657),
('000524', 138606),
('000525', 768259),
('000526', 106949),
('000527', 810556),
('000528', 617247),
('000529', 745121),
('000530', 842595),
('000531', 386401),
('000532', 754376),
('000533', 109727),
('000534', 819393),
('000535', 378812),
('000536', 309089),
('000537', 640742),
('000538', 6587),
('000539', 417280),
('000540', 794428),
('000541', 192480),
('000542', 739091),
('000543', 680455),
('000544', 390465),
('000545', 397727),
('000546', 21284),
('000547', 810824),
('000548', 247342),
('000549', 366501),
('000550', 67967),
('000551', 27173),
('000552', 234387),
('000553', 877732),
('000554', 443120),
('000555', 601333),
('000556', 527506),
('000557', 727090),
('000558', 148651),
('000559', 559972),
('000560', 713677),
('000561', 885565),
('000562', 253743),
('000563', 220234),
('000564', 363141),
('000565', 526153),
('000566', 743915),
('000567', 210095),
('000568', 852998),
('000569', 191218),
('000570', 14397),
('000571', 118239),
('000572', 479366),
('000573', 29735),
('000574', 865560),
('000575', 771592),
('000576', 258138),
('000577', 827729),
('000578', 760985),
('000579', 20782),
('000580', 472108),
('000581', 676042),
('000582', 67017),
('000583', 734155),
('000584', 868305),
('000585', 337409),
('000586', 191639),
('000587', 61032),
('000588', 702499),
('000589', 721443),
('000590', 576314),
('000591', 155257),
('000592', 498986),
('000593', 255168),
('000594', 666344),
('000595', 158164),
('000596', 547573),
('000597', 228850),
('000598', 72891),
('000599', 340930),
('000600', 278169),
('000601', 377799),
('000602', 246268),
('000603', 74695),
('000604', 490569),
('000605', 485138),
('000606', 618506),
('000607', 278903),
('000608', 554659),
('000609', 329389),
('000610', 464009),
('000611', 520130),
('000612', 91967),
('000613', 796901),
('000614', 263005),
('000615', 627287),
('000616', 129953),
('000617', 275735),
('000618', 455475),
('000619', 438247),
('000620', 740264),
('000621', 394963),
('000622', 472967),
('000623', 395854),
('000624', 878174),
('000625', 750267),
('000626', 467940),
('000627', 584643),
('000628', 801466),
('000629', 452462),
('000630', 529772),
('000631', 828419),
('000632', 193156),
('000633', 427202),
('000634', 543254),
('000635', 734592),
('000636', 889054),
('000637', 98165),
('000638', 514817),
('000639', 619715),
('000640', 283473),
('000641', 705822),
('000642', 810519),
('000643', 86108),
('000644', 16463),
('000645', 230971),
('000646', 881364),
('000647', 748280),
('000648', 125764),
('000649', 422345),
('000650', 185651),
('000651', 475822),
('000652', 318347),
('000653', 665213),
('000654', 147890),
('000655', 833809),
('000656', 799529),
('000657', 342559),
('000658', 355916),
('000659', 211432),
('000660', 261304),
('000661', 859407),
('000662', 395387),
('000663', 836419),
('000664', 342628),
('000665', 201862),
('000666', 753410),
('000667', 656009),
('000668', 636414),
('000669', 370957),
('000670', 459641),
('000671', 586153),
('000672', 771709),
('000673', 148049),
('000674', 609453),
('000675', 647241),
('000676', 828537),
('000677', 528236),
('000678', 247573),
('000679', 826592),
('000680', 91589),
('000681', 102522),
('000682', 855124),
('000683', 567588),
('000684', 325836),
('000685', 135259),
('000686', 783671),
('000687', 804079),
('000688', 110343),
('000689', 355007),
('000690', 151381),
('000691', 515161),
('000692', 376931),
('000693', 765406),
('000694', 648087),
('000695', 65064),
('000696', 797734),
('000697', 540918),
('000698', 162331),
('000699', 458289),
('000700', 606118),
('000701', 523594),
('000702', 101157),
('000703', 748086),
('000704', 875205),
('000705', 421936),
('000706', 794123),
('000707', 264128),
('000708', 788130),
('000709', 24035),
('000710', 732523),
('000711', 205732),
('000712', 849940),
('000713', 527126),
('000714', 473264),
('000715', 399957),
('000716', 492501),
('000717', 351712),
('000718', 602164),
('000719', 784924),
('000720', 295368),
('000721', 547058),
('000722', 311829),
('000723', 343213),
('000724', 841037),
('000725', 567201),
('000726', 835901),
('000727', 136945),
('000728', 844385),
('000729', 297293),
('000730', 346888),
('000731', 392488),
('000732', 41824),
('000733', 483440),
('000734', 226911),
('000735', 594203),
('000736', 334894),
('000737', 640619),
('000738', 120629),
('000739', 194678),
('000740', 62381),
('000741', 218379),
('000742', 433801),
('000743', 273610),
('000744', 356204),
('000745', 149637),
('000746', 81764),
('000747', 202557),
('000748', 252784),
('000749', 19668),
('000750', 305101),
('000751', 748483),
('000752', 156575),
('000753', 292514),
('000754', 726861),
('000755', 489051),
('000756', 415878),
('000757', 316900),
('000758', 265209),
('000759', 735460),
('000760', 181203),
('000761', 310225),
('000762', 412800),
('000763', 416570),
('000764', 533834),
('000765', 325647),
('000766', 315901),
('000767', 247007),
('000768', 817986),
('000769', 97118),
('000770', 428130),
('000771', 518074),
('000772', 640321),
('000773', 67596),
('000774', 107678),
('000775', 614852),
('000776', 715949),
('000777', 321096),
('000778', 243929),
('000779', 624463),
('000780', 805186),
('000781', 876144),
('000782', 279008),
('000783', 363249),
('000784', 62895),
('000785', 454971),
('000786', 395541),
('000787', 877435),
('000788', 637887),
('000789', 322943),
('000790', 843898),
('000791', 88404),
('000792', 100357),
('000793', 410339),
('000794', 710750),
('000795', 180647),
('000796', 542402),
('000797', 698933),
('000798', 622163),
('000799', 237151),
('000800', 790002),
('000801', 343534),
('000802', 337364),
('000803', 87824),
('000804', 40421),
('000805', 865308),
('000806', 899906),
('000807', 299412),
('000808', 267944),
('000809', 94654),
('000810', 853813),
('000811', 202067),
('000812', 443780),
('000813', 684185),
('000814', 837335),
('000815', 745402),
('000816', 146349),
('000817', 787444),
('000818', 78773),
('000819', 430677),
('000820', 437203),
('000821', 728438),
('000822', 172681),
('000823', 710494),
('000824', 636041),
('000825', 333486),
('000826', 276002),
('000827', 325278),
('000828', 588637),
('000829', 141851),
('000830', 621087),
('000831', 327204),
('000832', 500164),
('000833', 731532),
('000834', 305288),
('000835', 483976),
('000836', 647039),
('000837', 36169),
('000838', 64262),
('000839', 873813),
('000840', 404770),
('000841', 197389),
('000842', 464206),
('000843', 507033),
('000844', 5541),
('000845', 813709),
('000846', 520890),
('000847', 45627),
('000848', 41653),
('000849', 740641),
('000850', 110941),
('000851', 670102),
('000852', 886513),
('000853', 439917),
('000854', 354637),
('000855', 28317),
('000856', 437850),
('000857', 851521),
('000858', 6012),
('000859', 670392),
('000860', 830631),
('000861', 3479),
('000862', 730738),
('000863', 574515),
('000864', 591476),
('000865', 698902),
('000866', 197783),
('000867', 160715),
('000868', 7446),
('000869', 897129),
('000870', 806011),
('000871', 320472),
('000872', 593518),
('000873', 317694),
('000874', 643352),
('000875', 896890),
('000876', 893370),
('000877', 757038),
('000878', 57563),
('000879', 660467),
('000880', 775411),
('000881', 651725),
('000882', 56501),
('000883', 663496),
('000884', 575364),
('000885', 297020),
('000886', 215024),
('000887', 438057),
('000888', 104811),
('000889', 842496),
('000890', 879085),
('000891', 30344),
('000892', 468044),
('000893', 223119),
('000894', 724779),
('000895', 491547),
('000896', 32645),
('000897', 863148),
('000898', 637578),
('000899', 840014),
('000900', 752695),
('000901', 270136),
('000902', 579850),
('000903', 434788),
('000904', 75345),
('000905', 231367),
('000906', 215929),
('000907', 862467),
('000908', 885047),
('000909', 302318),
('000910', 136469),
('000911', 806315),
('000912', 768077),
('000913', 886743),
('000914', 518142),
('000915', 799854),
('000916', 46131),
('000917', 868127),
('000918', 587819),
('000919', 511306),
('000920', 437443),
('000921', 640431),
('000922', 861548),
('000923', 209085),
('000924', 566602),
('000925', 756451),
('000926', 501985),
('000927', 823877),
('000928', 656233),
('000929', 304218),
('000930', 770557),
('000931', 759363),
('000932', 629132),
('000933', 53803),
('000934', 72711),
('000935', 368356),
('000936', 421831),
('000937', 463529),
('000938', 394309),
('000939', 220943),
('000940', 685126),
('000941', 237615),
('000942', 36813),
('000943', 695542),
('000944', 113775),
('000945', 179157),
('000946', 152724),
('000947', 52496),
('000948', 739376),
('000949', 405708),
('000950', 561405),
('000951', 227442),
('000952', 720120),
('000953', 272016),
('000954', 54062),
('000955', 437332),
('000956', 365386),
('000957', 102723),
('000958', 286306),
('000959', 9179),
('000960', 550271),
('000961', 16789),
('000962', 5858),
('000963', 229441),
('000964', 630494),
('000965', 825292),
('000966', 637435),
('000967', 875197),
('000968', 177681),
('000969', 767318),
('000970', 183091),
('000971', 451485),
('000972', 762376),
('000973', 472660),
('000974', 435027),
('000975', 751743),
('000976', 84145),
('000977', 58317),
('000978', 346063),
('000979', 647441),
('000980', 217876),
('000981', 257907),
('000982', 604868),
('000983', 239773),
('000984', 867147),
('000985', 622710),
('000986', 527321),
('000987', 543819),
('000988', 694458),
('000989', 218048),
('000990', 595328),
('000991', 541835),
('000992', 792605),
('000993', 472274),
('000994', 188824),
('000995', 308401),
('000996', 429451),
('000997', 407682),
('000998', 8933),
('000999', 577984),
('001000', 511939),
('001001', 633763),
('001002', 737989),
('001003', 362135),
('001004', 861332),
('001005', 859368),
('001006', 380054),
('001007', 875903),
('001008', 849918),
('001009', 689515),
('001010', 49613),
('001011', 142610),
('001012', 250780),
('001013', 513531),
('001014', 527583),
('001015', 276674),
('001016', 788026),
('001017', 613872),
('001018', 748662),
('001019', 417730),
('001020', 870767),
('001021', 775974),
('001022', 344129),
('001023', 503265),
('001024', 81335),
('001025', 285170),
('001026', 148916),
('001027', 516730),
('001028', 847541),
('001029', 798620),
('001030', 666884),
('001031', 563496),
('001032', 806567),
('001033', 136938),
('001034', 700099),
('001035', 455599),
('001036', 688452),
('001037', 626971),
('001038', 516329),
('001039', 625914),
('001040', 804644),
('001041', 814960),
('001042', 171758),
('001043', 752747),
('001044', 607297),
('001045', 744070),
('001046', 670569),
('001047', 697966),
('001048', 642181),
('001049', 425679),
('001050', 355535),
('001051', 883360),
('001052', 375638),
('001053', 65321),
('001054', 789908),
('001055', 632794),
('001056', 847941),
('001057', 758120),
('001058', 847597),
('001059', 536073),
('001060', 121057),
('001061', 387146),
('001062', 177361),
('001063', 208630),
('001064', 455454),
('001065', 564263),
('001066', 734801),
('001067', 626331),
('001068', 811567),
('001069', 167415),
('001070', 877184),
('001071', 489283),
('001072', 88543),
('001073', 276950),
('001074', 712585),
('001075', 255398),
('001076', 767847),
('001077', 83168),
('001078', 494731),
('001079', 707234),
('001080', 204401),
('001081', 638282),
('001082', 347834),
('001083', 602191),
('001084', 453209),
('001085', 119814),
('001086', 792881),
('001087', 88997),
('001088', 429783),
('001089', 12629),
('001090', 216891),
('001091', 891902),
('001092', 16626),
('001093', 74693),
('001094', 353237),
('001095', 515514),
('001096', 659613),
('001097', 865065),
('001098', 653133),
('001099', 247271),
('001100', 444620),
('001101', 728323),
('001102', 573930),
('001103', 372332),
('001104', 340709),
('001105', 846177),
('001106', 363624),
('001107', 311629),
('001108', 154991),
('001109', 781348),
('001110', 652521),
('001111', 94024),
('001112', 370678),
('001113', 243484),
('001114', 741714),
('001115', 520933),
('001116', 102230),
('001117', 678046),
('001118', 190704),
('001119', 624751),
('001120', 290168),
('001121', 726619),
('001122', 533761),
('001123', 482363),
('001124', 210232),
('001125', 350450),
('001126', 39089),
('001127', 317878),
('001128', 578573),
('001129', 622887),
('001130', 51028),
('001131', 805452),
('001132', 184414),
('001133', 47366),
('001134', 829449),
('001135', 560046),
('001136', 131163),
('001137', 892906),
('001138', 548112),
('001139', 833599),
('001140', 703880),
('001141', 176634),
('001142', 535097),
('001143', 420737),
('001144', 850834),
('001145', 787269),
('001146', 810694),
('001147', 524179),
('001148', 572866),
('001149', 724255),
('001150', 772992),
('001151', 496083),
('001152', 346387),
('001153', 453357),
('001154', 669579),
('001155', 83867),
('001156', 184687),
('001157', 788662),
('001158', 351969),
('001159', 286344),
('001160', 703485),
('001161', 243776),
('001162', 196086),
('001163', 629789),
('001164', 168470),
('001165', 203902),
('001166', 190007),
('001167', 91501),
('001168', 851440),
('001169', 178166),
('001170', 592404),
('001171', 876530),
('001172', 71948),
('001173', 272889),
('001174', 409801),
('001175', 59695),
('001176', 498008),
('001177', 803851),
('001178', 187396),
('001179', 69700),
('001180', 369773),
('001181', 214581),
('001182', 555093),
('001183', 491722),
('001184', 560727),
('001185', 191223),
('001186', 156994),
('001187', 815308),
('001188', 398608),
('001189', 613410),
('001190', 766065),
('001191', 405819),
('001192', 112917),
('001193', 267584),
('001194', 363609),
('001195', 640151),
('001196', 336299),
('001197', 567911),
('001198', 493123),
('001199', 652983),
('001200', 779187),
('001201', 808793),
('001202', 138129),
('001203', 751628),
('001204', 120825),
('001205', 157795),
('001206', 753760),
('001207', 151121),
('001208', 448956),
('001209', 307375),
('001210', 322906),
('001211', 315961),
('001212', 360859),
('001213', 13036),
('001214', 695815),
('001215', 762205),
('001216', 89108),
('001217', 586726),
('001218', 26467),
('001219', 79079),
('001220', 386208),
('001221', 360029),
('001222', 313893),
('001223', 72179),
('001224', 737082),
('001225', 398685),
('001226', 772166),
('001227', 87043),
('001228', 626478),
('001229', 667371),
('001230', 358461),
('001231', 64081),
('001232', 14358),
('001233', 145168),
('001234', 26062),
('001235', 110644),
('001236', 272118),
('001237', 72114),
('001238', 19200),
('001239', 375233),
('001240', 815354),
('001241', 556065),
('001242', 821269),
('001243', 447890),
('001244', 182857),
('001245', 14718),
('001246', 259889),
('001247', 722506),
('001248', 400625),
('001249', 807568),
('001250', 80040),
('001251', 379284),
('001252', 806090),
('001253', 377214),
('001254', 193443),
('001255', 605808),
('001256', 138709),
('001257', 506831),
('001258', 194802),
('001259', 190100),
('001260', 802012),
('001261', 554518),
('001262', 507744),
('001263', 34313),
('001264', 809409),
('001265', 124429),
('001266', 136279),
('001267', 101823),
('001268', 653498),
('001269', 224471),
('001270', 69114),
('001271', 231094),
('001272', 629243),
('001273', 449721),
('001274', 172854),
('001275', 828320),
('001276', 316306),
('001277', 177742),
('001278', 124643),
('001279', 131429),
('001280', 45609),
('001281', 688280),
('001282', 60936),
('001283', 393534),
('001284', 573046),
('001285', 714709),
('001286', 162087),
('001287', 623451),
('001288', 757183),
('001289', 108757),
('001290', 650432),
('001291', 349396),
('001292', 792228),
('001293', 751458),
('001294', 276692),
('001295', 242099),
('001296', 634679),
('001297', 506211),
('001298', 175679),
('001299', 583914),
('001300', 651708),
('001301', 237841),
('001302', 177151),
('001303', 143627),
('001304', 425345),
('001305', 858805),
('001306', 103538),
('001307', 5768),
('001308', 870116),
('001309', 200915),
('001310', 22335),
('001311', 725208),
('001312', 81367),
('001313', 189787),
('001314', 173977),
('001315', 364944),
('001316', 729325),
('001317', 65003),
('001318', 500020),
('001319', 675750),
('001320', 585776),
('001321', 136158),
('001322', 5924),
('001323', 456188),
('001324', 539759),
('001325', 670781),
('001326', 738617),
('001327', 344728),
('001328', 331365),
('001329', 716203),
('001330', 892433),
('001331', 474049),
('001332', 387066),
('001333', 692018),
('001334', 218899),
('001335', 645801),
('001336', 677024),
('001337', 208525),
('001338', 825555),
('001339', 26352),
('001340', 688919),
('001341', 245494),
('001342', 501405),
('001343', 769506),
('001344', 224237),
('001345', 817137),
('001346', 90834),
('001347', 431082),
('001348', 898336),
('001349', 642121),
('001350', 517473),
('001351', 143452),
('001352', 528252),
('001353', 559462),
('001354', 860337),
('001355', 101881),
('001356', 225662),
('001357', 298104),
('001358', 463588),
('001359', 94387),
('001360', 845496),
('001361', 44434),
('001362', 206883),
('001363', 505409),
('001364', 477745),
('001365', 773071),
('001366', 49041),
('001367', 477126),
('001368', 550432),
('001369', 261518),
('001370', 442625),
('001371', 180925),
('001372', 282401),
('001373', 503129),
('001374', 829492),
('001375', 611631),
('001376', 831610),
('001377', 116652),
('001378', 464603),
('001379', 790650),
('001380', 37598),
('001381', 816593),
('001382', 745261),
('001383', 128218),
('001384', 773205),
('001385', 503511),
('001386', 103641),
('001387', 768551),
('001388', 560201),
('001389', 579746),
('001390', 508875),
('001391', 582027),
('001392', 348404),
('001393', 658648),
('001394', 259896),
('001395', 123214),
('001396', 745738),
('001397', 830692),
('001398', 700165),
('001399', 782356),
('001400', 40279),
('001401', 619959),
('001402', 519955),
('001403', 30320),
('001404', 751980),
('001405', 801177),
('001406', 290493),
('001407', 835577),
('001408', 508822),
('001409', 492222),
('001410', 312459),
('001411', 379462),
('001412', 582360),
('001413', 666185),
('001414', 710354),
('001415', 320876),
('001416', 364775),
('001417', 130080),
('001418', 354803),
('001419', 295217),
('001420', 421818),
('001421', 247120),
('001422', 763491),
('001423', 450017),
('001424', 472471),
('001425', 759040),
('001426', 307458),
('001427', 500177),
('001428', 448579),
('001429', 584554),
('001430', 893489),
('001431', 829305),
('001432', 513762),
('001433', 648357),
('001434', 858346),
('001435', 17282),
('001436', 309633),
('001437', 612727),
('001438', 514667),
('001439', 351637),
('001440', 815620),
('001441', 432966),
('001442', 224281),
('001443', 470863),
('001444', 229293),
('001445', 607851),
('001446', 865203),
('001447', 260331),
('001448', 146389),
('001449', 819662),
('001450', 451613),
('001451', 7936),
('001452', 428793),
('001453', 553517),
('001454', 588491),
('001455', 734578),
('001456', 774466),
('001457', 184160),
('001458', 529478),
('001459', 24786),
('001460', 527064),
('001461', 656153),
('001462', 447097),
('001463', 280329),
('001464', 241257),
('001465', 22556),
('001466', 85398),
('001467', 608136),
('001468', 467507),
('001469', 507845),
('001470', 627754),
('001471', 220819),
('001472', 587237),
('001473', 542787),
('001474', 32613),
('001475', 786974),
('001476', 11767),
('001477', 441370),
('001478', 154249),
('001479', 767330),
('001480', 871790),
('001481', 87234),
('001482', 673954),
('001483', 22356),
('001484', 507668),
('001485', 719806),
('001486', 469144),
('001487', 813841),
('001488', 444475),
('001489', 132580),
('001490', 809659),
('001491', 365719),
('001492', 596457),
('001493', 870922),
('001494', 245358),
('001495', 770163),
('001496', 807332),
('001497', 355607),
('001498', 322394),
('001499', 487785),
('001500', 515124),
('001501', 761556),
('001502', 629386),
('001503', 653636),
('001504', 156068),
('001505', 7150),
('001506', 328589),
('001507', 322442),
('001508', 644556),
('001509', 487852),
('001510', 540929),
('001511', 737493),
('001512', 388880),
('001513', 493365),
('001514', 134117),
('001515', 270124),
('001516', 413692),
('001517', 235649),
('001518', 339569),
('001519', 595986),
('001520', 863840),
('001521', 174179),
('001522', 581421),
('001523', 408309),
('001524', 802319),
('001525', 40803),
('001526', 718534),
('001527', 163257),
('001528', 870102),
('001529', 40598),
('001530', 62774),
('001531', 294418),
('001532', 307918),
('001533', 289301),
('001534', 599705),
('001535', 326329),
('001536', 35314),
('001537', 650394),
('001538', 626796),
('001539', 309087),
('001540', 711698),
('001541', 418661),
('001542', 624825),
('001543', 538318),
('001544', 776897),
('001545', 372882),
('001546', 745780),
('001547', 608618),
('001548', 501223),
('001549', 185442),
('001550', 501515),
('001551', 609886),
('001552', 699052),
('001553', 792094),
('001554', 732995),
('001555', 832908),
('001556', 740481),
('001557', 884678),
('001558', 680702),
('001559', 75740),
('001560', 400818),
('001561', 5998),
('001562', 302939),
('001563', 454898),
('001564', 286440),
('001565', 188423),
('001566', 803024),
('001567', 78339),
('001568', 372617),
('001569', 87352),
('001570', 525073),
('001571', 812106),
('001572', 29534),
('001573', 273149),
('001574', 516735),
('001575', 676073),
('001576', 205473),
('001577', 455216),
('001578', 256295),
('001579', 337374),
('001580', 687528),
('001581', 398976),
('001582', 126791),
('001583', 500229),
('001584', 600692),
('001585', 670387),
('001586', 848512),
('001587', 245114),
('001588', 721926),
('001589', 449839),
('001590', 234127),
('001591', 334371),
('001592', 123840),
('001593', 68816),
('001594', 480136),
('001595', 267523),
('001596', 733283),
('001597', 452173),
('001598', 705124),
('001599', 29864),
('001600', 843157),
('001601', 426144),
('001602', 181991),
('001603', 18385),
('001604', 190522),
('001605', 757908),
('001606', 425057),
('001607', 633904),
('001608', 346042),
('001609', 708074),
('001610', 474371),
('001611', 451281),
('001612', 194342),
('001613', 76183),
('001614', 516829),
('001615', 586945),
('001616', 634194),
('001617', 145941),
('001618', 687903),
('001619', 504769),
('001620', 378441),
('001621', 95310),
('001622', 105002),
('001623', 573252),
('001624', 714543),
('001625', 842175),
('001626', 161716),
('001627', 399036),
('001628', 658598),
('001629', 826608),
('001630', 873701),
('001631', 2594),
('001632', 328602),
('001633', 499036),
('001634', 723559),
('001635', 339752),
('001636', 111003),
('001637', 599680),
('001638', 454651),
('001639', 606720),
('001640', 885707),
('001641', 790232),
('001642', 599083),
('001643', 767705),
('001644', 130732),
('001645', 873670),
('001646', 691779),
('001647', 110847),
('001648', 586496),
('001649', 477656),
('001650', 247149),
('001651', 124974),
('001652', 636703),
('001653', 685475),
('001654', 851077),
('001655', 104115),
('001656', 557357),
('001657', 702493),
('001658', 168786),
('001659', 532555),
('001660', 813376),
('001661', 845627),
('001662', 825947),
('001663', 610848),
('001664', 273256),
('001665', 324683),
('001666', 13704),
('001667', 872331),
('001668', 727910),
('001669', 774344),
('001670', 38857),
('001671', 415916),
('001672', 853987),
('001673', 439456),
('001674', 91522),
('001675', 757639),
('001676', 643655),
('001677', 256449),
('001678', 117755),
('001679', 251648),
('001680', 599575),
('001681', 863414),
('001682', 404502),
('001683', 162187),
('001684', 846463),
('001685', 88323),
('001686', 818386),
('001687', 238366),
('001688', 250461),
('001689', 673970),
('001690', 96357),
('001691', 667878),
('001692', 237604),
('001693', 388480),
('001694', 359468),
('001695', 744738),
('001696', 527296),
('001697', 890582),
('001698', 897022),
('001699', 698264),
('001700', 33886),
('001701', 870451),
('001702', 637861),
('001703', 537787),
('001704', 527730),
('001705', 700582),
('001706', 240952),
('001707', 584209),
('001708', 204659),
('001709', 540644),
('001710', 170468),
('001711', 638597),
('001712', 820161),
('001713', 575027),
('001714', 804628),
('001715', 500544),
('001716', 31497),
('001717', 230336),
('001718', 46873),
('001719', 250297),
('001720', 647696),
('001721', 386327),
('001722', 659510),
('001723', 120999),
('001724', 373489),
('001725', 735690),
('001726', 8282),
('001727', 677888),
('001728', 97993),
('001729', 104592),
('001730', 350546),
('001731', 539095),
('001732', 513359),
('001733', 658254),
('001734', 248376),
('001735', 787627),
('001736', 723963),
('001737', 264646),
('001738', 266885),
('001739', 810122),
('001740', 376916),
('001741', 356064),
('001742', 566750),
('001743', 511515),
('001744', 779044),
('001745', 456795),
('001746', 196644),
('001747', 246415),
('001748', 23972),
('001749', 123881),
('001750', 659774),
('001751', 481601),
('001752', 124571),
('001753', 844799),
('001754', 383075),
('001755', 649602),
('001756', 692966),
('001757', 593605),
('001758', 234365),
('001759', 523331),
('001760', 772531),
('001761', 110629),
('001762', 538441),
('001763', 292249),
('001764', 805546),
('001765', 618550),
('001766', 285485),
('001767', 761855),
('001768', 896295),
('001769', 338669),
('001770', 430098),
('001771', 84931),
('001772', 323608),
('001773', 804043),
('001774', 480552),
('001775', 215625),
('001776', 267093),
('001777', 814201),
('001778', 311872),
('001779', 624055),
('001780', 423800),
('001781', 463074),
('001782', 665527),
('001783', 418449),
('001784', 67415),
('001785', 853861),
('001786', 405634),
('001787', 308026),
('001788', 183759),
('001789', 353473),
('001790', 21810),
('001791', 121751),
('001792', 304092),
('001793', 371340),
('001794', 332637),
('001795', 209475),
('001796', 276262),
('001797', 826345),
('001798', 507024),
('001799', 259653),
('001800', 62268),
('001801', 778872),
('001802', 8719),
('001803', 39780),
('001804', 520765),
('001805', 476786),
('001806', 126771),
('001807', 334507),
('001808', 557698),
('001809', 677670),
('001810', 162105),
('001811', 18114),
('001812', 114020),
('001813', 710200),
('001814', 541322),
('001815', 588753),
('001816', 770208),
('001817', 13113),
('001818', 271932),
('001819', 114310),
('001820', 163766),
('001821', 591068),
('001822', 105792),
('001823', 465147),
('001824', 289545),
('001825', 711487),
('001826', 64772),
('001827', 388128),
('001828', 221339),
('001829', 373032),
('001830', 397452),
('001831', 657495),
('001832', 235522),
('001833', 631891),
('001834', 817195),
('001835', 20819),
('001836', 76457),
('001837', 631044),
('001838', 284625),
('001839', 603461),
('001840', 382801),
('001841', 480573),
('001842', 560870),
('001843', 597619),
('001844', 431998),
('001845', 716368),
('001846', 24088),
('001847', 20692),
('001848', 538249),
('001849', 452158),
('001850', 142191),
('001851', 42202),
('001852', 130164),
('001853', 654344),
('001854', 64074),
('001855', 325715),
('001856', 270088),
('001857', 20342),
('001858', 183764),
('001859', 257306),
('001860', 816331),
('001861', 605017),
('001862', 196000),
('001863', 45242),
('001864', 883667),
('001865', 401743),
('001866', 258776),
('001867', 307175),
('001868', 287261),
('001869', 57544),
('001870', 79076),
('001871', 159176),
('001872', 373162),
('001873', 485873),
('001874', 110603),
('001875', 837802),
('001876', 797002),
('001877', 16991),
('001878', 82550),
('001879', 706149),
('001880', 275238),
('001881', 547062),
('001882', 395292),
('001883', 659427),
('001884', 670981),
('001885', 543582),
('001886', 615399),
('001887', 747640),
('001888', 595296),
('001889', 20232),
('001890', 310823),
('001891', 874876),
('001892', 68342),
('001893', 454997),
('001894', 244076),
('001895', 626069),
('001896', 447748),
('001897', 322467),
('001898', 651180),
('001899', 823804),
('001900', 862501),
('001901', 322286),
('001902', 513125),
('001903', 405501),
('001904', 876054),
('001905', 808818),
('001906', 581183),
('001907', 296206),
('001908', 485364),
('001909', 329320),
('001910', 520528),
('001911', 746492),
('001912', 760678),
('001913', 190924),
('001914', 533003),
('001915', 770737),
('001916', 564564),
('001917', 551305),
('001918', 508246),
('001919', 586038),
('001920', 233355),
('001921', 876575),
('001922', 592298),
('001923', 107933),
('001924', 810291),
('001925', 438061),
('001926', 889328),
('001927', 320443),
('001928', 833782),
('001929', 594844),
('001930', 479872),
('001931', 9207),
('001932', 356449),
('001933', 840909),
('001934', 561651),
('001935', 715647),
('001936', 444121),
('001937', 754977),
('001938', 869355),
('001939', 184479),
('001940', 823822),
('001941', 86831),
('001942', 367179),
('001943', 595296),
('001944', 140498),
('001945', 184107),
('001946', 689440),
('001947', 724499),
('001948', 151839),
('001949', 368464),
('001950', 512949),
('001951', 504863),
('001952', 802301),
('001953', 895976),
('001954', 198177),
('001955', 319705),
('001956', 548562),
('001957', 365267),
('001958', 329861),
('001959', 861701),
('001960', 223359),
('001961', 668560),
('001962', 213532),
('001963', 304935),
('001964', 542568),
('001965', 679008),
('001966', 65701),
('001967', 25834),
('001968', 669560),
('001969', 881096),
('001970', 400705),
('001971', 561624),
('001972', 843035),
('001973', 9342),
('001974', 457433),
('001975', 278859),
('001976', 26174),
('001977', 313567),
('001978', 65366),
('001979', 228064),
('001980', 761110),
('001981', 9032),
('001982', 429303),
('001983', 337298),
('001984', 561642),
('001985', 804601),
('001986', 266639),
('001987', 218340),
('001988', 492566),
('001989', 440622),
('001990', 312458),
('001991', 289732),
('001992', 871749),
('001993', 304161),
('001994', 894152),
('001995', 495208),
('001996', 260982),
('001997', 377889),
('001998', 355277),
('001999', 664519),
('002000', 458723),
('002001', 189161),
('002002', 884826),
('002003', 356380),
('002004', 482388),
('002005', 53720),
('002006', 358838),
('002007', 21587),
('002008', 336085),
('002009', 419846),
('002010', 867081),
('002011', 681101),
('002012', 560666),
('002013', 489677),
('002014', 697473),
('002015', 470244),
('002016', 147831),
('002017', 539259),
('002018', 47437),
('002019', 792863),
('002020', 852108),
('002021', 61965),
('002022', 239947),
('002023', 758322),
('002024', 315510),
('002025', 649474),
('002026', 335713),
('002027', 852381),
('002028', 834173),
('002029', 411828),
('002030', 186473),
('002031', 332109),
('002032', 489786),
('002033', 358449),
('002034', 488539),
('002035', 740168),
('002036', 162067),
('002037', 623011),
('002038', 100902),
('002039', 492705),
('002040', 440813),
('002041', 562139),
('002042', 829388),
('002043', 856401),
('002044', 707162),
('002045', 397130),
('002046', 699188),
('002047', 670638),
('002048', 444131),
('002049', 630717),
('002050', 157678),
('002051', 740238),
('002052', 516994),
('002053', 762067),
('002054', 157153),
('002055', 401110),
('002056', 867016),
('002057', 477218),
('002058', 898050),
('002059', 130550),
('002060', 625524),
('002061', 581018),
('002062', 253136),
('002063', 224477),
('002064', 83937),
('002065', 753205),
('002066', 265495),
('002067', 758498),
('002068', 451921),
('002069', 687598),
('002070', 1317),
('002071', 503551),
('002072', 745597),
('002073', 267239),
('002074', 834446),
('002075', 52818),
('002076', 838570),
('002077', 191731),
('002078', 350911),
('002079', 292672),
('002080', 451246),
('002081', 830577),
('002082', 884039),
('002083', 143094),
('002084', 613838),
('002085', 549712),
('002086', 667076),
('002087', 571106),
('002088', 635860),
('002089', 526800),
('002090', 450641),
('002091', 381443),
('002092', 712154),
('002093', 638000),
('002094', 653547),
('002095', 503482),
('002096', 444821),
('002097', 806912),
('002098', 590146),
('002099', 574519),
('002100', 55755),
('002101', 160006),
('002102', 279496),
('002103', 841649),
('002104', 844698),
('002105', 517841),
('002106', 292714),
('002107', 859366),
('002108', 343796),
('002109', 737033),
('002110', 383339),
('002111', 184295),
('002112', 696977),
('002113', 78241),
('002114', 458520),
('002115', 287142),
('002116', 226574),
('002117', 653611),
('002118', 850076),
('002119', 499379),
('002120', 261096),
('002121', 723365),
('002122', 670964),
('002123', 700383),
('002124', 481416),
('002125', 556167),
('002126', 9459),
('002127', 45441),
('002128', 193860),
('002129', 689386),
('002130', 269435),
('002131', 706781),
('002132', 509870),
('002133', 3520),
('002134', 753825),
('002135', 843099),
('002136', 665110),
('002137', 834864),
('002138', 540765),
('002139', 209283),
('002140', 497332),
('002141', 328543),
('002142', 129822),
('002143', 54446),
('002144', 690465),
('002145', 702095),
('002146', 33521),
('002147', 220955),
('002148', 673144),
('002149', 567623),
('002150', 53975),
('002151', 111918),
('002152', 671637),
('002153', 632837),
('002154', 544311),
('002155', 260351),
('002156', 76685),
('002157', 328588),
('002158', 185536),
('002159', 334915),
('002160', 192093),
('002161', 894168),
('002162', 226204),
('002163', 529057),
('002164', 10075),
('002165', 353467),
('002166', 280327),
('002167', 419270),
('002168', 191165),
('002169', 763546),
('002170', 226357),
('002171', 79302),
('002172', 562483),
('002173', 838577),
('002174', 837017),
('002175', 520068),
('002176', 351822),
('002177', 147430),
('002178', 311046),
('002179', 401881),
('002180', 667249),
('002181', 617508),
('002182', 9923),
('002183', 659948),
('002184', 358684),
('002185', 508548),
('002186', 773227),
('002187', 475678),
('002188', 751185),
('002189', 256006),
('002190', 610115),
('002191', 238062),
('002192', 443829),
('002193', 473922),
('002194', 676765),
('002195', 87122),
('002196', 647441),
('002197', 423952),
('002198', 60610),
('002199', 546397),
('002200', 773229),
('002201', 307894),
('002202', 706812),
('002203', 730879),
('002204', 414627),
('002205', 295631),
('002206', 409783),
('002207', 881299),
('002208', 842780),
('002209', 385778),
('002210', 507729),
('002211', 313551),
('002212', 96707),
('002213', 284933),
('002214', 136135),
('002215', 594005),
('002216', 365353),
('002217', 432227),
('002218', 730978),
('002219', 869651),
('002220', 523210),
('002221', 882896),
('002222', 257803),
('002223', 836930),
('002224', 42897),
('002225', 397964),
('002226', 850843),
('002227', 686488),
('002228', 349750),
('002229', 496557),
('002230', 34499),
('002231', 12613),
('002232', 657748),
('002233', 235018),
('002234', 787947),
('002235', 15859),
('002236', 403779),
('002237', 278994),
('002238', 224129),
('002239', 238034),
('002240', 132973),
('002241', 615714),
('002242', 588348),
('002243', 765788),
('002244', 437465),
('002245', 734846),
('002246', 656730),
('002247', 307425),
('002248', 72913),
('002249', 462971),
('002250', 497874),
('002251', 135877),
('002252', 297372),
('002253', 814522),
('002254', 388647),
('002255', 624955),
('002256', 554949),
('002257', 705952),
('002258', 281158),
('002259', 379310),
('002260', 173839),
('002261', 703943),
('002262', 529101),
('002263', 103325),
('002264', 420683),
('002265', 330270),
('002266', 627892),
('002267', 579223),
('002268', 815403),
('002269', 528476),
('002270', 142449),
('002271', 734553),
('002272', 489626),
('002273', 273981),
('002274', 692490),
('002275', 539727),
('002276', 188486),
('002277', 783542),
('002278', 339407),
('002279', 451770),
('002280', 520283),
('002281', 250118),
('002282', 406429),
('002283', 380651),
('002284', 254469),
('002285', 268204),
('002286', 379254),
('002287', 411332),
('002288', 83722),
('002289', 586727),
('002290', 20636),
('002291', 630988),
('002292', 10014),
('002293', 826826),
('002294', 351363),
('002295', 330862),
('002296', 138139),
('002297', 380399),
('002298', 507440),
('002299', 685240),
('002300', 705642),
('002301', 110668),
('002302', 443955),
('002303', 147339),
('002304', 223728),
('002305', 537777),
('002306', 174908),
('002307', 103355),
('002308', 797559),
('002309', 660670),
('002310', 733518),
('002311', 735630),
('002312', 821781),
('002313', 40504),
('002314', 477898),
('002315', 73884),
('002316', 100159),
('002317', 567217),
('002318', 834306),
('002319', 885093),
('002320', 548401),
('002321', 445690),
('002322', 442990),
('002323', 318594),
('002324', 512127),
('002325', 483427),
('002326', 804646),
('002327', 263851),
('002328', 469211),
('002329', 638519),
('002330', 255595),
('002331', 745788),
('002332', 274061),
('002333', 260403),
('002334', 372020),
('002335', 191051),
('002336', 761698),
('002337', 32643),
('002338', 710536),
('002339', 391711),
('002340', 68189),
('002341', 170662),
('002342', 474233),
('002343', 189922),
('002344', 338012),
('002345', 296937),
('002346', 574702),
('002347', 558589),
('002348', 558764),
('002349', 815680),
('002350', 55593),
('002351', 860358),
('002352', 223183),
('002353', 147442),
('002354', 852946),
('002355', 679982),
('002356', 179083),
('002357', 607283),
('002358', 346759),
('002359', 750517),
('002360', 218721),
('002361', 672267),
('002362', 635125),
('002363', 775509),
('002364', 763500),
('002365', 577364),
('002366', 854404),
('002367', 32558),
('002368', 868413),
('002369', 525315),
('002370', 351716),
('002371', 462388),
('002372', 705967),
('002373', 107311),
('002374', 471518),
('002375', 82808),
('002376', 89213),
('002377', 145863),
('002378', 367870),
('002379', 224449),
('002380', 583203),
('002381', 830530),
('002382', 238487),
('002383', 440439),
('002384', 469528),
('002385', 420121),
('002386', 266533),
('002387', 477859),
('002388', 589337),
('002389', 644001),
('002390', 43493),
('002391', 103666),
('002392', 168449),
('002393', 689720),
('002394', 798877),
('002395', 500296),
('002396', 32519),
('002397', 42620),
('002398', 352357),
('002399', 274370),
('002400', 325145),
('002401', 794423),
('002402', 731167),
('002403', 226670),
('002404', 398675),
('002405', 555772),
('002406', 580194),
('002407', 527593),
('002408', 575551),
('002409', 769467),
('002410', 172487),
('002411', 157077),
('002412', 336501),
('002413', 561276),
('002414', 687738),
('002415', 820795),
('002416', 556306),
('002417', 469461),
('002418', 793056),
('002419', 654832),
('002420', 643171),
('002421', 232192),
('002422', 494471),
('002423', 653256),
('002424', 765840),
('002425', 335558),
('002426', 785428),
('002427', 300715),
('002428', 43594),
('002429', 365213),
('002430', 862812),
('002431', 694734),
('002432', 420209),
('002433', 245558),
('002434', 228102),
('002435', 101009),
('002436', 792802),
('002437', 212728),
('002438', 278318),
('002439', 357919),
('002440', 682618),
('002441', 664774),
('002442', 512393),
('002443', 116337),
('002444', 606293),
('002445', 470768),
('002446', 151210),
('002447', 207088),
('002448', 234034),
('002449', 192178),
('002450', 147612),
('002451', 230397),
('002452', 384802),
('002453', 486677),
('002454', 871503),
('002455', 302217),
('002456', 105432),
('002457', 694360),
('002458', 378092),
('002459', 681722),
('002460', 94491),
('002461', 319383),
('002462', 793257),
('002463', 840397),
('002464', 574594),
('002465', 638690),
('002466', 327446),
('002467', 727865),
('002468', 721356),
('002469', 113224),
('002470', 637782),
('002471', 652588),
('002472', 463872),
('002473', 780644),
('002474', 31445),
('002475', 24769),
('002476', 540870),
('002477', 814642),
('002478', 581959),
('002479', 54933),
('002480', 95356),
('002481', 555853),
('002482', 608400),
('002483', 120434),
('002484', 813618),
('002485', 342699),
('002486', 93967),
('002487', 704202),
('002488', 692220),
('002489', 384169),
('002490', 275573),
('002491', 897671),
('002492', 865098),
('002493', 57395),
('002494', 504153),
('002495', 609732),
('002496', 355775),
('002497', 708712),
('002498', 598388),
('002499', 92838),
('002500', 118218);

-- 2. 고객잔고 (20개 종목 + 예수금 포함)
INSERT INTO customer_balance (account_number, stock_code, stock_name, quantity, purchase_amount, deposit_amount) VALUES
('99911122222', '000001', '삼성전자', 500, 37219256.00, 45646820.00),
('99911122222', '000002', 'SK하이닉스', 150, 58066337.00, 33515879.00),
('99911122222', '000003', 'NAVER', 80, 73099920.00, 33021358.00),
('99911122222', '000004', 'LG화학', 45, 74227717.00, 14431465.00),
('99911122222', '000005', '삼성바이오로직스', 25, 20580595.00, 15355368.00),
('99911122222', '000006', 'POSCO홀딩스', 120, 53452249.00, 41578424.00),
('99911122222', '000007', '기아', 200, 19440562.00, 20738272.00),
('99911122222', '000008', '카카오', 180, 22557345.00, 15811722.00),
('99911122222', '000009', 'KB금융', 220, 79765572.00, 14454141.00),
('99911122222', '000010', '신한지주', 300, 12027770.00, 30646730.00),
('99911122222', '000011', 'SK이노베이션', 85, 44263800.00, 12153697.00),
('99911122222', '000012', 'SK텔레콤', 160, 64386554.00, 14648379.00),
('99911122222', '000013', 'LG전자', 90, 3910748.00, 25266791.00),
('99911122222', '000014', '삼성전기', 130, 77386172.00, 45505283.00),
('99911122222', '000015', '엔씨소프트', 75, 27807391.00, 44200714.00),
('99911122222', '000016', '카카오뱅크', 400, 45678096.00, 17941795.00),
('99911122222', '000017', '하나금융지주', 110, 58891788.00, 11015889.00),
('99911122222', '000018', '셀트리온', 95, 46620267.00, 22306716.00),
('99911122222', '000019', 'LG에너지솔루션', 60, 64906734.00, 28872452.00),
('99911122222', '000020', '에코프로비엠', 140, 69824430.00, 27397719.00);

-- 3. 매매내역 (930건 - 순차적 고유 PK)
INSERT INTO trading_history (account_number, trading_date, order_number, execution_number, stock_code, buy_sell_code, order_quantity, order_amount) VALUES
('99911122222', '20240620', 'ORD000001', 'EXE000001', '000001', '1', 64, 23570930.00),
('99911122222', '20240107', 'ORD000002', 'EXE000002', '000002', '2', 23, 18900307.00),
('99911122222', '20240716', 'ORD000003', 'EXE000003', '000003', '2', 87, 38439438.00),
('99911122222', '20240329', 'ORD000004', 'EXE000004', '000004', '1', 60, 38599847.00),
('99911122222', '20240830', 'ORD000005', 'EXE000005', '000005', '1', 11, 14345805.00),
('99911122222', '20240630', 'ORD000006', 'EXE000006', '000006', '1', 10, 3325844.00),
('99911122222', '20240702', 'ORD000007', 'EXE000007', '000007', '1', 44, 43643333.00),
('99911122222', '20240620', 'ORD000008', 'EXE000008', '000008', '2', 81, 35574448.00),
('99911122222', '20240827', 'ORD000009', 'EXE000009', '000009', '1', 35, 22989676.00),
('99911122222', '20240818', 'ORD000010', 'EXE000010', '000010', '1', 21, 31328423.00),
('99911122222', '20240617', 'ORD000011', 'EXE000011', '000011', '2', 33, 4105541.00),
('99911122222', '20240316', 'ORD000012', 'EXE000012', '000012', '2', 50, 43709842.00),
('99911122222', '20240117', 'ORD000013', 'EXE000013', '000013', '1', 35, 5349838.00),
('99911122222', '20240425', 'ORD000014', 'EXE000014', '000014', '1', 31, 37834965.00),
('99911122222', '20240214', 'ORD000015', 'EXE000015', '000015', '1', 41, 30680976.00),
('99911122222', '20240312', 'ORD000016', 'EXE000016', '000016', '2', 66, 48822453.00),
('99911122222', '20240904', 'ORD000017', 'EXE000017', '000017', '1', 74, 32021054.00),
('99911122222', '20240303', 'ORD000018', 'EXE000018', '000018', '1', 73, 880243.00),
('99911122222', '20240108', 'ORD000019', 'EXE000019', '000019', '2', 35, 13459028.00),
('99911122222', '20240427', 'ORD000020', 'EXE000020', '000020', '2', 18, 27266370.00),
('99911122222', '20240422', 'ORD000021', 'EXE000021', '000001', '1', 20, 5900386.00),
('99911122222', '20240808', 'ORD000022', 'EXE000022', '000002', '1', 45, 31707720.00),
('99911122222', '20240106', 'ORD000023', 'EXE000023', '000003', '2', 18, 39085694.00),
('99911122222', '20240803', 'ORD000024', 'EXE000024', '000004', '1', 84, 38947642.00),
('99911122222', '20240902', 'ORD000025', 'EXE000025', '000005', '1', 27, 18127032.00),
('99911122222', '20240503', 'ORD000026', 'EXE000026', '000006', '2', 66, 18283543.00),
('99911122222', '20240530', 'ORD000027', 'EXE000027', '000007', '1', 11, 16731346.00),
('99911122222', '20240417', 'ORD000028', 'EXE000028', '000008', '2', 54, 43002054.00),
('99911122222', '20240206', 'ORD000029', 'EXE000029', '000009', '2', 7, 9916723.00),
('99911122222', '20240612', 'ORD000030', 'EXE000030', '000010', '1', 100, 5845619.00),
('99911122222', '20241004', 'ORD000031', 'EXE000031', '000011', '2', 33, 25302394.00),
('99911122222', '20240131', 'ORD000032', 'EXE000032', '000012', '2', 62, 12688371.00),
('99911122222', '20240504', 'ORD000033', 'EXE000033', '000013', '2', 46, 40165574.00),
('99911122222', '20240524', 'ORD000034', 'EXE000034', '000014', '2', 46, 22407855.00),
('99911122222', '20240104', 'ORD000035', 'EXE000035', '000015', '2', 63, 31666576.00),
('99911122222', '20240115', 'ORD000036', 'EXE000036', '000016', '1', 29, 22949362.00),
('99911122222', '20240601', 'ORD000037', 'EXE000037', '000017', '1', 42, 11492296.00),
('99911122222', '20240709', 'ORD000038', 'EXE000038', '000018', '1', 25, 15963950.00),
('99911122222', '20241017', 'ORD000039', 'EXE000039', '000019', '1', 62, 7522721.00),
('99911122222', '20240911', 'ORD000040', 'EXE000040', '000020', '2', 14, 9890147.00),
('99911122222', '20240205', 'ORD000041', 'EXE000041', '000001', '2', 39, 8866955.00),
('99911122222', '20240412', 'ORD000042', 'EXE000042', '000002', '2', 50, 26085057.00),
('99911122222', '20240729', 'ORD000043', 'EXE000043', '000003', '1', 14, 36650523.00),
('99911122222', '20240815', 'ORD000044', 'EXE000044', '000004', '2', 45, 44028388.00),
('99911122222', '20240620', 'ORD000045', 'EXE000045', '000005', '2', 63, 13494287.00),
('99911122222', '20240722', 'ORD000046', 'EXE000046', '000006', '1', 77, 23639597.00),
('99911122222', '20240816', 'ORD000047', 'EXE000047', '000007', '1', 58, 15333037.00),
('99911122222', '20240125', 'ORD000048', 'EXE000048', '000008', '1', 85, 46622537.00),
('99911122222', '20241023', 'ORD000049', 'EXE000049', '000009', '1', 50, 2789179.00),
('99911122222', '20240123', 'ORD000050', 'EXE000050', '000010', '2', 74, 910481.00),
('99911122222', '20240731', 'ORD000051', 'EXE000051', '000011', '2', 21, 32949567.00),
('99911122222', '20240824', 'ORD000052', 'EXE000052', '000012', '1', 6, 10692215.00),
('99911122222', '20240606', 'ORD000053', 'EXE000053', '000013', '2', 72, 26138614.00),
('99911122222', '20240406', 'ORD000054', 'EXE000054', '000014', '2', 12, 47855650.00),
('99911122222', '20240816', 'ORD000055', 'EXE000055', '000015', '1', 94, 28963913.00),
('99911122222', '20240329', 'ORD000056', 'EXE000056', '000016', '1', 31, 32364426.00),
('99911122222', '20240816', 'ORD000057', 'EXE000057', '000017', '1', 26, 42414630.00),
('99911122222', '20240827', 'ORD000058', 'EXE000058', '000018', '2', 84, 8424586.00),
('99911122222', '20240529', 'ORD000059', 'EXE000059', '000019', '2', 35, 47746339.00),
('99911122222', '20240528', 'ORD000060', 'EXE000060', '000020', '2', 21, 37193569.00),
('99911122222', '20240504', 'ORD000061', 'EXE000061', '000001', '1', 56, 9642577.00),
('99911122222', '20240615', 'ORD000062', 'EXE000062', '000002', '1', 76, 1409881.00),
('99911122222', '20240129', 'ORD000063', 'EXE000063', '000003', '2', 81, 36135660.00),
('99911122222', '20240710', 'ORD000064', 'EXE000064', '000004', '1', 60, 41245587.00),
('99911122222', '20240205', 'ORD000065', 'EXE000065', '000005', '1', 78, 20055512.00),
('99911122222', '20240718', 'ORD000066', 'EXE000066', '000006', '1', 37, 12476303.00),
('99911122222', '20240906', 'ORD000067', 'EXE000067', '000007', '1', 62, 9370001.00),
('99911122222', '20240924', 'ORD000068', 'EXE000068', '000008', '1', 68, 38765088.00),
('99911122222', '20240307', 'ORD000069', 'EXE000069', '000009', '1', 54, 26345217.00),
('99911122222', '20240822', 'ORD000070', 'EXE000070', '000010', '2', 79, 22091803.00),
('99911122222', '20241020', 'ORD000071', 'EXE000071', '000011', '2', 32, 11099633.00),
('99911122222', '20240714', 'ORD000072', 'EXE000072', '000012', '2', 70, 36291541.00),
('99911122222', '20240710', 'ORD000073', 'EXE000073', '000013', '1', 4, 44774996.00),
('99911122222', '20240506', 'ORD000074', 'EXE000074', '000014', '2', 51, 17143958.00),
('99911122222', '20240311', 'ORD000075', 'EXE000075', '000015', '2', 20, 18485613.00),
('99911122222', '20240103', 'ORD000076', 'EXE000076', '000016', '2', 32, 26323610.00),
('99911122222', '20240305', 'ORD000077', 'EXE000077', '000017', '1', 91, 13826075.00),
('99911122222', '20240828', 'ORD000078', 'EXE000078', '000018', '2', 58, 28606011.00),
('99911122222', '20240205', 'ORD000079', 'EXE000079', '000019', '1', 40, 36656871.00),
('99911122222', '20240509', 'ORD000080', 'EXE000080', '000020', '2', 80, 6185299.00),
('99911122222', '20240602', 'ORD000081', 'EXE000081', '000001', '1', 86, 36621999.00),
('99911122222', '20240115', 'ORD000082', 'EXE000082', '000002', '1', 66, 8053666.00),
('99911122222', '20240223', 'ORD000083', 'EXE000083', '000003', '1', 93, 25417846.00),
('99911122222', '20240906', 'ORD000084', 'EXE000084', '000004', '2', 91, 28448945.00),
('99911122222', '20240121', 'ORD000085', 'EXE000085', '000005', '2', 64, 27301644.00),
('99911122222', '20240228', 'ORD000086', 'EXE000086', '000006', '2', 96, 20464885.00),
('99911122222', '20240214', 'ORD000087', 'EXE000087', '000007', '1', 61, 22272342.00),
('99911122222', '20240215', 'ORD000088', 'EXE000088', '000008', '2', 12, 37137431.00),
('99911122222', '20240131', 'ORD000089', 'EXE000089', '000009', '1', 5, 43108113.00),
('99911122222', '20240916', 'ORD000090', 'EXE000090', '000010', '2', 12, 27941892.00),
('99911122222', '20240701', 'ORD000091', 'EXE000091', '000011', '1', 37, 9116408.00),
('99911122222', '20240315', 'ORD000092', 'EXE000092', '000012', '2', 54, 22616360.00),
('99911122222', '20240428', 'ORD000093', 'EXE000093', '000013', '1', 7, 1794144.00),
('99911122222', '20240617', 'ORD000094', 'EXE000094', '000014', '2', 21, 29165964.00),
('99911122222', '20240303', 'ORD000095', 'EXE000095', '000015', '2', 82, 26821032.00),
('99911122222', '20240910', 'ORD000096', 'EXE000096', '000016', '1', 6, 1030280.00),
('99911122222', '20240116', 'ORD000097', 'EXE000097', '000017', '1', 77, 12896967.00),
('99911122222', '20241020', 'ORD000098', 'EXE000098', '000018', '2', 85, 29621459.00),
('99911122222', '20240609', 'ORD000099', 'EXE000099', '000019', '2', 87, 18129330.00),
('99911122222', '20240717', 'ORD000100', 'EXE000100', '000020', '1', 50, 24859349.00),
('99911122222', '20240319', 'ORD000101', 'EXE000101', '000001', '1', 31, 25887700.00),
('99911122222', '20240719', 'ORD000102', 'EXE000102', '000002', '2', 40, 24529575.00),
('99911122222', '20240730', 'ORD000103', 'EXE000103', '000003', '2', 78, 7895787.00),
('99911122222', '20240825', 'ORD000104', 'EXE000104', '000004', '2', 16, 17093297.00),
('99911122222', '20240829', 'ORD000105', 'EXE000105', '000005', '2', 100, 27321579.00),
('99911122222', '20240426', 'ORD000106', 'EXE000106', '000006', '1', 13, 15948547.00),
('99911122222', '20240801', 'ORD000107', 'EXE000107', '000007', '2', 87, 19618506.00),
('99911122222', '20240528', 'ORD000108', 'EXE000108', '000008', '1', 7, 49029067.00),
('99911122222', '20240529', 'ORD000109', 'EXE000109', '000009', '2', 88, 40443231.00),
('99911122222', '20240629', 'ORD000110', 'EXE000110', '000010', '2', 21, 36809258.00),
('99911122222', '20240105', 'ORD000111', 'EXE000111', '000011', '1', 51, 2035489.00),
('99911122222', '20241004', 'ORD000112', 'EXE000112', '000012', '2', 96, 10796928.00),
('99911122222', '20240331', 'ORD000113', 'EXE000113', '000013', '2', 63, 27214270.00),
('99911122222', '20240609', 'ORD000114', 'EXE000114', '000014', '2', 23, 13545834.00),
('99911122222', '20240905', 'ORD000115', 'EXE000115', '000015', '1', 86, 43889201.00),
('99911122222', '20240204', 'ORD000116', 'EXE000116', '000016', '2', 76, 4212988.00),
('99911122222', '20240123', 'ORD000117', 'EXE000117', '000017', '2', 17, 18130834.00),
('99911122222', '20240408', 'ORD000118', 'EXE000118', '000018', '2', 80, 45163183.00),
('99911122222', '20240813', 'ORD000119', 'EXE000119', '000019', '2', 47, 49985787.00),
('99911122222', '20240429', 'ORD000120', 'EXE000120', '000020', '1', 62, 42559148.00),
('99911122222', '20240724', 'ORD000121', 'EXE000121', '000001', '1', 92, 48367477.00),
('99911122222', '20240417', 'ORD000122', 'EXE000122', '000002', '2', 38, 29079100.00),
('99911122222', '20240110', 'ORD000123', 'EXE000123', '000003', '2', 27, 26268696.00),
('99911122222', '20240914', 'ORD000124', 'EXE000124', '000004', '2', 28, 9113645.00),
('99911122222', '20240221', 'ORD000125', 'EXE000125', '000005', '2', 26, 26428587.00),
('99911122222', '20240613', 'ORD000126', 'EXE000126', '000006', '1', 85, 39992886.00),
('99911122222', '20240208', 'ORD000127', 'EXE000127', '000007', '2', 92, 39628273.00),
('99911122222', '20240725', 'ORD000128', 'EXE000128', '000008', '1', 82, 9502606.00),
('99911122222', '20240108', 'ORD000129', 'EXE000129', '000009', '1', 41, 3160350.00),
('99911122222', '20240628', 'ORD000130', 'EXE000130', '000010', '1', 82, 30186597.00),
('99911122222', '20240226', 'ORD000131', 'EXE000131', '000011', '2', 31, 35390380.00),
('99911122222', '20240704', 'ORD000132', 'EXE000132', '000012', '1', 63, 34062800.00),
('99911122222', '20241026', 'ORD000133', 'EXE000133', '000013', '1', 22, 35092668.00),
('99911122222', '20241007', 'ORD000134', 'EXE000134', '000014', '2', 7, 13024536.00),
('99911122222', '20240229', 'ORD000135', 'EXE000135', '000015', '1', 75, 28787814.00),
('99911122222', '20240119', 'ORD000136', 'EXE000136', '000016', '2', 100, 20093053.00),
('99911122222', '20240705', 'ORD000137', 'EXE000137', '000017', '2', 63, 40105183.00),
('99911122222', '20241024', 'ORD000138', 'EXE000138', '000018', '1', 86, 31599931.00),
('99911122222', '20240118', 'ORD000139', 'EXE000139', '000019', '2', 81, 48285344.00),
('99911122222', '20240318', 'ORD000140', 'EXE000140', '000020', '1', 26, 48231719.00),
('99911122222', '20240917', 'ORD000141', 'EXE000141', '000001', '2', 92, 26630420.00),
('99911122222', '20240325', 'ORD000142', 'EXE000142', '000002', '1', 89, 12001271.00),
('99911122222', '20240306', 'ORD000143', 'EXE000143', '000003', '1', 78, 43257574.00),
('99911122222', '20240607', 'ORD000144', 'EXE000144', '000004', '1', 94, 21566253.00),
('99911122222', '20240626', 'ORD000145', 'EXE000145', '000005', '1', 11, 11151869.00),
('99911122222', '20240224', 'ORD000146', 'EXE000146', '000006', '1', 6, 30875343.00),
('99911122222', '20240430', 'ORD000147', 'EXE000147', '000007', '1', 45, 43963265.00),
('99911122222', '20240220', 'ORD000148', 'EXE000148', '000008', '1', 94, 25856490.00),
('99911122222', '20241006', 'ORD000149', 'EXE000149', '000009', '2', 61, 26001852.00),
('99911122222', '20241027', 'ORD000150', 'EXE000150', '000010', '2', 46, 48349342.00),
('99911122222', '20240903', 'ORD000151', 'EXE000151', '000011', '1', 10, 11786024.00),
('99911122222', '20240307', 'ORD000152', 'EXE000152', '000012', '1', 40, 29696333.00),
('99911122222', '20240918', 'ORD000153', 'EXE000153', '000013', '1', 39, 9766706.00),
('99911122222', '20240419', 'ORD000154', 'EXE000154', '000014', '2', 53, 12133924.00),
('99911122222', '20240102', 'ORD000155', 'EXE000155', '000015', '1', 97, 35029964.00),
('99911122222', '20240915', 'ORD000156', 'EXE000156', '000016', '2', 68, 25218255.00),
('99911122222', '20240130', 'ORD000157', 'EXE000157', '000017', '2', 19, 45208974.00),
('99911122222', '20240426', 'ORD000158', 'EXE000158', '000018', '1', 16, 2041801.00),
('99911122222', '20240623', 'ORD000159', 'EXE000159', '000019', '1', 52, 6026928.00),
('99911122222', '20240101', 'ORD000160', 'EXE000160', '000020', '1', 46, 5326981.00),
('99911122222', '20240612', 'ORD000161', 'EXE000161', '000001', '1', 47, 31808262.00),
('99911122222', '20240812', 'ORD000162', 'EXE000162', '000002', '1', 58, 47048074.00),
('99911122222', '20240612', 'ORD000163', 'EXE000163', '000003', '1', 61, 24786173.00),
('99911122222', '20240609', 'ORD000164', 'EXE000164', '000004', '1', 4, 30930123.00),
('99911122222', '20240419', 'ORD000165', 'EXE000165', '000005', '2', 40, 18224526.00),
('99911122222', '20240303', 'ORD000166', 'EXE000166', '000006', '2', 73, 29987384.00),
('99911122222', '20240623', 'ORD000167', 'EXE000167', '000007', '2', 61, 45482363.00),
('99911122222', '20240209', 'ORD000168', 'EXE000168', '000008', '1', 58, 3044763.00),
('99911122222', '20240513', 'ORD000169', 'EXE000169', '000009', '1', 65, 3568025.00),
('99911122222', '20240327', 'ORD000170', 'EXE000170', '000010', '1', 16, 11540068.00),
('99911122222', '20240422', 'ORD000171', 'EXE000171', '000011', '2', 12, 5663743.00),
('99911122222', '20240821', 'ORD000172', 'EXE000172', '000012', '1', 81, 25823403.00),
('99911122222', '20240517', 'ORD000173', 'EXE000173', '000013', '2', 28, 8139854.00),
('99911122222', '20240121', 'ORD000174', 'EXE000174', '000014', '2', 99, 3331902.00),
('99911122222', '20240223', 'ORD000175', 'EXE000175', '000015', '1', 50, 7630309.00),
('99911122222', '20240502', 'ORD000176', 'EXE000176', '000016', '1', 96, 33833736.00),
('99911122222', '20240726', 'ORD000177', 'EXE000177', '000017', '2', 33, 21607274.00),
('99911122222', '20240325', 'ORD000178', 'EXE000178', '000018', '2', 7, 36205352.00),
('99911122222', '20240723', 'ORD000179', 'EXE000179', '000019', '1', 49, 6612003.00),
('99911122222', '20240122', 'ORD000180', 'EXE000180', '000020', '2', 6, 3889079.00),
('99911122222', '20241011', 'ORD000181', 'EXE000181', '000001', '2', 57, 29812942.00),
('99911122222', '20240724', 'ORD000182', 'EXE000182', '000002', '2', 40, 24007067.00),
('99911122222', '20240916', 'ORD000183', 'EXE000183', '000003', '1', 46, 28793046.00),
('99911122222', '20240227', 'ORD000184', 'EXE000184', '000004', '2', 27, 27786057.00),
('99911122222', '20240310', 'ORD000185', 'EXE000185', '000005', '2', 28, 41112352.00),
('99911122222', '20240507', 'ORD000186', 'EXE000186', '000006', '2', 36, 37158217.00),
('99911122222', '20240621', 'ORD000187', 'EXE000187', '000007', '1', 10, 12204011.00),
('99911122222', '20240130', 'ORD000188', 'EXE000188', '000008', '2', 74, 40879741.00),
('99911122222', '20240329', 'ORD000189', 'EXE000189', '000009', '2', 63, 1896184.00),
('99911122222', '20240115', 'ORD000190', 'EXE000190', '000010', '1', 38, 7456597.00),
('99911122222', '20240915', 'ORD000191', 'EXE000191', '000011', '1', 37, 42663625.00),
('99911122222', '20241002', 'ORD000192', 'EXE000192', '000012', '2', 44, 26449925.00),
('99911122222', '20240907', 'ORD000193', 'EXE000193', '000013', '2', 12, 17460845.00),
('99911122222', '20240808', 'ORD000194', 'EXE000194', '000014', '1', 48, 37876091.00),
('99911122222', '20240611', 'ORD000195', 'EXE000195', '000015', '2', 28, 22881004.00),
('99911122222', '20240420', 'ORD000196', 'EXE000196', '000016', '2', 11, 8110055.00),
('99911122222', '20240311', 'ORD000197', 'EXE000197', '000017', '2', 16, 44251543.00),
('99911122222', '20240329', 'ORD000198', 'EXE000198', '000018', '1', 8, 32073409.00),
('99911122222', '20240313', 'ORD000199', 'EXE000199', '000019', '1', 63, 33313076.00),
('99911122222', '20241020', 'ORD000200', 'EXE000200', '000020', '2', 68, 19824265.00),
('99911122222', '20240103', 'ORD000201', 'EXE000201', '000001', '1', 60, 40790939.00),
('99911122222', '20240205', 'ORD000202', 'EXE000202', '000002', '2', 79, 327085.00),
('99911122222', '20240117', 'ORD000203', 'EXE000203', '000003', '1', 75, 31541541.00),
('99911122222', '20240703', 'ORD000204', 'EXE000204', '000004', '1', 67, 7802335.00),
('99911122222', '20240618', 'ORD000205', 'EXE000205', '000005', '1', 2, 41945641.00),
('99911122222', '20240801', 'ORD000206', 'EXE000206', '000006', '1', 4, 38165020.00),
('99911122222', '20240928', 'ORD000207', 'EXE000207', '000007', '2', 40, 13632489.00),
('99911122222', '20240515', 'ORD000208', 'EXE000208', '000008', '1', 46, 40442163.00),
('99911122222', '20240514', 'ORD000209', 'EXE000209', '000009', '1', 75, 45971811.00),
('99911122222', '20240919', 'ORD000210', 'EXE000210', '000010', '2', 73, 9126784.00),
('99911122222', '20240319', 'ORD000211', 'EXE000211', '000011', '2', 16, 22155357.00),
('99911122222', '20240722', 'ORD000212', 'EXE000212', '000012', '1', 28, 30963955.00),
('99911122222', '20240329', 'ORD000213', 'EXE000213', '000013', '2', 98, 6158032.00),
('99911122222', '20240502', 'ORD000214', 'EXE000214', '000014', '2', 2, 17760557.00),
('99911122222', '20240921', 'ORD000215', 'EXE000215', '000015', '1', 10, 11854188.00),
('99911122222', '20240622', 'ORD000216', 'EXE000216', '000016', '1', 58, 19717969.00),
('99911122222', '20240119', 'ORD000217', 'EXE000217', '000017', '1', 75, 21991491.00),
('99911122222', '20240319', 'ORD000218', 'EXE000218', '000018', '2', 52, 20044887.00),
('99911122222', '20241013', 'ORD000219', 'EXE000219', '000019', '1', 56, 42158138.00),
('99911122222', '20240609', 'ORD000220', 'EXE000220', '000020', '1', 42, 10428612.00),
('99911122222', '20240811', 'ORD000221', 'EXE000221', '000001', '1', 28, 11661561.00),
('99911122222', '20240913', 'ORD000222', 'EXE000222', '000002', '1', 93, 31061601.00),
('99911122222', '20240805', 'ORD000223', 'EXE000223', '000003', '1', 54, 9106841.00),
('99911122222', '20240610', 'ORD000224', 'EXE000224', '000004', '2', 15, 34236843.00),
('99911122222', '20240909', 'ORD000225', 'EXE000225', '000005', '2', 65, 38948015.00),
('99911122222', '20240311', 'ORD000226', 'EXE000226', '000006', '1', 85, 17142558.00),
('99911122222', '20240413', 'ORD000227', 'EXE000227', '000007', '2', 16, 11858266.00),
('99911122222', '20240926', 'ORD000228', 'EXE000228', '000008', '1', 60, 48007130.00),
('99911122222', '20241002', 'ORD000229', 'EXE000229', '000009', '2', 45, 15947855.00),
('99911122222', '20240615', 'ORD000230', 'EXE000230', '000010', '1', 23, 25728104.00),
('99911122222', '20240829', 'ORD000231', 'EXE000231', '000011', '1', 71, 20623702.00),
('99911122222', '20240205', 'ORD000232', 'EXE000232', '000012', '1', 95, 20710288.00),
('99911122222', '20240410', 'ORD000233', 'EXE000233', '000013', '1', 53, 21726916.00),
('99911122222', '20240908', 'ORD000234', 'EXE000234', '000014', '1', 78, 46313184.00),
('99911122222', '20241023', 'ORD000235', 'EXE000235', '000015', '1', 54, 36090258.00),
('99911122222', '20240117', 'ORD000236', 'EXE000236', '000016', '1', 55, 18272946.00),
('99911122222', '20240111', 'ORD000237', 'EXE000237', '000017', '1', 44, 27319654.00),
('99911122222', '20240121', 'ORD000238', 'EXE000238', '000018', '2', 35, 206768.00),
('99911122222', '20240309', 'ORD000239', 'EXE000239', '000019', '2', 95, 28445079.00),
('99911122222', '20240908', 'ORD000240', 'EXE000240', '000020', '2', 11, 42808747.00),
('99911122222', '20241003', 'ORD000241', 'EXE000241', '000001', '2', 4, 8900067.00),
('99911122222', '20240124', 'ORD000242', 'EXE000242', '000002', '1', 67, 18868197.00),
('99911122222', '20240327', 'ORD000243', 'EXE000243', '000003', '2', 85, 30774917.00),
('99911122222', '20240206', 'ORD000244', 'EXE000244', '000004', '2', 87, 8777825.00),
('99911122222', '20240629', 'ORD000245', 'EXE000245', '000005', '1', 32, 12730427.00),
('99911122222', '20240823', 'ORD000246', 'EXE000246', '000006', '2', 76, 15123295.00),
('99911122222', '20240505', 'ORD000247', 'EXE000247', '000007', '2', 15, 48231088.00),
('99911122222', '20240526', 'ORD000248', 'EXE000248', '000008', '2', 11, 122498.00),
('99911122222', '20240916', 'ORD000249', 'EXE000249', '000009', '1', 13, 2747978.00),
('99911122222', '20240907', 'ORD000250', 'EXE000250', '000010', '1', 94, 33772627.00),
('99911122222', '20240324', 'ORD000251', 'EXE000251', '000011', '2', 27, 37187421.00),
('99911122222', '20240722', 'ORD000252', 'EXE000252', '000012', '2', 56, 13341009.00),
('99911122222', '20241003', 'ORD000253', 'EXE000253', '000013', '2', 58, 3579385.00),
('99911122222', '20240309', 'ORD000254', 'EXE000254', '000014', '2', 18, 21891919.00),
('99911122222', '20240711', 'ORD000255', 'EXE000255', '000015', '1', 12, 485292.00),
('99911122222', '20240320', 'ORD000256', 'EXE000256', '000016', '2', 8, 23303075.00),
('99911122222', '20241018', 'ORD000257', 'EXE000257', '000017', '2', 96, 30468044.00),
('99911122222', '20241002', 'ORD000258', 'EXE000258', '000018', '2', 29, 19709255.00),
('99911122222', '20240227', 'ORD000259', 'EXE000259', '000019', '2', 73, 32250378.00),
('99911122222', '20240112', 'ORD000260', 'EXE000260', '000020', '1', 4, 5217048.00),
('99911122222', '20240529', 'ORD000261', 'EXE000261', '000001', '1', 88, 1912980.00),
('99911122222', '20240615', 'ORD000262', 'EXE000262', '000002', '2', 22, 2234463.00),
('99911122222', '20240330', 'ORD000263', 'EXE000263', '000003', '1', 77, 26834260.00),
('99911122222', '20240829', 'ORD000264', 'EXE000264', '000004', '1', 54, 22704272.00),
('99911122222', '20240123', 'ORD000265', 'EXE000265', '000005', '1', 29, 11096235.00),
('99911122222', '20240715', 'ORD000266', 'EXE000266', '000006', '1', 30, 922057.00),
('99911122222', '20240510', 'ORD000267', 'EXE000267', '000007', '1', 3, 16703097.00),
('99911122222', '20241017', 'ORD000268', 'EXE000268', '000008', '2', 20, 15738092.00),
('99911122222', '20240524', 'ORD000269', 'EXE000269', '000009', '2', 6, 23965553.00),
('99911122222', '20240608', 'ORD000270', 'EXE000270', '000010', '1', 34, 4594940.00),
('99911122222', '20240101', 'ORD000271', 'EXE000271', '000011', '1', 37, 10571039.00),
('99911122222', '20240723', 'ORD000272', 'EXE000272', '000012', '1', 81, 11539038.00),
('99911122222', '20240318', 'ORD000273', 'EXE000273', '000013', '1', 57, 45824535.00),
('99911122222', '20240106', 'ORD000274', 'EXE000274', '000014', '1', 54, 18948857.00),
('99911122222', '20240113', 'ORD000275', 'EXE000275', '000015', '2', 13, 37189220.00),
('99911122222', '20240223', 'ORD000276', 'EXE000276', '000016', '2', 38, 43226155.00),
('99911122222', '20241014', 'ORD000277', 'EXE000277', '000017', '2', 55, 9417815.00),
('99911122222', '20240716', 'ORD000278', 'EXE000278', '000018', '1', 47, 21393617.00),
('99911122222', '20240223', 'ORD000279', 'EXE000279', '000019', '1', 59, 31665306.00),
('99911122222', '20240412', 'ORD000280', 'EXE000280', '000020', '1', 10, 28054214.00),
('99911122222', '20240118', 'ORD000281', 'EXE000281', '000001', '1', 10, 34339747.00),
('99911122222', '20240227', 'ORD000282', 'EXE000282', '000002', '1', 81, 11183470.00),
('99911122222', '20240109', 'ORD000283', 'EXE000283', '000003', '1', 26, 40842871.00),
('99911122222', '20240726', 'ORD000284', 'EXE000284', '000004', '1', 87, 9147873.00),
('99911122222', '20240814', 'ORD000285', 'EXE000285', '000005', '1', 99, 22416690.00),
('99911122222', '20240312', 'ORD000286', 'EXE000286', '000006', '2', 50, 21709767.00),
('99911122222', '20240805', 'ORD000287', 'EXE000287', '000007', '2', 99, 32278830.00),
('99911122222', '20240322', 'ORD000288', 'EXE000288', '000008', '1', 50, 28804695.00),
('99911122222', '20240701', 'ORD000289', 'EXE000289', '000009', '1', 37, 33479279.00),
('99911122222', '20240112', 'ORD000290', 'EXE000290', '000010', '2', 65, 12407784.00),
('99911122222', '20240322', 'ORD000291', 'EXE000291', '000011', '1', 45, 21034488.00),
('99911122222', '20240723', 'ORD000292', 'EXE000292', '000012', '1', 8, 39955573.00),
('99911122222', '20240909', 'ORD000293', 'EXE000293', '000013', '1', 77, 7765262.00),
('99911122222', '20240706', 'ORD000294', 'EXE000294', '000014', '1', 79, 37107082.00),
('99911122222', '20240731', 'ORD000295', 'EXE000295', '000015', '1', 66, 13688295.00),
('99911122222', '20240423', 'ORD000296', 'EXE000296', '000016', '1', 75, 11939433.00),
('99911122222', '20240510', 'ORD000297', 'EXE000297', '000017', '2', 46, 28725637.00),
('99911122222', '20240702', 'ORD000298', 'EXE000298', '000018', '2', 89, 14012089.00),
('99911122222', '20240906', 'ORD000299', 'EXE000299', '000019', '2', 98, 10248757.00),
('99911122222', '20240729', 'ORD000300', 'EXE000300', '000020', '2', 24, 38388454.00),
('99911122222', '20241026', 'ORD000301', 'EXE000301', '000001', '2', 75, 43444187.00),
('99911122222', '20241024', 'ORD000302', 'EXE000302', '000002', '1', 52, 30588278.00),
('99911122222', '20240213', 'ORD000303', 'EXE000303', '000003', '1', 49, 35655257.00),
('99911122222', '20240328', 'ORD000304', 'EXE000304', '000004', '1', 3, 13830739.00),
('99911122222', '20241013', 'ORD000305', 'EXE000305', '000005', '1', 45, 11324343.00),
('99911122222', '20240430', 'ORD000306', 'EXE000306', '000006', '1', 81, 10198640.00),
('99911122222', '20240913', 'ORD000307', 'EXE000307', '000007', '2', 94, 23776771.00),
('99911122222', '20241013', 'ORD000308', 'EXE000308', '000008', '2', 53, 29865182.00),
('99911122222', '20240807', 'ORD000309', 'EXE000309', '000009', '1', 46, 4300057.00),
('99911122222', '20240102', 'ORD000310', 'EXE000310', '000010', '1', 99, 15362902.00),
('99911122222', '20240109', 'ORD000311', 'EXE000311', '000011', '2', 86, 1951777.00),
('99911122222', '20240613', 'ORD000312', 'EXE000312', '000012', '1', 31, 8908265.00),
('99911122222', '20240520', 'ORD000313', 'EXE000313', '000013', '1', 28, 31134750.00),
('99911122222', '20240507', 'ORD000314', 'EXE000314', '000014', '2', 35, 48977806.00),
('99911122222', '20240411', 'ORD000315', 'EXE000315', '000015', '1', 43, 26413119.00),
('99911122222', '20240425', 'ORD000316', 'EXE000316', '000016', '2', 94, 34516521.00),
('99911122222', '20240101', 'ORD000317', 'EXE000317', '000017', '1', 20, 36376564.00),
('99911122222', '20240715', 'ORD000318', 'EXE000318', '000018', '1', 17, 44811418.00),
('99911122222', '20241018', 'ORD000319', 'EXE000319', '000019', '2', 65, 46133774.00),
('99911122222', '20240901', 'ORD000320', 'EXE000320', '000020', '2', 67, 18355040.00),
('99911122222', '20240311', 'ORD000321', 'EXE000321', '000001', '2', 94, 48092675.00),
('99911122222', '20240930', 'ORD000322', 'EXE000322', '000002', '1', 73, 33436589.00),
('99911122222', '20240527', 'ORD000323', 'EXE000323', '000003', '1', 96, 22625041.00),
('99911122222', '20240120', 'ORD000324', 'EXE000324', '000004', '2', 77, 8810286.00),
('99911122222', '20240608', 'ORD000325', 'EXE000325', '000005', '2', 61, 27226373.00),
('99911122222', '20240806', 'ORD000326', 'EXE000326', '000006', '2', 94, 48901349.00),
('99911122222', '20240714', 'ORD000327', 'EXE000327', '000007', '1', 80, 43348839.00),
('99911122222', '20240714', 'ORD000328', 'EXE000328', '000008', '1', 50, 39023160.00),
('99911122222', '20240519', 'ORD000329', 'EXE000329', '000009', '1', 15, 48815220.00),
('99911122222', '20240915', 'ORD000330', 'EXE000330', '000010', '2', 49, 30911522.00),
('99911122222', '20240912', 'ORD000331', 'EXE000331', '000011', '2', 93, 41275846.00),
('99911122222', '20240412', 'ORD000332', 'EXE000332', '000012', '2', 89, 6316533.00),
('99911122222', '20240522', 'ORD000333', 'EXE000333', '000013', '2', 25, 15065861.00),
('99911122222', '20240711', 'ORD000334', 'EXE000334', '000014', '2', 81, 11027185.00),
('99911122222', '20240326', 'ORD000335', 'EXE000335', '000015', '2', 87, 6078565.00),
('99911122222', '20240218', 'ORD000336', 'EXE000336', '000016', '1', 54, 23402714.00),
('99911122222', '20240712', 'ORD000337', 'EXE000337', '000017', '2', 77, 43477727.00),
('99911122222', '20240528', 'ORD000338', 'EXE000338', '000018', '2', 50, 45911740.00),
('99911122222', '20240930', 'ORD000339', 'EXE000339', '000019', '1', 10, 13948894.00),
('99911122222', '20240517', 'ORD000340', 'EXE000340', '000020', '2', 76, 26621839.00),
('99911122222', '20240324', 'ORD000341', 'EXE000341', '000001', '1', 82, 5540786.00),
('99911122222', '20240908', 'ORD000342', 'EXE000342', '000002', '2', 12, 17163577.00),
('99911122222', '20240514', 'ORD000343', 'EXE000343', '000003', '2', 89, 28369942.00),
('99911122222', '20240511', 'ORD000344', 'EXE000344', '000004', '2', 22, 24553587.00),
('99911122222', '20240123', 'ORD000345', 'EXE000345', '000005', '2', 87, 13776362.00),
('99911122222', '20240908', 'ORD000346', 'EXE000346', '000006', '1', 44, 23137923.00),
('99911122222', '20240505', 'ORD000347', 'EXE000347', '000007', '1', 92, 40116673.00),
('99911122222', '20240118', 'ORD000348', 'EXE000348', '000008', '1', 20, 47917014.00),
('99911122222', '20241023', 'ORD000349', 'EXE000349', '000009', '1', 47, 27871147.00),
('99911122222', '20240521', 'ORD000350', 'EXE000350', '000010', '1', 42, 29093882.00),
('99911122222', '20240513', 'ORD000351', 'EXE000351', '000011', '2', 40, 25694011.00),
('99911122222', '20241004', 'ORD000352', 'EXE000352', '000012', '2', 34, 31244637.00),
('99911122222', '20240518', 'ORD000353', 'EXE000353', '000013', '2', 4, 9681512.00),
('99911122222', '20240607', 'ORD000354', 'EXE000354', '000014', '2', 74, 891316.00),
('99911122222', '20241015', 'ORD000355', 'EXE000355', '000015', '2', 20, 6454642.00),
('99911122222', '20240909', 'ORD000356', 'EXE000356', '000016', '2', 20, 2843532.00),
('99911122222', '20240626', 'ORD000357', 'EXE000357', '000017', '1', 40, 10847738.00),
('99911122222', '20240320', 'ORD000358', 'EXE000358', '000018', '2', 54, 22653802.00),
('99911122222', '20240301', 'ORD000359', 'EXE000359', '000019', '1', 54, 35538475.00),
('99911122222', '20240903', 'ORD000360', 'EXE000360', '000020', '1', 39, 37974667.00),
('99911122222', '20240805', 'ORD000361', 'EXE000361', '000001', '1', 11, 8038415.00),
('99911122222', '20240419', 'ORD000362', 'EXE000362', '000002', '2', 40, 8697713.00),
('99911122222', '20241027', 'ORD000363', 'EXE000363', '000003', '2', 67, 37287765.00),
('99911122222', '20240508', 'ORD000364', 'EXE000364', '000004', '1', 45, 5347345.00),
('99911122222', '20240322', 'ORD000365', 'EXE000365', '000005', '1', 92, 10224365.00),
('99911122222', '20241002', 'ORD000366', 'EXE000366', '000006', '2', 7, 26989777.00),
('99911122222', '20240120', 'ORD000367', 'EXE000367', '000007', '2', 41, 45365561.00),
('99911122222', '20240919', 'ORD000368', 'EXE000368', '000008', '2', 43, 7854640.00),
('99911122222', '20240113', 'ORD000369', 'EXE000369', '000009', '1', 65, 34641933.00),
('99911122222', '20240713', 'ORD000370', 'EXE000370', '000010', '1', 69, 40153425.00),
('99911122222', '20240929', 'ORD000371', 'EXE000371', '000011', '2', 22, 12848712.00),
('99911122222', '20240920', 'ORD000372', 'EXE000372', '000012', '1', 40, 42606240.00),
('99911122222', '20240717', 'ORD000373', 'EXE000373', '000013', '1', 79, 27412443.00),
('99911122222', '20240509', 'ORD000374', 'EXE000374', '000014', '2', 70, 24917511.00),
('99911122222', '20240729', 'ORD000375', 'EXE000375', '000015', '1', 24, 17159989.00),
('99911122222', '20240827', 'ORD000376', 'EXE000376', '000016', '1', 96, 4502029.00),
('99911122222', '20240912', 'ORD000377', 'EXE000377', '000017', '2', 68, 28870574.00),
('99911122222', '20241019', 'ORD000378', 'EXE000378', '000018', '1', 5, 40268960.00),
('99911122222', '20240721', 'ORD000379', 'EXE000379', '000019', '2', 69, 40919622.00),
('99911122222', '20240606', 'ORD000380', 'EXE000380', '000020', '1', 55, 33045416.00),
('99911122222', '20240623', 'ORD000381', 'EXE000381', '000001', '1', 65, 18735358.00),
('99911122222', '20240110', 'ORD000382', 'EXE000382', '000002', '1', 87, 33360050.00),
('99911122222', '20240426', 'ORD000383', 'EXE000383', '000003', '2', 2, 35700355.00),
('99911122222', '20240102', 'ORD000384', 'EXE000384', '000004', '1', 97, 19652304.00),
('99911122222', '20240325', 'ORD000385', 'EXE000385', '000005', '2', 54, 30005109.00),
('99911122222', '20240320', 'ORD000386', 'EXE000386', '000006', '1', 13, 30529727.00),
('99911122222', '20240408', 'ORD000387', 'EXE000387', '000007', '1', 23, 39989650.00),
('99911122222', '20240129', 'ORD000388', 'EXE000388', '000008', '1', 88, 45534776.00),
('99911122222', '20240103', 'ORD000389', 'EXE000389', '000009', '2', 60, 39997740.00),
('99911122222', '20240813', 'ORD000390', 'EXE000390', '000010', '1', 95, 12275373.00),
('99911122222', '20241018', 'ORD000391', 'EXE000391', '000011', '2', 97, 9868680.00),
('99911122222', '20241010', 'ORD000392', 'EXE000392', '000012', '1', 48, 30489955.00),
('99911122222', '20240501', 'ORD000393', 'EXE000393', '000013', '2', 35, 37375036.00),
('99911122222', '20241021', 'ORD000394', 'EXE000394', '000014', '2', 20, 46036777.00),
('99911122222', '20240907', 'ORD000395', 'EXE000395', '000015', '1', 78, 42220402.00),
('99911122222', '20240112', 'ORD000396', 'EXE000396', '000016', '1', 64, 46221540.00),
('99911122222', '20241016', 'ORD000397', 'EXE000397', '000017', '1', 94, 36385744.00),
('99911122222', '20240623', 'ORD000398', 'EXE000398', '000018', '2', 51, 4647182.00),
('99911122222', '20241014', 'ORD000399', 'EXE000399', '000019', '1', 15, 34224435.00),
('99911122222', '20240825', 'ORD000400', 'EXE000400', '000020', '1', 89, 19604402.00),
('99911122222', '20240422', 'ORD000401', 'EXE000401', '000001', '2', 52, 36319377.00),
('99911122222', '20240601', 'ORD000402', 'EXE000402', '000002', '1', 34, 34436316.00),
('99911122222', '20240828', 'ORD000403', 'EXE000403', '000003', '1', 27, 33659271.00),
('99911122222', '20241014', 'ORD000404', 'EXE000404', '000004', '2', 19, 25357540.00),
('99911122222', '20240613', 'ORD000405', 'EXE000405', '000005', '1', 4, 26930891.00),
('99911122222', '20240429', 'ORD000406', 'EXE000406', '000006', '2', 12, 35516273.00),
('99911122222', '20240502', 'ORD000407', 'EXE000407', '000007', '1', 36, 47708562.00),
('99911122222', '20240823', 'ORD000408', 'EXE000408', '000008', '2', 42, 17144947.00),
('99911122222', '20240919', 'ORD000409', 'EXE000409', '000009', '2', 97, 7627605.00),
('99911122222', '20240727', 'ORD000410', 'EXE000410', '000010', '2', 39, 45880299.00),
('99911122222', '20240331', 'ORD000411', 'EXE000411', '000011', '1', 48, 47374113.00),
('99911122222', '20240811', 'ORD000412', 'EXE000412', '000012', '2', 80, 40495689.00),
('99911122222', '20240709', 'ORD000413', 'EXE000413', '000013', '1', 56, 35757291.00),
('99911122222', '20240914', 'ORD000414', 'EXE000414', '000014', '1', 5, 29796227.00),
('99911122222', '20240503', 'ORD000415', 'EXE000415', '000015', '2', 52, 33794713.00),
('99911122222', '20240112', 'ORD000416', 'EXE000416', '000016', '1', 15, 30018205.00),
('99911122222', '20240825', 'ORD000417', 'EXE000417', '000017', '2', 20, 37982718.00),
('99911122222', '20240801', 'ORD000418', 'EXE000418', '000018', '2', 69, 8857198.00),
('99911122222', '20240113', 'ORD000419', 'EXE000419', '000019', '1', 61, 527935.00),
('99911122222', '20241008', 'ORD000420', 'EXE000420', '000020', '1', 53, 1297374.00),
('99911122222', '20241008', 'ORD000421', 'EXE000421', '000001', '2', 99, 13142369.00),
('99911122222', '20240516', 'ORD000422', 'EXE000422', '000002', '2', 15, 15947517.00),
('99911122222', '20240921', 'ORD000423', 'EXE000423', '000003', '1', 87, 23164979.00),
('99911122222', '20240119', 'ORD000424', 'EXE000424', '000004', '2', 85, 15295853.00),
('99911122222', '20240517', 'ORD000425', 'EXE000425', '000005', '1', 77, 47433316.00),
('99911122222', '20240419', 'ORD000426', 'EXE000426', '000006', '2', 46, 40708771.00),
('99911122222', '20240124', 'ORD000427', 'EXE000427', '000007', '1', 59, 34659396.00),
('99911122222', '20240901', 'ORD000428', 'EXE000428', '000008', '1', 19, 45688921.00),
('99911122222', '20241016', 'ORD000429', 'EXE000429', '000009', '2', 28, 22468088.00),
('99911122222', '20240114', 'ORD000430', 'EXE000430', '000010', '1', 5, 5806567.00),
('99911122222', '20240601', 'ORD000431', 'EXE000431', '000011', '2', 99, 35837870.00),
('99911122222', '20240114', 'ORD000432', 'EXE000432', '000012', '2', 69, 44839780.00),
('99911122222', '20240514', 'ORD000433', 'EXE000433', '000013', '2', 14, 13783516.00),
('99911122222', '20240223', 'ORD000434', 'EXE000434', '000014', '2', 72, 42467202.00),
('99911122222', '20240510', 'ORD000435', 'EXE000435', '000015', '2', 80, 12900382.00),
('99911122222', '20240527', 'ORD000436', 'EXE000436', '000016', '1', 83, 34321883.00),
('99911122222', '20240106', 'ORD000437', 'EXE000437', '000017', '1', 99, 34106892.00),
('99911122222', '20241003', 'ORD000438', 'EXE000438', '000018', '2', 53, 18241398.00),
('99911122222', '20240530', 'ORD000439', 'EXE000439', '000019', '1', 19, 30091579.00),
('99911122222', '20240721', 'ORD000440', 'EXE000440', '000020', '1', 91, 4514217.00),
('99911122222', '20240429', 'ORD000441', 'EXE000441', '000001', '2', 66, 9313361.00),
('99911122222', '20241021', 'ORD000442', 'EXE000442', '000002', '2', 58, 18654820.00),
('99911122222', '20241009', 'ORD000443', 'EXE000443', '000003', '1', 63, 41966391.00),
('99911122222', '20241023', 'ORD000444', 'EXE000444', '000004', '1', 52, 48253484.00),
('99911122222', '20240516', 'ORD000445', 'EXE000445', '000005', '2', 90, 16959198.00),
('99911122222', '20240815', 'ORD000446', 'EXE000446', '000006', '1', 34, 49640831.00),
('99911122222', '20240122', 'ORD000447', 'EXE000447', '000007', '1', 12, 24590634.00),
('99911122222', '20240815', 'ORD000448', 'EXE000448', '000008', '1', 65, 47533524.00),
('99911122222', '20241020', 'ORD000449', 'EXE000449', '000009', '1', 7, 19915714.00),
('99911122222', '20241023', 'ORD000450', 'EXE000450', '000010', '2', 57, 45896764.00),
('99911122222', '20240518', 'ORD000451', 'EXE000451', '000011', '2', 44, 8825348.00),
('99911122222', '20240412', 'ORD000452', 'EXE000452', '000012', '1', 58, 21129617.00),
('99911122222', '20240911', 'ORD000453', 'EXE000453', '000013', '2', 37, 19460713.00),
('99911122222', '20240602', 'ORD000454', 'EXE000454', '000014', '2', 57, 49419494.00),
('99911122222', '20240520', 'ORD000455', 'EXE000455', '000015', '2', 8, 42802719.00),
('99911122222', '20241024', 'ORD000456', 'EXE000456', '000016', '1', 86, 13761396.00),
('99911122222', '20240227', 'ORD000457', 'EXE000457', '000017', '2', 97, 24444236.00),
('99911122222', '20241026', 'ORD000458', 'EXE000458', '000018', '2', 19, 28177920.00),
('99911122222', '20240621', 'ORD000459', 'EXE000459', '000019', '2', 68, 9332248.00),
('99911122222', '20240812', 'ORD000460', 'EXE000460', '000020', '1', 1, 264218.00),
('99911122222', '20240225', 'ORD000461', 'EXE000461', '000001', '2', 5, 42994180.00),
('99911122222', '20241007', 'ORD000462', 'EXE000462', '000002', '1', 94, 24421886.00),
('99911122222', '20240801', 'ORD000463', 'EXE000463', '000003', '2', 25, 44290753.00),
('99911122222', '20240523', 'ORD000464', 'EXE000464', '000004', '1', 72, 33025066.00),
('99911122222', '20240901', 'ORD000465', 'EXE000465', '000005', '2', 48, 18501710.00),
('99911122222', '20240402', 'ORD000466', 'EXE000466', '000006', '2', 96, 37055561.00),
('99911122222', '20240313', 'ORD000467', 'EXE000467', '000007', '1', 18, 23168912.00),
('99911122222', '20240710', 'ORD000468', 'EXE000468', '000008', '1', 48, 10564724.00),
('99911122222', '20241012', 'ORD000469', 'EXE000469', '000009', '2', 20, 6635179.00),
('99911122222', '20241006', 'ORD000470', 'EXE000470', '000010', '1', 51, 22938707.00),
('99911122222', '20240401', 'ORD000471', 'EXE000471', '000011', '2', 13, 38492033.00),
('99911122222', '20240729', 'ORD000472', 'EXE000472', '000012', '1', 8, 4908537.00),
('99911122222', '20240218', 'ORD000473', 'EXE000473', '000013', '2', 99, 601539.00),
('99911122222', '20240518', 'ORD000474', 'EXE000474', '000014', '2', 12, 34379519.00),
('99911122222', '20240302', 'ORD000475', 'EXE000475', '000015', '2', 89, 34089088.00),
('99911122222', '20241012', 'ORD000476', 'EXE000476', '000016', '2', 64, 47738254.00),
('99911122222', '20240922', 'ORD000477', 'EXE000477', '000017', '1', 6, 43257325.00),
('99911122222', '20240916', 'ORD000478', 'EXE000478', '000018', '2', 31, 27696515.00),
('99911122222', '20240426', 'ORD000479', 'EXE000479', '000019', '1', 47, 25963279.00),
('99911122222', '20241007', 'ORD000480', 'EXE000480', '000020', '2', 14, 23425913.00),
('99911122222', '20240409', 'ORD000481', 'EXE000481', '000001', '2', 89, 46583330.00),
('99911122222', '20240224', 'ORD000482', 'EXE000482', '000002', '1', 7, 6339486.00),
('99911122222', '20240306', 'ORD000483', 'EXE000483', '000003', '2', 76, 4006839.00),
('99911122222', '20240427', 'ORD000484', 'EXE000484', '000004', '2', 98, 23618937.00),
('99911122222', '20240320', 'ORD000485', 'EXE000485', '000005', '2', 34, 22436267.00),
('99911122222', '20240924', 'ORD000486', 'EXE000486', '000006', '2', 6, 25676702.00),
('99911122222', '20240919', 'ORD000487', 'EXE000487', '000007', '2', 22, 7627181.00),
('99911122222', '20240703', 'ORD000488', 'EXE000488', '000008', '1', 77, 13182164.00),
('99911122222', '20240924', 'ORD000489', 'EXE000489', '000009', '2', 39, 40966334.00),
('99911122222', '20240205', 'ORD000490', 'EXE000490', '000010', '1', 100, 3628870.00),
('99911122222', '20240328', 'ORD000491', 'EXE000491', '000011', '2', 26, 9838163.00),
('99911122222', '20240228', 'ORD000492', 'EXE000492', '000012', '2', 28, 21273430.00),
('99911122222', '20240326', 'ORD000493', 'EXE000493', '000013', '1', 69, 35549529.00),
('99911122222', '20240702', 'ORD000494', 'EXE000494', '000014', '2', 33, 4939712.00),
('99911122222', '20240417', 'ORD000495', 'EXE000495', '000015', '1', 80, 35604918.00),
('99911122222', '20240802', 'ORD000496', 'EXE000496', '000016', '1', 45, 6135458.00),
('99911122222', '20240423', 'ORD000497', 'EXE000497', '000017', '2', 90, 37960387.00),
('99911122222', '20240606', 'ORD000498', 'EXE000498', '000018', '1', 65, 21066624.00),
('99911122222', '20240408', 'ORD000499', 'EXE000499', '000019', '1', 50, 20324698.00),
('99911122222', '20240223', 'ORD000500', 'EXE000500', '000020', '2', 94, 11668075.00),
('99911122222', '20240127', 'ORD000501', 'EXE000501', '000001', '2', 49, 40160193.00),
('99911122222', '20240404', 'ORD000502', 'EXE000502', '000002', '1', 64, 48475577.00),
('99911122222', '20240511', 'ORD000503', 'EXE000503', '000003', '2', 80, 24386937.00),
('99911122222', '20240520', 'ORD000504', 'EXE000504', '000004', '2', 21, 15675028.00),
('99911122222', '20240114', 'ORD000505', 'EXE000505', '000005', '1', 5, 11839858.00),
('99911122222', '20240718', 'ORD000506', 'EXE000506', '000006', '1', 81, 49551022.00),
('99911122222', '20240413', 'ORD000507', 'EXE000507', '000007', '2', 51, 25871398.00),
('99911122222', '20240517', 'ORD000508', 'EXE000508', '000008', '2', 43, 1672050.00),
('99911122222', '20240121', 'ORD000509', 'EXE000509', '000009', '2', 44, 5755171.00),
('99911122222', '20240604', 'ORD000510', 'EXE000510', '000010', '1', 21, 25188094.00),
('99911122222', '20240522', 'ORD000511', 'EXE000511', '000011', '1', 96, 8385451.00),
('99911122222', '20240905', 'ORD000512', 'EXE000512', '000012', '2', 95, 5647889.00),
('99911122222', '20240724', 'ORD000513', 'EXE000513', '000013', '1', 72, 38379986.00),
('99911122222', '20240412', 'ORD000514', 'EXE000514', '000014', '2', 4, 14622086.00),
('99911122222', '20240313', 'ORD000515', 'EXE000515', '000015', '2', 38, 13754496.00),
('99911122222', '20240102', 'ORD000516', 'EXE000516', '000016', '1', 78, 27171977.00),
('99911122222', '20240906', 'ORD000517', 'EXE000517', '000017', '1', 71, 40300438.00),
('99911122222', '20240918', 'ORD000518', 'EXE000518', '000018', '1', 4, 17495230.00),
('99911122222', '20240719', 'ORD000519', 'EXE000519', '000019', '2', 79, 9793762.00),
('99911122222', '20240321', 'ORD000520', 'EXE000520', '000020', '1', 55, 46796841.00),
('99911122222', '20240120', 'ORD000521', 'EXE000521', '000001', '2', 74, 34116406.00),
('99911122222', '20240803', 'ORD000522', 'EXE000522', '000002', '1', 58, 44093160.00),
('99911122222', '20240829', 'ORD000523', 'EXE000523', '000003', '2', 99, 46931454.00),
('99911122222', '20240121', 'ORD000524', 'EXE000524', '000004', '2', 69, 32021807.00),
('99911122222', '20240624', 'ORD000525', 'EXE000525', '000005', '2', 36, 41060947.00),
('99911122222', '20240820', 'ORD000526', 'EXE000526', '000006', '2', 62, 30464805.00),
('99911122222', '20240830', 'ORD000527', 'EXE000527', '000007', '1', 85, 18180165.00),
('99911122222', '20240110', 'ORD000528', 'EXE000528', '000008', '2', 51, 47244181.00),
('99911122222', '20240517', 'ORD000529', 'EXE000529', '000009', '1', 3, 46734860.00),
('99911122222', '20240422', 'ORD000530', 'EXE000530', '000010', '2', 4, 14920383.00),
('99911122222', '20240725', 'ORD000531', 'EXE000531', '000011', '1', 47, 1420947.00),
('99911122222', '20240423', 'ORD000532', 'EXE000532', '000012', '1', 8, 14009212.00),
('99911122222', '20240828', 'ORD000533', 'EXE000533', '000013', '1', 49, 31607577.00),
('99911122222', '20240522', 'ORD000534', 'EXE000534', '000014', '2', 98, 2886659.00),
('99911122222', '20240608', 'ORD000535', 'EXE000535', '000015', '2', 70, 31791639.00),
('99911122222', '20240927', 'ORD000536', 'EXE000536', '000016', '2', 20, 9461712.00),
('99911122222', '20240411', 'ORD000537', 'EXE000537', '000017', '1', 12, 43080271.00),
('99911122222', '20240807', 'ORD000538', 'EXE000538', '000018', '1', 21, 12099040.00),
('99911122222', '20240201', 'ORD000539', 'EXE000539', '000019', '1', 33, 26956048.00),
('99911122222', '20241005', 'ORD000540', 'EXE000540', '000020', '1', 5, 39532056.00),
('99911122222', '20240328', 'ORD000541', 'EXE000541', '000001', '1', 38, 34107271.00),
('99911122222', '20240530', 'ORD000542', 'EXE000542', '000002', '2', 6, 31058831.00),
('99911122222', '20240406', 'ORD000543', 'EXE000543', '000003', '1', 16, 7379425.00),
('99911122222', '20240517', 'ORD000544', 'EXE000544', '000004', '1', 30, 15638192.00),
('99911122222', '20240911', 'ORD000545', 'EXE000545', '000005', '2', 59, 8439591.00),
('99911122222', '20240826', 'ORD000546', 'EXE000546', '000006', '1', 98, 22221124.00),
('99911122222', '20240222', 'ORD000547', 'EXE000547', '000007', '1', 94, 15382757.00),
('99911122222', '20240617', 'ORD000548', 'EXE000548', '000008', '2', 68, 6820525.00),
('99911122222', '20241006', 'ORD000549', 'EXE000549', '000009', '1', 75, 33264920.00),
('99911122222', '20240907', 'ORD000550', 'EXE000550', '000010', '1', 65, 31943712.00),
('99911122222', '20240606', 'ORD000551', 'EXE000551', '000011', '2', 59, 6332187.00),
('99911122222', '20240724', 'ORD000552', 'EXE000552', '000012', '1', 97, 45282505.00),
('99911122222', '20241022', 'ORD000553', 'EXE000553', '000013', '2', 76, 5776025.00),
('99911122222', '20240714', 'ORD000554', 'EXE000554', '000014', '1', 18, 22896365.00),
('99911122222', '20240602', 'ORD000555', 'EXE000555', '000015', '2', 84, 38369437.00),
('99911122222', '20240121', 'ORD000556', 'EXE000556', '000016', '2', 64, 44982888.00),
('99911122222', '20240623', 'ORD000557', 'EXE000557', '000017', '2', 96, 3541278.00),
('99911122222', '20240114', 'ORD000558', 'EXE000558', '000018', '2', 52, 41292297.00),
('99911122222', '20240118', 'ORD000559', 'EXE000559', '000019', '1', 99, 33813671.00),
('99911122222', '20240712', 'ORD000560', 'EXE000560', '000020', '1', 16, 2447117.00),
('99911122222', '20240812', 'ORD000561', 'EXE000561', '000001', '1', 38, 23691193.00),
('99911122222', '20240509', 'ORD000562', 'EXE000562', '000002', '1', 96, 12082294.00),
('99911122222', '20240605', 'ORD000563', 'EXE000563', '000003', '1', 92, 45031142.00),
('99911122222', '20240527', 'ORD000564', 'EXE000564', '000004', '1', 85, 27179061.00),
('99911122222', '20241002', 'ORD000565', 'EXE000565', '000005', '2', 72, 31784953.00),
('99911122222', '20240726', 'ORD000566', 'EXE000566', '000006', '2', 64, 28258442.00),
('99911122222', '20240722', 'ORD000567', 'EXE000567', '000007', '1', 95, 39100118.00),
('99911122222', '20240120', 'ORD000568', 'EXE000568', '000008', '2', 87, 14258889.00),
('99911122222', '20240427', 'ORD000569', 'EXE000569', '000009', '1', 29, 24756016.00),
('99911122222', '20241015', 'ORD000570', 'EXE000570', '000010', '2', 11, 1832247.00),
('99911122222', '20240413', 'ORD000571', 'EXE000571', '000011', '2', 8, 12921016.00),
('99911122222', '20240909', 'ORD000572', 'EXE000572', '000012', '1', 30, 18527682.00),
('99911122222', '20240202', 'ORD000573', 'EXE000573', '000013', '2', 71, 26213281.00),
('99911122222', '20240127', 'ORD000574', 'EXE000574', '000014', '1', 89, 12528321.00),
('99911122222', '20240401', 'ORD000575', 'EXE000575', '000015', '2', 93, 7816666.00),
('99911122222', '20240622', 'ORD000576', 'EXE000576', '000016', '2', 51, 9287815.00),
('99911122222', '20241016', 'ORD000577', 'EXE000577', '000017', '1', 42, 35525944.00),
('99911122222', '20240706', 'ORD000578', 'EXE000578', '000018', '1', 79, 10890239.00),
('99911122222', '20240121', 'ORD000579', 'EXE000579', '000019', '1', 40, 5123722.00),
('99911122222', '20240218', 'ORD000580', 'EXE000580', '000020', '2', 29, 23779325.00),
('99911122222', '20240629', 'ORD000581', 'EXE000581', '000001', '1', 91, 32120987.00),
('99911122222', '20240612', 'ORD000582', 'EXE000582', '000002', '2', 60, 16999226.00),
('99911122222', '20240319', 'ORD000583', 'EXE000583', '000003', '2', 91, 16470116.00),
('99911122222', '20240510', 'ORD000584', 'EXE000584', '000004', '2', 7, 48502788.00),
('99911122222', '20240102', 'ORD000585', 'EXE000585', '000005', '2', 29, 44980759.00),
('99911122222', '20240720', 'ORD000586', 'EXE000586', '000006', '2', 80, 25892075.00),
('99911122222', '20240317', 'ORD000587', 'EXE000587', '000007', '2', 56, 36053705.00),
('99911122222', '20240611', 'ORD000588', 'EXE000588', '000008', '1', 6, 47933582.00),
('99911122222', '20240624', 'ORD000589', 'EXE000589', '000009', '1', 63, 24379803.00),
('99911122222', '20240816', 'ORD000590', 'EXE000590', '000010', '2', 28, 48531998.00),
('99911122222', '20241008', 'ORD000591', 'EXE000591', '000011', '1', 57, 25884500.00),
('99911122222', '20240930', 'ORD000592', 'EXE000592', '000012', '2', 3, 2342535.00),
('99911122222', '20240616', 'ORD000593', 'EXE000593', '000013', '1', 61, 25956853.00),
('99911122222', '20240802', 'ORD000594', 'EXE000594', '000014', '1', 12, 15489535.00),
('99911122222', '20240706', 'ORD000595', 'EXE000595', '000015', '1', 45, 30412871.00),
('99911122222', '20240626', 'ORD000596', 'EXE000596', '000016', '1', 47, 11999238.00),
('99911122222', '20240226', 'ORD000597', 'EXE000597', '000017', '2', 31, 29924936.00),
('99911122222', '20240925', 'ORD000598', 'EXE000598', '000018', '2', 4, 10979516.00),
('99911122222', '20240606', 'ORD000599', 'EXE000599', '000019', '1', 35, 870112.00),
('99911122222', '20240229', 'ORD000600', 'EXE000600', '000020', '1', 70, 11629444.00),
('99911122222', '20240502', 'ORD000601', 'EXE000601', '000001', '1', 45, 5882670.00),
('99911122222', '20240203', 'ORD000602', 'EXE000602', '000002', '1', 61, 34416123.00),
('99911122222', '20240226', 'ORD000603', 'EXE000603', '000003', '1', 64, 33908161.00),
('99911122222', '20240828', 'ORD000604', 'EXE000604', '000004', '2', 32, 920113.00),
('99911122222', '20240529', 'ORD000605', 'EXE000605', '000005', '1', 98, 18463466.00),
('99911122222', '20240124', 'ORD000606', 'EXE000606', '000006', '2', 78, 38032633.00),
('99911122222', '20240229', 'ORD000607', 'EXE000607', '000007', '2', 35, 14040734.00),
('99911122222', '20240607', 'ORD000608', 'EXE000608', '000008', '2', 41, 43257092.00),
('99911122222', '20240503', 'ORD000609', 'EXE000609', '000009', '1', 35, 49906737.00),
('99911122222', '20240123', 'ORD000610', 'EXE000610', '000010', '2', 31, 29055120.00),
('99911122222', '20240417', 'ORD000611', 'EXE000611', '000011', '2', 26, 15965121.00),
('99911122222', '20240702', 'ORD000612', 'EXE000612', '000012', '2', 89, 219971.00),
('99911122222', '20240509', 'ORD000613', 'EXE000613', '000013', '2', 27, 29341706.00),
('99911122222', '20240312', 'ORD000614', 'EXE000614', '000014', '1', 13, 16475770.00),
('99911122222', '20240524', 'ORD000615', 'EXE000615', '000015', '1', 83, 12667823.00),
('99911122222', '20240604', 'ORD000616', 'EXE000616', '000016', '2', 17, 48892274.00),
('99911122222', '20240608', 'ORD000617', 'EXE000617', '000017', '2', 95, 19277236.00),
('99911122222', '20240713', 'ORD000618', 'EXE000618', '000018', '2', 82, 37422037.00),
('99911122222', '20240107', 'ORD000619', 'EXE000619', '000019', '2', 58, 34323963.00),
('99911122222', '20240620', 'ORD000620', 'EXE000620', '000020', '2', 72, 30006589.00),
('99911122222', '20240501', 'ORD000621', 'EXE000621', '000001', '2', 48, 31493437.00),
('99911122222', '20240324', 'ORD000622', 'EXE000622', '000002', '2', 33, 22752218.00),
('99911122222', '20240217', 'ORD000623', 'EXE000623', '000003', '1', 76, 35455457.00),
('99911122222', '20240803', 'ORD000624', 'EXE000624', '000004', '2', 47, 1669712.00),
('99911122222', '20240602', 'ORD000625', 'EXE000625', '000005', '1', 72, 15488218.00),
('99911122222', '20240302', 'ORD000626', 'EXE000626', '000006', '1', 54, 2641188.00),
('99911122222', '20240703', 'ORD000627', 'EXE000627', '000007', '1', 59, 38395777.00),
('99911122222', '20240220', 'ORD000628', 'EXE000628', '000008', '2', 71, 4658332.00),
('99911122222', '20240315', 'ORD000629', 'EXE000629', '000009', '1', 70, 40961213.00),
('99911122222', '20240723', 'ORD000630', 'EXE000630', '000010', '1', 67, 49517815.00),
('99911122222', '20240305', 'ORD000631', 'EXE000631', '000011', '2', 51, 12836234.00),
('99911122222', '20240210', 'ORD000632', 'EXE000632', '000012', '1', 42, 26619713.00),
('99911122222', '20240204', 'ORD000633', 'EXE000633', '000013', '2', 70, 16064847.00),
('99911122222', '20240920', 'ORD000634', 'EXE000634', '000014', '2', 7, 34981039.00),
('99911122222', '20240126', 'ORD000635', 'EXE000635', '000015', '2', 52, 22586830.00),
('99911122222', '20241020', 'ORD000636', 'EXE000636', '000016', '2', 74, 32820155.00),
('99911122222', '20240627', 'ORD000637', 'EXE000637', '000017', '1', 33, 46724973.00),
('99911122222', '20240910', 'ORD000638', 'EXE000638', '000018', '2', 87, 5643746.00),
('99911122222', '20240219', 'ORD000639', 'EXE000639', '000019', '1', 6, 46039397.00),
('99911122222', '20240906', 'ORD000640', 'EXE000640', '000020', '2', 46, 29575843.00),
('99911122222', '20240705', 'ORD000641', 'EXE000641', '000001', '1', 93, 22650053.00),
('99911122222', '20240802', 'ORD000642', 'EXE000642', '000002', '1', 30, 1576274.00),
('99911122222', '20241001', 'ORD000643', 'EXE000643', '000003', '1', 91, 15365883.00),
('99911122222', '20240716', 'ORD000644', 'EXE000644', '000004', '1', 78, 27821343.00),
('99911122222', '20240115', 'ORD000645', 'EXE000645', '000005', '1', 72, 3368451.00),
('99911122222', '20240517', 'ORD000646', 'EXE000646', '000006', '1', 63, 13937674.00),
('99911122222', '20240804', 'ORD000647', 'EXE000647', '000007', '2', 87, 14304640.00),
('99911122222', '20240607', 'ORD000648', 'EXE000648', '000008', '2', 33, 8636708.00),
('99911122222', '20240615', 'ORD000649', 'EXE000649', '000009', '2', 23, 32110515.00),
('99911122222', '20240507', 'ORD000650', 'EXE000650', '000010', '1', 9, 39911837.00),
('99911122222', '20241002', 'ORD000651', 'EXE000651', '000011', '1', 39, 18333680.00),
('99911122222', '20240927', 'ORD000652', 'EXE000652', '000012', '1', 23, 32685402.00),
('99911122222', '20240409', 'ORD000653', 'EXE000653', '000013', '2', 83, 31460327.00),
('99911122222', '20240901', 'ORD000654', 'EXE000654', '000014', '2', 50, 37188442.00),
('99911122222', '20240226', 'ORD000655', 'EXE000655', '000015', '1', 23, 21892834.00),
('99911122222', '20240309', 'ORD000656', 'EXE000656', '000016', '2', 18, 35375834.00),
('99911122222', '20240701', 'ORD000657', 'EXE000657', '000017', '1', 99, 30068095.00),
('99911122222', '20240524', 'ORD000658', 'EXE000658', '000018', '2', 72, 3641331.00),
('99911122222', '20240308', 'ORD000659', 'EXE000659', '000019', '1', 79, 44856688.00),
('99911122222', '20240606', 'ORD000660', 'EXE000660', '000020', '2', 39, 31137733.00),
('99911122222', '20240512', 'ORD000661', 'EXE000661', '000001', '2', 67, 26586935.00),
('99911122222', '20240823', 'ORD000662', 'EXE000662', '000002', '2', 8, 18369036.00),
('99911122222', '20241003', 'ORD000663', 'EXE000663', '000003', '1', 81, 32537232.00),
('99911122222', '20241023', 'ORD000664', 'EXE000664', '000004', '2', 23, 19414610.00),
('99911122222', '20240423', 'ORD000665', 'EXE000665', '000005', '2', 65, 10869967.00),
('99911122222', '20240609', 'ORD000666', 'EXE000666', '000006', '2', 43, 9637048.00),
('99911122222', '20240908', 'ORD000667', 'EXE000667', '000007', '1', 32, 18202478.00),
('99911122222', '20240724', 'ORD000668', 'EXE000668', '000008', '2', 8, 12245983.00),
('99911122222', '20240123', 'ORD000669', 'EXE000669', '000009', '2', 38, 27027420.00),
('99911122222', '20240724', 'ORD000670', 'EXE000670', '000010', '1', 19, 39210086.00),
('99911122222', '20240901', 'ORD000671', 'EXE000671', '000011', '2', 50, 12559693.00),
('99911122222', '20241025', 'ORD000672', 'EXE000672', '000012', '2', 25, 44285583.00),
('99911122222', '20241004', 'ORD000673', 'EXE000673', '000013', '2', 18, 16630447.00),
('99911122222', '20240511', 'ORD000674', 'EXE000674', '000014', '2', 81, 1155482.00),
('99911122222', '20240218', 'ORD000675', 'EXE000675', '000015', '1', 67, 955395.00),
('99911122222', '20240507', 'ORD000676', 'EXE000676', '000016', '1', 58, 947359.00),
('99911122222', '20240311', 'ORD000677', 'EXE000677', '000017', '1', 4, 897236.00),
('99911122222', '20240307', 'ORD000678', 'EXE000678', '000018', '2', 50, 10650495.00),
('99911122222', '20240427', 'ORD000679', 'EXE000679', '000019', '1', 90, 44194018.00),
('99911122222', '20241026', 'ORD000680', 'EXE000680', '000020', '2', 74, 19561063.00),
('99911122222', '20240420', 'ORD000681', 'EXE000681', '000001', '2', 92, 18502901.00),
('99911122222', '20240215', 'ORD000682', 'EXE000682', '000002', '1', 28, 21182571.00),
('99911122222', '20241003', 'ORD000683', 'EXE000683', '000003', '1', 62, 34283867.00),
('99911122222', '20240218', 'ORD000684', 'EXE000684', '000004', '2', 77, 45669258.00),
('99911122222', '20241020', 'ORD000685', 'EXE000685', '000005', '2', 59, 34254229.00),
('99911122222', '20240827', 'ORD000686', 'EXE000686', '000006', '2', 80, 39285459.00),
('99911122222', '20240117', 'ORD000687', 'EXE000687', '000007', '1', 87, 39099667.00),
('99911122222', '20240308', 'ORD000688', 'EXE000688', '000008', '2', 78, 19651494.00),
('99911122222', '20240601', 'ORD000689', 'EXE000689', '000009', '1', 76, 28827428.00),
('99911122222', '20240525', 'ORD000690', 'EXE000690', '000010', '1', 100, 3439370.00),
('99911122222', '20240902', 'ORD000691', 'EXE000691', '000011', '2', 14, 28671529.00),
('99911122222', '20240309', 'ORD000692', 'EXE000692', '000012', '1', 24, 47868952.00),
('99911122222', '20240504', 'ORD000693', 'EXE000693', '000013', '1', 73, 43850350.00),
('99911122222', '20240215', 'ORD000694', 'EXE000694', '000014', '1', 95, 24494791.00),
('99911122222', '20240408', 'ORD000695', 'EXE000695', '000015', '1', 70, 27337308.00),
('99911122222', '20240208', 'ORD000696', 'EXE000696', '000016', '1', 48, 37187430.00),
('99911122222', '20240621', 'ORD000697', 'EXE000697', '000017', '1', 21, 19282137.00),
('99911122222', '20240404', 'ORD000698', 'EXE000698', '000018', '2', 98, 21620423.00),
('99911122222', '20240509', 'ORD000699', 'EXE000699', '000019', '2', 6, 2824174.00),
('99911122222', '20240201', 'ORD000700', 'EXE000700', '000020', '2', 8, 6718423.00),
('99911122222', '20240417', 'ORD000701', 'EXE000701', '000001', '2', 2, 3273108.00),
('99911122222', '20240106', 'ORD000702', 'EXE000702', '000002', '1', 75, 14326806.00),
('99911122222', '20241020', 'ORD000703', 'EXE000703', '000003', '1', 54, 3347324.00),
('99911122222', '20240907', 'ORD000704', 'EXE000704', '000004', '2', 34, 15428735.00),
('99911122222', '20241020', 'ORD000705', 'EXE000705', '000005', '1', 68, 19893007.00),
('99911122222', '20240824', 'ORD000706', 'EXE000706', '000006', '1', 65, 29412621.00),
('99911122222', '20240229', 'ORD000707', 'EXE000707', '000007', '2', 22, 7956510.00),
('99911122222', '20240913', 'ORD000708', 'EXE000708', '000008', '2', 79, 16693596.00),
('99911122222', '20240131', 'ORD000709', 'EXE000709', '000009', '2', 59, 42412050.00),
('99911122222', '20240523', 'ORD000710', 'EXE000710', '000010', '1', 2, 42268107.00),
('99911122222', '20240414', 'ORD000711', 'EXE000711', '000011', '2', 75, 10951736.00),
('99911122222', '20240630', 'ORD000712', 'EXE000712', '000012', '2', 92, 7335162.00),
('99911122222', '20240925', 'ORD000713', 'EXE000713', '000013', '2', 79, 22956597.00),
('99911122222', '20240902', 'ORD000714', 'EXE000714', '000014', '2', 60, 20051234.00),
('99911122222', '20240126', 'ORD000715', 'EXE000715', '000015', '2', 4, 6299410.00),
('99911122222', '20240812', 'ORD000716', 'EXE000716', '000016', '2', 6, 15471048.00),
('99911122222', '20240519', 'ORD000717', 'EXE000717', '000017', '1', 66, 32108011.00),
('99911122222', '20240405', 'ORD000718', 'EXE000718', '000018', '1', 99, 24906347.00),
('99911122222', '20241003', 'ORD000719', 'EXE000719', '000019', '1', 95, 49932928.00),
('99911122222', '20240525', 'ORD000720', 'EXE000720', '000020', '2', 77, 19149662.00),
('99911122222', '20240316', 'ORD000721', 'EXE000721', '000001', '2', 82, 10220140.00),
('99911122222', '20240730', 'ORD000722', 'EXE000722', '000002', '2', 4, 11506385.00),
('99911122222', '20240515', 'ORD000723', 'EXE000723', '000003', '2', 2, 21456431.00),
('99911122222', '20240310', 'ORD000724', 'EXE000724', '000004', '1', 10, 22767965.00),
('99911122222', '20240629', 'ORD000725', 'EXE000725', '000005', '2', 79, 40836853.00),
('99911122222', '20240102', 'ORD000726', 'EXE000726', '000006', '2', 98, 14052241.00),
('99911122222', '20240927', 'ORD000727', 'EXE000727', '000007', '2', 88, 49675487.00),
('99911122222', '20240420', 'ORD000728', 'EXE000728', '000008', '2', 20, 45629716.00),
('99911122222', '20240813', 'ORD000729', 'EXE000729', '000009', '1', 42, 46122067.00),
('99911122222', '20240226', 'ORD000730', 'EXE000730', '000010', '1', 93, 25128262.00),
('99911122222', '20240916', 'ORD000731', 'EXE000731', '000011', '1', 66, 40519142.00),
('99911122222', '20240812', 'ORD000732', 'EXE000732', '000012', '1', 65, 19716567.00),
('99911122222', '20240706', 'ORD000733', 'EXE000733', '000013', '2', 60, 3151664.00),
('99911122222', '20240923', 'ORD000734', 'EXE000734', '000014', '2', 51, 9711470.00),
('99911122222', '20240416', 'ORD000735', 'EXE000735', '000015', '1', 9, 23966448.00),
('99911122222', '20241017', 'ORD000736', 'EXE000736', '000016', '2', 40, 8101637.00),
('99911122222', '20240212', 'ORD000737', 'EXE000737', '000017', '1', 35, 14337714.00),
('99911122222', '20240626', 'ORD000738', 'EXE000738', '000018', '2', 95, 43555709.00),
('99911122222', '20240123', 'ORD000739', 'EXE000739', '000019', '1', 55, 15805401.00),
('99911122222', '20240625', 'ORD000740', 'EXE000740', '000020', '1', 60, 2422858.00),
('99911122222', '20241002', 'ORD000741', 'EXE000741', '000001', '2', 82, 7416127.00),
('99911122222', '20240506', 'ORD000742', 'EXE000742', '000002', '1', 42, 42512116.00),
('99911122222', '20241001', 'ORD000743', 'EXE000743', '000003', '1', 33, 23055736.00),
('99911122222', '20240811', 'ORD000744', 'EXE000744', '000004', '2', 72, 43020598.00),
('99911122222', '20240829', 'ORD000745', 'EXE000745', '000005', '1', 43, 12535801.00),
('99911122222', '20240116', 'ORD000746', 'EXE000746', '000006', '1', 88, 11478809.00),
('99911122222', '20241019', 'ORD000747', 'EXE000747', '000007', '2', 11, 15486340.00),
('99911122222', '20240804', 'ORD000748', 'EXE000748', '000008', '1', 17, 17625879.00),
('99911122222', '20240715', 'ORD000749', 'EXE000749', '000009', '1', 99, 44340146.00),
('99911122222', '20240707', 'ORD000750', 'EXE000750', '000010', '1', 89, 6367922.00),
('99911122222', '20240410', 'ORD000751', 'EXE000751', '000011', '2', 86, 45065907.00),
('99911122222', '20240802', 'ORD000752', 'EXE000752', '000012', '1', 39, 19795717.00),
('99911122222', '20240111', 'ORD000753', 'EXE000753', '000013', '1', 5, 45737367.00),
('99911122222', '20240830', 'ORD000754', 'EXE000754', '000014', '2', 19, 15317387.00),
('99911122222', '20240509', 'ORD000755', 'EXE000755', '000015', '1', 37, 3983389.00),
('99911122222', '20240128', 'ORD000756', 'EXE000756', '000016', '1', 41, 213607.00),
('99911122222', '20241010', 'ORD000757', 'EXE000757', '000017', '2', 54, 14757428.00),
('99911122222', '20240901', 'ORD000758', 'EXE000758', '000018', '1', 9, 46704122.00),
('99911122222', '20240124', 'ORD000759', 'EXE000759', '000019', '2', 26, 45333751.00),
('99911122222', '20240108', 'ORD000760', 'EXE000760', '000020', '2', 52, 4510959.00),
('99911122222', '20240204', 'ORD000761', 'EXE000761', '000001', '1', 55, 24113987.00),
('99911122222', '20240317', 'ORD000762', 'EXE000762', '000002', '1', 40, 14883944.00),
('99911122222', '20240229', 'ORD000763', 'EXE000763', '000003', '2', 6, 35780030.00),
('99911122222', '20240508', 'ORD000764', 'EXE000764', '000004', '2', 53, 11205723.00),
('99911122222', '20240219', 'ORD000765', 'EXE000765', '000005', '1', 47, 11782418.00),
('99911122222', '20240406', 'ORD000766', 'EXE000766', '000006', '1', 87, 2853447.00),
('99911122222', '20240610', 'ORD000767', 'EXE000767', '000007', '1', 91, 40916068.00),
('99911122222', '20240319', 'ORD000768', 'EXE000768', '000008', '2', 59, 44315890.00),
('99911122222', '20240807', 'ORD000769', 'EXE000769', '000009', '1', 21, 6125522.00),
('99911122222', '20240130', 'ORD000770', 'EXE000770', '000010', '2', 76, 31735422.00),
('99911122222', '20240825', 'ORD000771', 'EXE000771', '000011', '1', 48, 30668587.00),
('99911122222', '20240826', 'ORD000772', 'EXE000772', '000012', '1', 27, 13996146.00),
('99911122222', '20240424', 'ORD000773', 'EXE000773', '000013', '2', 32, 17637480.00),
('99911122222', '20240822', 'ORD000774', 'EXE000774', '000014', '1', 33, 35967647.00),
('99911122222', '20240801', 'ORD000775', 'EXE000775', '000015', '1', 60, 48420511.00),
('99911122222', '20240501', 'ORD000776', 'EXE000776', '000016', '1', 65, 48621577.00),
('99911122222', '20241016', 'ORD000777', 'EXE000777', '000017', '1', 43, 29101383.00),
('99911122222', '20240403', 'ORD000778', 'EXE000778', '000018', '2', 19, 11934729.00),
('99911122222', '20240113', 'ORD000779', 'EXE000779', '000019', '2', 7, 2244833.00),
('99911122222', '20240319', 'ORD000780', 'EXE000780', '000020', '1', 1, 2481440.00),
('99911122222', '20240814', 'ORD000781', 'EXE000781', '000001', '2', 35, 8770557.00),
('99911122222', '20240216', 'ORD000782', 'EXE000782', '000002', '1', 94, 32671684.00),
('99911122222', '20240715', 'ORD000783', 'EXE000783', '000003', '1', 11, 35396474.00),
('99911122222', '20240103', 'ORD000784', 'EXE000784', '000004', '2', 24, 48512010.00),
('99911122222', '20240119', 'ORD000785', 'EXE000785', '000005', '2', 81, 4494145.00),
('99911122222', '20240804', 'ORD000786', 'EXE000786', '000006', '2', 92, 13912385.00),
('99911122222', '20240426', 'ORD000787', 'EXE000787', '000007', '1', 73, 2147110.00),
('99911122222', '20240920', 'ORD000788', 'EXE000788', '000008', '1', 63, 13637911.00),
('99911122222', '20240706', 'ORD000789', 'EXE000789', '000009', '2', 86, 15797698.00),
('99911122222', '20240115', 'ORD000790', 'EXE000790', '000010', '1', 2, 35638417.00),
('99911122222', '20240718', 'ORD000791', 'EXE000791', '000011', '2', 23, 8172249.00),
('99911122222', '20240606', 'ORD000792', 'EXE000792', '000012', '1', 36, 333994.00),
('99911122222', '20240529', 'ORD000793', 'EXE000793', '000013', '2', 61, 5256921.00),
('99911122222', '20240904', 'ORD000794', 'EXE000794', '000014', '2', 99, 33496525.00),
('99911122222', '20241004', 'ORD000795', 'EXE000795', '000015', '2', 64, 40835644.00),
('99911122222', '20240903', 'ORD000796', 'EXE000796', '000016', '2', 11, 33875385.00),
('99911122222', '20240413', 'ORD000797', 'EXE000797', '000017', '2', 53, 33534813.00),
('99911122222', '20240415', 'ORD000798', 'EXE000798', '000018', '1', 31, 1766698.00),
('99911122222', '20240213', 'ORD000799', 'EXE000799', '000019', '1', 56, 11377809.00),
('99911122222', '20240320', 'ORD000800', 'EXE000800', '000020', '2', 26, 8325003.00),
('99911122222', '20240827', 'ORD000801', 'EXE000801', '000001', '2', 86, 26793673.00),
('99911122222', '20240719', 'ORD000802', 'EXE000802', '000002', '2', 82, 27149853.00),
('99911122222', '20240303', 'ORD000803', 'EXE000803', '000003', '1', 78, 12794170.00),
('99911122222', '20240816', 'ORD000804', 'EXE000804', '000004', '2', 47, 3864342.00),
('99911122222', '20240510', 'ORD000805', 'EXE000805', '000005', '1', 53, 6056725.00),
('99911122222', '20240425', 'ORD000806', 'EXE000806', '000006', '2', 16, 46558518.00),
('99911122222', '20240408', 'ORD000807', 'EXE000807', '000007', '1', 60, 29259908.00),
('99911122222', '20240411', 'ORD000808', 'EXE000808', '000008', '2', 5, 34113052.00),
('99911122222', '20240420', 'ORD000809', 'EXE000809', '000009', '2', 65, 28587328.00),
('99911122222', '20240721', 'ORD000810', 'EXE000810', '000010', '1', 58, 12216045.00),
('99911122222', '20240523', 'ORD000811', 'EXE000811', '000011', '1', 67, 10294900.00),
('99911122222', '20240826', 'ORD000812', 'EXE000812', '000012', '2', 84, 15438575.00),
('99911122222', '20240403', 'ORD000813', 'EXE000813', '000013', '1', 30, 44469904.00),
('99911122222', '20240112', 'ORD000814', 'EXE000814', '000014', '1', 61, 4494849.00),
('99911122222', '20240427', 'ORD000815', 'EXE000815', '000015', '1', 36, 33272479.00),
('99911122222', '20240503', 'ORD000816', 'EXE000816', '000016', '1', 5, 20909353.00),
('99911122222', '20240517', 'ORD000817', 'EXE000817', '000017', '1', 25, 6548203.00),
('99911122222', '20240710', 'ORD000818', 'EXE000818', '000018', '1', 46, 2687188.00),
('99911122222', '20241027', 'ORD000819', 'EXE000819', '000019', '2', 9, 23023870.00),
('99911122222', '20240705', 'ORD000820', 'EXE000820', '000020', '2', 40, 2223528.00),
('99911122222', '20240105', 'ORD000821', 'EXE000821', '000001', '2', 68, 3469291.00),
('99911122222', '20240904', 'ORD000822', 'EXE000822', '000002', '1', 7, 11950009.00),
('99911122222', '20240822', 'ORD000823', 'EXE000823', '000003', '1', 45, 19516220.00),
('99911122222', '20240516', 'ORD000824', 'EXE000824', '000004', '1', 74, 15796802.00),
('99911122222', '20240525', 'ORD000825', 'EXE000825', '000005', '2', 57, 1319833.00),
('99911122222', '20241019', 'ORD000826', 'EXE000826', '000006', '2', 29, 46931702.00),
('99911122222', '20240204', 'ORD000827', 'EXE000827', '000007', '2', 30, 2821733.00),
('99911122222', '20240222', 'ORD000828', 'EXE000828', '000008', '2', 14, 24834597.00),
('99911122222', '20240725', 'ORD000829', 'EXE000829', '000009', '2', 23, 4556349.00),
('99911122222', '20241011', 'ORD000830', 'EXE000830', '000010', '1', 27, 16833018.00),
('99911122222', '20240507', 'ORD000831', 'EXE000831', '000011', '1', 82, 23884634.00),
('99911122222', '20240207', 'ORD000832', 'EXE000832', '000012', '1', 6, 29012851.00),
('99911122222', '20240929', 'ORD000833', 'EXE000833', '000013', '1', 24, 39495711.00),
('99911122222', '20240818', 'ORD000834', 'EXE000834', '000014', '1', 90, 33054473.00),
('99911122222', '20240622', 'ORD000835', 'EXE000835', '000015', '1', 76, 33202101.00),
('99911122222', '20240113', 'ORD000836', 'EXE000836', '000016', '2', 12, 17004647.00),
('99911122222', '20240316', 'ORD000837', 'EXE000837', '000017', '2', 5, 22268223.00),
('99911122222', '20240605', 'ORD000838', 'EXE000838', '000018', '2', 15, 28007742.00),
('99911122222', '20240302', 'ORD000839', 'EXE000839', '000019', '2', 76, 19821575.00),
('99911122222', '20240623', 'ORD000840', 'EXE000840', '000020', '1', 57, 5932974.00),
('99911122222', '20240718', 'ORD000841', 'EXE000841', '000001', '1', 65, 34780707.00),
('99911122222', '20241002', 'ORD000842', 'EXE000842', '000002', '2', 59, 41762834.00),
('99911122222', '20240125', 'ORD000843', 'EXE000843', '000003', '2', 1, 19382116.00),
('99911122222', '20241026', 'ORD000844', 'EXE000844', '000004', '1', 36, 20337755.00),
('99911122222', '20240407', 'ORD000845', 'EXE000845', '000005', '2', 53, 37549184.00),
('99911122222', '20240422', 'ORD000846', 'EXE000846', '000006', '1', 13, 30180386.00),
('99911122222', '20240830', 'ORD000847', 'EXE000847', '000007', '2', 21, 3151124.00),
('99911122222', '20240718', 'ORD000848', 'EXE000848', '000008', '2', 84, 21507031.00),
('99911122222', '20240818', 'ORD000849', 'EXE000849', '000009', '2', 68, 34121031.00),
('99911122222', '20240922', 'ORD000850', 'EXE000850', '000010', '1', 75, 9481996.00),
('99911122222', '20240825', 'ORD000851', 'EXE000851', '000011', '1', 2, 5593783.00),
('99911122222', '20240723', 'ORD000852', 'EXE000852', '000012', '1', 4, 33299869.00),
('99911122222', '20240727', 'ORD000853', 'EXE000853', '000013', '1', 27, 44145534.00),
('99911122222', '20240625', 'ORD000854', 'EXE000854', '000014', '2', 57, 41555930.00),
('99911122222', '20240715', 'ORD000855', 'EXE000855', '000015', '2', 31, 29735035.00),
('99911122222', '20241001', 'ORD000856', 'EXE000856', '000016', '1', 84, 43750505.00),
('99911122222', '20240529', 'ORD000857', 'EXE000857', '000017', '1', 81, 22490400.00),
('99911122222', '20240826', 'ORD000858', 'EXE000858', '000018', '1', 34, 26956599.00),
('99911122222', '20240106', 'ORD000859', 'EXE000859', '000019', '1', 14, 13202697.00),
('99911122222', '20240216', 'ORD000860', 'EXE000860', '000020', '2', 14, 43125037.00),
('99911122222', '20240422', 'ORD000861', 'EXE000861', '000001', '2', 69, 317243.00),
('99911122222', '20240127', 'ORD000862', 'EXE000862', '000002', '2', 96, 9166552.00),
('99911122222', '20240128', 'ORD000863', 'EXE000863', '000003', '1', 59, 3912063.00),
('99911122222', '20240925', 'ORD000864', 'EXE000864', '000004', '2', 56, 1105129.00),
('99911122222', '20240523', 'ORD000865', 'EXE000865', '000005', '1', 20, 25575197.00),
('99911122222', '20241024', 'ORD000866', 'EXE000866', '000006', '2', 48, 29947287.00),
('99911122222', '20240206', 'ORD000867', 'EXE000867', '000007', '2', 48, 26575147.00),
('99911122222', '20240328', 'ORD000868', 'EXE000868', '000008', '2', 68, 4590813.00),
('99911122222', '20240115', 'ORD000869', 'EXE000869', '000009', '2', 74, 39765897.00),
('99911122222', '20240530', 'ORD000870', 'EXE000870', '000010', '2', 72, 16892191.00),
('99911122222', '20240229', 'ORD000871', 'EXE000871', '000011', '1', 29, 11969933.00),
('99911122222', '20240526', 'ORD000872', 'EXE000872', '000012', '1', 19, 11796677.00),
('99911122222', '20240710', 'ORD000873', 'EXE000873', '000013', '1', 94, 19370021.00),
('99911122222', '20240718', 'ORD000874', 'EXE000874', '000014', '2', 53, 3462477.00),
('99911122222', '20240928', 'ORD000875', 'EXE000875', '000015', '2', 15, 3898609.00),
('99911122222', '20240704', 'ORD000876', 'EXE000876', '000016', '2', 55, 6259496.00),
('99911122222', '20241009', 'ORD000877', 'EXE000877', '000017', '2', 62, 45991409.00),
('99911122222', '20240605', 'ORD000878', 'EXE000878', '000018', '2', 65, 31566825.00),
('99911122222', '20241003', 'ORD000879', 'EXE000879', '000019', '2', 54, 32857178.00),
('99911122222', '20240621', 'ORD000880', 'EXE000880', '000020', '2', 91, 24824142.00),
('99911122222', '20240322', 'ORD000881', 'EXE000881', '000001', '2', 7, 20852308.00),
('99911122222', '20240803', 'ORD000882', 'EXE000882', '000002', '2', 27, 12519177.00),
('99911122222', '20240718', 'ORD000883', 'EXE000883', '000003', '1', 55, 27176674.00),
('99911122222', '20240514', 'ORD000884', 'EXE000884', '000004', '2', 82, 37544811.00),
('99911122222', '20240406', 'ORD000885', 'EXE000885', '000005', '1', 45, 37040023.00),
('99911122222', '20240102', 'ORD000886', 'EXE000886', '000006', '1', 79, 13780064.00),
('99911122222', '20240606', 'ORD000887', 'EXE000887', '000007', '2', 81, 9736793.00),
('99911122222', '20240422', 'ORD000888', 'EXE000888', '000008', '2', 19, 32562583.00),
('99911122222', '20240729', 'ORD000889', 'EXE000889', '000009', '1', 66, 33017065.00),
('99911122222', '20240924', 'ORD000890', 'EXE000890', '000010', '1', 90, 5504374.00),
('99911122222', '20240926', 'ORD000891', 'EXE000891', '000011', '1', 36, 36214871.00),
('99911122222', '20240929', 'ORD000892', 'EXE000892', '000012', '1', 48, 10060574.00),
('99911122222', '20240116', 'ORD000893', 'EXE000893', '000013', '2', 76, 33518402.00),
('99911122222', '20241023', 'ORD000894', 'EXE000894', '000014', '2', 24, 46721986.00),
('99911122222', '20240326', 'ORD000895', 'EXE000895', '000015', '1', 74, 47241600.00),
('99911122222', '20240109', 'ORD000896', 'EXE000896', '000016', '1', 36, 11908824.00),
('99911122222', '20240425', 'ORD000897', 'EXE000897', '000017', '2', 94, 38155982.00),
('99911122222', '20240322', 'ORD000898', 'EXE000898', '000018', '2', 34, 23050364.00),
('99911122222', '20240802', 'ORD000899', 'EXE000899', '000019', '2', 19, 6481350.00),
('99911122222', '20240428', 'ORD000900', 'EXE000900', '000020', '2', 63, 22510956.00),
('99911122222', '20240228', 'ORD000901', 'EXE000901', '000001', '2', 3, 1844217.00),
('99911122222', '20240406', 'ORD000902', 'EXE000902', '000002', '2', 44, 43857745.00),
('99911122222', '20240220', 'ORD000903', 'EXE000903', '000003', '1', 16, 15917105.00),
('99911122222', '20240622', 'ORD000904', 'EXE000904', '000004', '2', 75, 33394113.00),
('99911122222', '20240319', 'ORD000905', 'EXE000905', '000005', '2', 100, 34518582.00),
('99911122222', '20240704', 'ORD000906', 'EXE000906', '000006', '1', 17, 915404.00),
('99911122222', '20240921', 'ORD000907', 'EXE000907', '000007', '1', 55, 23049519.00),
('99911122222', '20240101', 'ORD000908', 'EXE000908', '000008', '2', 40, 48876841.00),
('99911122222', '20240210', 'ORD000909', 'EXE000909', '000009', '2', 71, 47164707.00),
('99911122222', '20240504', 'ORD000910', 'EXE000910', '000010', '1', 18, 16411446.00),
('99911122222', '20241018', 'ORD000911', 'EXE000911', '000011', '2', 25, 42937403.00),
('99911122222', '20240527', 'ORD000912', 'EXE000912', '000012', '1', 42, 40352252.00),
('99911122222', '20240205', 'ORD000913', 'EXE000913', '000013', '1', 20, 8537027.00),
('99911122222', '20241024', 'ORD000914', 'EXE000914', '000014', '1', 38, 35462908.00),
('99911122222', '20240706', 'ORD000915', 'EXE000915', '000015', '2', 72, 24263476.00),
('99911122222', '20240901', 'ORD000916', 'EXE000916', '000016', '2', 75, 28708622.00),
('99911122222', '20240208', 'ORD000917', 'EXE000917', '000017', '2', 54, 47916524.00),
('99911122222', '20240214', 'ORD000918', 'EXE000918', '000018', '2', 14, 39334856.00),
('99911122222', '20240523', 'ORD000919', 'EXE000919', '000019', '2', 64, 24458955.00),
('99911122222', '20240922', 'ORD000920', 'EXE000920', '000020', '1', 26, 48213425.00),
('99911122222', '20240320', 'ORD000921', 'EXE000921', '000001', '1', 8, 8374035.00),
('99911122222', '20240317', 'ORD000922', 'EXE000922', '000002', '1', 76, 16237186.00),
('99911122222', '20240618', 'ORD000923', 'EXE000923', '000003', '2', 64, 32380622.00),
('99911122222', '20240419', 'ORD000924', 'EXE000924', '000004', '2', 69, 37051078.00),
('99911122222', '20240201', 'ORD000925', 'EXE000925', '000005', '1', 44, 41230189.00),
('99911122222', '20240929', 'ORD000926', 'EXE000926', '000006', '2', 35, 25121619.00),
('99911122222', '20241001', 'ORD000927', 'EXE000927', '000007', '1', 86, 36411281.00),
('99911122222', '20240528', 'ORD000928', 'EXE000928', '000008', '2', 77, 24479972.00),
('99911122222', '20240611', 'ORD000929', 'EXE000929', '000009', '2', 50, 29661915.00),
('99911122222', '20240727', 'ORD000930', 'EXE000930', '000010', '2', 69, 32241877.00);

-- 4. 리밸런싱마스터 (15개)
INSERT INTO rebalancing_master (rebalancing_strategy_code, rebalancing_name, rebalancing_description, risk_level, investment_style, keyword1, keyword2, keyword3) VALUES
('CONSERVATIVE_01', '안정형 포트폴리오', '안전자산 중심의 보수적 투자 전략', '저위험', '지수추종', '안정성', '보수적', '저위험'),
('BALANCED_01', '균형형 포트폴리오', '주식과 채권의 균형잡힌 분산투자', '중위험', '지수추종', '균형', '분산투자', '중위험'),
('GROWTH_01', '성장형 포트폴리오', '성장주 중심의 적극적 투자 전략', '고위험', '성장투자', '성장성', '적극적', '고수익'),
('DIVIDEND_01', '배당형 포트폴리오', '배당수익을 중시하는 안정적 수익 추구', '저위험', '배당투자', '배당', '수익', '안정적'),
('TECH_01', 'IT기술주 포트폴리오', 'IT 기술주에 집중 투자하는 전략', '고위험', '테마/모멘텀', '기술주', 'IT', '혁신'),
('GLOBAL_01', '글로벌 포트폴리오', '해외 주식 분산투자를 통한 글로벌 전략', '중위험', '지수추종', '글로벌', '해외투자', '분산'),
('ESG_01', 'ESG 포트폴리오', '지속가능경영 기업 중심 투자', '중위험', '가치투자', '지속가능', '친환경', 'ESG'),
('SMALL_CAP_01', '중소형주 포트폴리오', '중소형 성장주 중심 투자 전략', '고위험', '성장투자', '중소형주', '성장', '고성장'),
('VALUE_01', '가치투자 포트폴리오', '저평가된 우량주 중심 투자', '중위험', '가치투자', '가치투자', '저평가', '우량주'),
('SECTOR_01', '섹터별 포트폴리오', '업종별 분산투자 전략', '중위험', '테마/모멘텀', '섹터', '업종분산', '다양화'),
('MOMENTUM_01', '모멘텀 포트폴리오', '상승 추세 종목 중심 투자', '초고위험', '테마/모멘텀', '모멘텀', '추세', '상승세'),
('DEFENSIVE_01', '방어형 포트폴리오', '경기방어주 중심의 안정적 투자', '초저위험', '배당투자', '방어', '경기방어주', '안정'),
('INCOME_01', '수익형 포트폴리오', '정기적 수익창출을 목적으로 하는 전략', '저위험', '배당투자', '수익창출', '정기수익', '안정수익'),
('EMERGING_01', '이머징 포트폴리오', '신흥시장 투자를 통한 고성장 추구', '초고위험', '성장투자', '신흥시장', '고성장', '이머징'),
('HYBRID_01', '하이브리드 포트폴리오', '여러 전략을 혼합한 복합 투자 전략', '중위험', '퀀트/시스템트레이딩', '복합전략', '하이브리드', '다전략');

-- 5. 리밸런싱분석 (15개, 전략별 분석)
INSERT INTO rebalancing_analysis (rebalancing_strategy_code, expected_return, volatility, max_drawdown, investor_preference) VALUES
('CONSERVATIVE_01', 10.27, 14.1, 21.6, 3),
('BALANCED_01', 16.75, 6.84, 31.32, 4),
('GROWTH_01', 3.98, 19.13, 18.34, 5),
('DIVIDEND_01', 15.3, 14.8, 33.18, 5),
('TECH_01', 9.18, 18.17, 14.34, 1),
('GLOBAL_01', 11.0, 8.69, 12.94, 4),
('ESG_01', 13.75, 8.3, 16.79, 4),
('SMALL_CAP_01', 13.07, 12.92, 32.54, 3),
('VALUE_01', 7.79, 17.9, 29.54, 2),
('SECTOR_01', 15.63, 5.31, 3.03, 2),
('MOMENTUM_01', 11.63, 7.94, 6.84, 1),
('DEFENSIVE_01', 5.66, 22.64, 19.45, 3),
('INCOME_01', 10.47, 13.52, 10.44, 5),
('EMERGING_01', 8.64, 5.39, 14.71, 3),
('HYBRID_01', 7.35, 21.14, 7.2, 2);

-- 6. 고객전략 (1개)
INSERT INTO customer_strategy (account_number, rebalancing_strategy_code, rebalancing_cycle, allowed_deviation, rebalancing_yn) VALUES
('99911122222', 'BALANCED_01', 30, 5.00, 'Y');

-- ========================================
-- 4단계: 입력 완료 확인
-- ========================================

-- 테이블별 데이터 건수 확인
SELECT 'stock_current_price' as table_name, COUNT(*) as row_count FROM stock_current_price
UNION ALL
SELECT 'customer_balance' as table_name, COUNT(*) as row_count FROM customer_balance
UNION ALL
SELECT 'trading_history' as table_name, COUNT(*) as row_count FROM trading_history
UNION ALL
SELECT 'rebalancing_master' as table_name, COUNT(*) as row_count FROM rebalancing_master
UNION ALL
SELECT 'rebalancing_analysis' as table_name, COUNT(*) as row_count FROM rebalancing_analysis
UNION ALL
SELECT 'customer_strategy' as table_name, COUNT(*) as row_count FROM customer_strategy;

-- 고객잔고 예수금 포함 확인
SELECT 
    account_number,
    COUNT(*) as stock_count,
    SUM(purchase_amount) as total_purchase,
    SUM(deposit_amount) as total_deposit
FROM customer_balance
WHERE account_number = '99911122222'
GROUP BY account_number;

-- 완료 메시지
SELECT '🎉 예수금 포함 모든 데이터 입력이 성공적으로 완료되었습니다!' as result;

