-- 7개 테이블 포함 완전한 데이터베이스 설정 스크립트
-- 생성일시: 2025-09-10 16:32:14

USE kpsdb;

-- ========================================
-- 1단계: 기존 데이터 완전 삭제
-- ========================================

-- 외래키 제약조건 임시 해제
SET FOREIGN_KEY_CHECKS = 0;

-- 기존 데이터 모두 삭제 (의존성 순서 고려)
DELETE FROM customer_deposit;
DELETE FROM rebalancing_analysis;
DELETE FROM customer_strategy; 
DELETE FROM customer_balance;
DELETE FROM trading_history;
DELETE FROM rebalancing_master;
DELETE FROM stock_current_price;

-- 외래키 제약조건 복원
SET FOREIGN_KEY_CHECKS = 1;

-- ========================================
-- 2단계: 7번째 테이블 생성 (없을 경우)
-- ========================================

-- 고객예수금 테이블 생성
CREATE TABLE IF NOT EXISTS customer_deposit (
    account_number CHAR(12) NOT NULL COMMENT '계좌번호 (12자리)',
    deposit_amount DECIMAL(15,2) NOT NULL DEFAULT 0 COMMENT '예수금',
    available_amount DECIMAL(15,2) NOT NULL DEFAULT 0 COMMENT '인출가능금액',
    frozen_amount DECIMAL(15,2) NOT NULL DEFAULT 0 COMMENT '동결금액',
    last_updated TIMESTAMP DEFAULT CURRENT_TIMESTAMP ON UPDATE CURRENT_TIMESTAMP COMMENT '최종업데이트일시',
    created_at TIMESTAMP DEFAULT CURRENT_TIMESTAMP COMMENT '생성일시',
    updated_at TIMESTAMP DEFAULT CURRENT_TIMESTAMP ON UPDATE CURRENT_TIMESTAMP COMMENT '수정일시',
    PRIMARY KEY (account_number),
    CHECK (deposit_amount >= 0),
    CHECK (available_amount >= 0),
    CHECK (frozen_amount >= 0),
    CHECK (deposit_amount = available_amount + frozen_amount)
) ENGINE=InnoDB DEFAULT CHARSET=utf8mb4 COLLATE=utf8mb4_unicode_ci COMMENT='고객예수금';

-- ========================================
-- 3단계: 새 데이터 입력 (7개 테이블)
-- ========================================

-- 1. 종목현재가 (2,500개)
INSERT INTO stock_current_price (stock_code, current_price) VALUES
('000001', 72509),
('000002', 366435),
('000003', 88311),
('000004', 181802),
('000005', 402664),
('000006', 692277),
('000007', 209629),
('000008', 711747),
('000009', 140594),
('000010', 36481),
('000011', 855722),
('000012', 469507),
('000013', 196613),
('000014', 799781),
('000015', 810887),
('000016', 90397),
('000017', 728988),
('000018', 481981),
('000019', 336632),
('000020', 875689),
('000021', 557074),
('000022', 490742),
('000023', 437212),
('000024', 433607),
('000025', 190130),
('000026', 612845),
('000027', 45489),
('000028', 134085),
('000029', 728052),
('000030', 725883),
('000031', 515883),
('000032', 272897),
('000033', 818057),
('000034', 785974),
('000035', 170065),
('000036', 445239),
('000037', 851443),
('000038', 55293),
('000039', 321591),
('000040', 338706),
('000041', 6910),
('000042', 371409),
('000043', 55199),
('000044', 462362),
('000045', 465285),
('000046', 477185),
('000047', 674096),
('000048', 796844),
('000049', 573075),
('000050', 704562),
('000051', 157726),
('000052', 490977),
('000053', 802652),
('000054', 870138),
('000055', 320706),
('000056', 837856),
('000057', 68971),
('000058', 701246),
('000059', 819203),
('000060', 405190),
('000061', 774208),
('000062', 505211),
('000063', 446773),
('000064', 159395),
('000065', 375649),
('000066', 29614),
('000067', 833466),
('000068', 622190),
('000069', 397447),
('000070', 13950),
('000071', 873415),
('000072', 449903),
('000073', 20535),
('000074', 465481),
('000075', 629274),
('000076', 740087),
('000077', 195103),
('000078', 885548),
('000079', 503466),
('000080', 524844),
('000081', 718918),
('000082', 537181),
('000083', 82092),
('000084', 686286),
('000085', 880937),
('000086', 299228),
('000087', 117479),
('000088', 690007),
('000089', 479043),
('000090', 311235),
('000091', 460839),
('000092', 810865),
('000093', 671692),
('000094', 499527),
('000095', 134833),
('000096', 489790),
('000097', 418360),
('000098', 129145),
('000099', 548430),
('000100', 792296),
('000101', 317226),
('000102', 148634),
('000103', 614539),
('000104', 377691),
('000105', 492251),
('000106', 582182),
('000107', 60545),
('000108', 320424),
('000109', 728337),
('000110', 427727),
('000111', 515262),
('000112', 239315),
('000113', 469329),
('000114', 285387),
('000115', 890810),
('000116', 100085),
('000117', 759958),
('000118', 339115),
('000119', 516967),
('000120', 470485),
('000121', 180866),
('000122', 159467),
('000123', 519748),
('000124', 752154),
('000125', 755754),
('000126', 896962),
('000127', 90440),
('000128', 72163),
('000129', 300855),
('000130', 592581),
('000131', 436249),
('000132', 159851),
('000133', 167271),
('000134', 754120),
('000135', 426218),
('000136', 317156),
('000137', 186459),
('000138', 826643),
('000139', 763409),
('000140', 893864),
('000141', 483909),
('000142', 202611),
('000143', 665263),
('000144', 462877),
('000145', 290307),
('000146', 270960),
('000147', 753526),
('000148', 465387),
('000149', 78704),
('000150', 246314),
('000151', 46527),
('000152', 696346),
('000153', 189640),
('000154', 637583),
('000155', 616932),
('000156', 437909),
('000157', 255144),
('000158', 478524),
('000159', 67342),
('000160', 210181),
('000161', 520195),
('000162', 62525),
('000163', 627062),
('000164', 721825),
('000165', 731186),
('000166', 558977),
('000167', 896022),
('000168', 635408),
('000169', 705293),
('000170', 533124),
('000171', 288720),
('000172', 286033),
('000173', 594418),
('000174', 81195),
('000175', 496692),
('000176', 804636),
('000177', 456021),
('000178', 256640),
('000179', 348451),
('000180', 741248),
('000181', 628931),
('000182', 374725),
('000183', 42309),
('000184', 847728),
('000185', 552906),
('000186', 534715),
('000187', 827455),
('000188', 589471),
('000189', 26493),
('000190', 772834),
('000191', 512955),
('000192', 406321),
('000193', 657038),
('000194', 685642),
('000195', 190970),
('000196', 478164),
('000197', 36677),
('000198', 587147),
('000199', 721906),
('000200', 257107),
('000201', 581969),
('000202', 756353),
('000203', 699805),
('000204', 838096),
('000205', 790033),
('000206', 320015),
('000207', 632700),
('000208', 462620),
('000209', 362467),
('000210', 34133),
('000211', 648226),
('000212', 543880),
('000213', 221841),
('000214', 855232),
('000215', 174388),
('000216', 128788),
('000217', 667849),
('000218', 502649),
('000219', 2723),
('000220', 316594),
('000221', 450169),
('000222', 775052),
('000223', 167341),
('000224', 38262),
('000225', 254991),
('000226', 798263),
('000227', 885690),
('000228', 6172),
('000229', 517305),
('000230', 105391),
('000231', 178396),
('000232', 702812),
('000233', 48808),
('000234', 394998),
('000235', 324386),
('000236', 378497),
('000237', 468297),
('000238', 101159),
('000239', 436762),
('000240', 786664),
('000241', 636693),
('000242', 508368),
('000243', 118940),
('000244', 60331),
('000245', 895831),
('000246', 655748),
('000247', 778660),
('000248', 340934),
('000249', 277995),
('000250', 826188),
('000251', 378529),
('000252', 179015),
('000253', 470599),
('000254', 153479),
('000255', 632135),
('000256', 167210),
('000257', 782950),
('000258', 242027),
('000259', 385097),
('000260', 53002),
('000261', 89004),
('000262', 317633),
('000263', 701101),
('000264', 577492),
('000265', 337156),
('000266', 435712),
('000267', 716711),
('000268', 856850),
('000269', 411234),
('000270', 336733),
('000271', 490683),
('000272', 240274),
('000273', 279624),
('000274', 76635),
('000275', 601001),
('000276', 108801),
('000277', 226791),
('000278', 96155),
('000279', 690904),
('000280', 457520),
('000281', 612254),
('000282', 776272),
('000283', 191660),
('000284', 272265),
('000285', 285857),
('000286', 87970),
('000287', 751181),
('000288', 800610),
('000289', 439886),
('000290', 325257),
('000291', 552115),
('000292', 257885),
('000293', 32837),
('000294', 281748),
('000295', 551725),
('000296', 350933),
('000297', 383504),
('000298', 2424),
('000299', 236262),
('000300', 562100),
('000301', 255074),
('000302', 176958),
('000303', 821051),
('000304', 873851),
('000305', 124178),
('000306', 389953),
('000307', 279149),
('000308', 766954),
('000309', 295574),
('000310', 537406),
('000311', 692139),
('000312', 126391),
('000313', 41951),
('000314', 137658),
('000315', 262378),
('000316', 403317),
('000317', 678110),
('000318', 304708),
('000319', 185068),
('000320', 231023),
('000321', 164079),
('000322', 826580),
('000323', 116774),
('000324', 340420),
('000325', 613799),
('000326', 687716),
('000327', 146113),
('000328', 447595),
('000329', 504433),
('000330', 643081),
('000331', 124508),
('000332', 569992),
('000333', 320955),
('000334', 610830),
('000335', 693809),
('000336', 205306),
('000337', 813381),
('000338', 822546),
('000339', 165100),
('000340', 380492),
('000341', 508774),
('000342', 262170),
('000343', 396955),
('000344', 494067),
('000345', 792529),
('000346', 647272),
('000347', 356813),
('000348', 545510),
('000349', 148208),
('000350', 603235),
('000351', 232526),
('000352', 622087),
('000353', 556423),
('000354', 718357),
('000355', 144597),
('000356', 326035),
('000357', 822851),
('000358', 818693),
('000359', 271945),
('000360', 895434),
('000361', 733280),
('000362', 782076),
('000363', 736731),
('000364', 621067),
('000365', 91059),
('000366', 809118),
('000367', 236996),
('000368', 293386),
('000369', 202100),
('000370', 304825),
('000371', 664771),
('000372', 720555),
('000373', 101456),
('000374', 694915),
('000375', 114625),
('000376', 827335),
('000377', 824943),
('000378', 800247),
('000379', 644664),
('000380', 412782),
('000381', 100321),
('000382', 244100),
('000383', 342679),
('000384', 231699),
('000385', 214659),
('000386', 604245),
('000387', 558562),
('000388', 35014),
('000389', 886004),
('000390', 108182),
('000391', 779135),
('000392', 47435),
('000393', 325706),
('000394', 368280),
('000395', 313038),
('000396', 776231),
('000397', 213614),
('000398', 688770),
('000399', 758236),
('000400', 540207),
('000401', 574111),
('000402', 196098),
('000403', 684016),
('000404', 240104),
('000405', 623547),
('000406', 883567),
('000407', 73816),
('000408', 36002),
('000409', 109058),
('000410', 706067),
('000411', 359271),
('000412', 504064),
('000413', 777731),
('000414', 452439),
('000415', 44570),
('000416', 856088),
('000417', 245553),
('000418', 153890),
('000419', 463833),
('000420', 579717),
('000421', 599969),
('000422', 50153),
('000423', 353478),
('000424', 577686),
('000425', 81389),
('000426', 742585),
('000427', 369619),
('000428', 507698),
('000429', 801636),
('000430', 533790),
('000431', 445085),
('000432', 391061),
('000433', 313583),
('000434', 500098),
('000435', 801987),
('000436', 591846),
('000437', 752770),
('000438', 883456),
('000439', 668657),
('000440', 571143),
('000441', 167077),
('000442', 341399),
('000443', 345114),
('000444', 320009),
('000445', 62295),
('000446', 349171),
('000447', 699814),
('000448', 280296),
('000449', 264102),
('000450', 478104),
('000451', 539593),
('000452', 308673),
('000453', 421602),
('000454', 296947),
('000455', 69678),
('000456', 647330),
('000457', 216128),
('000458', 554302),
('000459', 266776),
('000460', 255762),
('000461', 798666),
('000462', 860326),
('000463', 698318),
('000464', 597546),
('000465', 204346),
('000466', 346059),
('000467', 249608),
('000468', 812060),
('000469', 758677),
('000470', 520488),
('000471', 355451),
('000472', 865010),
('000473', 151351),
('000474', 695231),
('000475', 561402),
('000476', 219540),
('000477', 218523),
('000478', 436879),
('000479', 696324),
('000480', 629511),
('000481', 43319),
('000482', 386601),
('000483', 320147),
('000484', 495310),
('000485', 827935),
('000486', 576792),
('000487', 205326),
('000488', 452786),
('000489', 75589),
('000490', 5236),
('000491', 894212),
('000492', 168640),
('000493', 198606),
('000494', 611241),
('000495', 797772),
('000496', 766443),
('000497', 452968),
('000498', 424125),
('000499', 649382),
('000500', 858242),
('000501', 79572),
('000502', 276557),
('000503', 379622),
('000504', 116124),
('000505', 355570),
('000506', 464097),
('000507', 199835),
('000508', 805583),
('000509', 290241),
('000510', 284427),
('000511', 628768),
('000512', 785170),
('000513', 353141),
('000514', 887127),
('000515', 376550),
('000516', 655668),
('000517', 851538),
('000518', 367415),
('000519', 699969),
('000520', 316321),
('000521', 408402),
('000522', 379719),
('000523', 706732),
('000524', 139659),
('000525', 673652),
('000526', 616814),
('000527', 569834),
('000528', 692459),
('000529', 487737),
('000530', 570966),
('000531', 259252),
('000532', 497676),
('000533', 504082),
('000534', 343229),
('000535', 547918),
('000536', 247085),
('000537', 478985),
('000538', 437457),
('000539', 370256),
('000540', 333690),
('000541', 849547),
('000542', 509219),
('000543', 446351),
('000544', 528020),
('000545', 635667),
('000546', 811695),
('000547', 484136),
('000548', 215043),
('000549', 589489),
('000550', 330696),
('000551', 80666),
('000552', 898167),
('000553', 593381),
('000554', 191043),
('000555', 5181),
('000556', 32387),
('000557', 876497),
('000558', 429335),
('000559', 450683),
('000560', 832298),
('000561', 843788),
('000562', 821596),
('000563', 253713),
('000564', 330573),
('000565', 472320),
('000566', 544691),
('000567', 685437),
('000568', 544314),
('000569', 408224),
('000570', 774230),
('000571', 406270),
('000572', 816907),
('000573', 143549),
('000574', 508277),
('000575', 64134),
('000576', 631295),
('000577', 854343),
('000578', 503225),
('000579', 351479),
('000580', 148908),
('000581', 325429),
('000582', 249557),
('000583', 529039),
('000584', 148121),
('000585', 228179),
('000586', 764807),
('000587', 459482),
('000588', 91831),
('000589', 182140),
('000590', 436765),
('000591', 390748),
('000592', 530376),
('000593', 638210),
('000594', 628570),
('000595', 268615),
('000596', 31387),
('000597', 15532),
('000598', 228400),
('000599', 238576),
('000600', 576098),
('000601', 838759),
('000602', 394762),
('000603', 76782),
('000604', 355362),
('000605', 415437),
('000606', 665920),
('000607', 810742),
('000608', 455268),
('000609', 295095),
('000610', 526587),
('000611', 837267),
('000612', 5724),
('000613', 799213),
('000614', 204140),
('000615', 171907),
('000616', 324736),
('000617', 297467),
('000618', 38117),
('000619', 75315),
('000620', 833233),
('000621', 154869),
('000622', 170992),
('000623', 316251),
('000624', 763494),
('000625', 24302),
('000626', 258340),
('000627', 863548),
('000628', 803000),
('000629', 512165),
('000630', 536971),
('000631', 134101),
('000632', 65617),
('000633', 636848),
('000634', 879642),
('000635', 707066),
('000636', 592785),
('000637', 592158),
('000638', 122457),
('000639', 474789),
('000640', 64051),
('000641', 321428),
('000642', 770639),
('000643', 75650),
('000644', 89964),
('000645', 206910),
('000646', 480817),
('000647', 728729),
('000648', 549966),
('000649', 640875),
('000650', 61308),
('000651', 380732),
('000652', 530851),
('000653', 694781),
('000654', 462221),
('000655', 54631),
('000656', 533993),
('000657', 154225),
('000658', 501147),
('000659', 125571),
('000660', 392315),
('000661', 483119),
('000662', 15050),
('000663', 604031),
('000664', 210720),
('000665', 232159),
('000666', 121174),
('000667', 258701),
('000668', 516517),
('000669', 9615),
('000670', 822466),
('000671', 141652),
('000672', 792123),
('000673', 483254),
('000674', 43340),
('000675', 849043),
('000676', 274279),
('000677', 198122),
('000678', 130702),
('000679', 574583),
('000680', 799827),
('000681', 357936),
('000682', 139116),
('000683', 618416),
('000684', 552949),
('000685', 840364),
('000686', 189199),
('000687', 651649),
('000688', 766862),
('000689', 118314),
('000690', 379046),
('000691', 841528),
('000692', 636007),
('000693', 370348),
('000694', 736800),
('000695', 423774),
('000696', 860589),
('000697', 405616),
('000698', 410728),
('000699', 630466),
('000700', 688052),
('000701', 701275),
('000702', 815201),
('000703', 838579),
('000704', 44128),
('000705', 526451),
('000706', 323814),
('000707', 149540),
('000708', 418932),
('000709', 890866),
('000710', 637932),
('000711', 199960),
('000712', 389567),
('000713', 12945),
('000714', 219688),
('000715', 377333),
('000716', 849409),
('000717', 629097),
('000718', 683136),
('000719', 296137),
('000720', 425488),
('000721', 825488),
('000722', 474338),
('000723', 787136),
('000724', 837123),
('000725', 237663),
('000726', 495207),
('000727', 288823),
('000728', 542259),
('000729', 264126),
('000730', 6542),
('000731', 426964),
('000732', 525265),
('000733', 128685),
('000734', 833196),
('000735', 397125),
('000736', 371246),
('000737', 487456),
('000738', 36156),
('000739', 442574),
('000740', 248427),
('000741', 9067),
('000742', 405031),
('000743', 315212),
('000744', 362838),
('000745', 683060),
('000746', 680866),
('000747', 49992),
('000748', 800246),
('000749', 432665),
('000750', 635918),
('000751', 862279),
('000752', 846030),
('000753', 407226),
('000754', 678420),
('000755', 146670),
('000756', 897022),
('000757', 502377),
('000758', 147433),
('000759', 465508),
('000760', 376705),
('000761', 258047),
('000762', 619928),
('000763', 886713),
('000764', 28287),
('000765', 244179),
('000766', 845028),
('000767', 259912),
('000768', 65354),
('000769', 91657),
('000770', 423845),
('000771', 613071),
('000772', 394038),
('000773', 245018),
('000774', 885663),
('000775', 897609),
('000776', 94044),
('000777', 852610),
('000778', 493190),
('000779', 728725),
('000780', 494046),
('000781', 617161),
('000782', 110330),
('000783', 751652),
('000784', 198519),
('000785', 681109),
('000786', 401450),
('000787', 743857),
('000788', 2034),
('000789', 4472),
('000790', 520498),
('000791', 171517),
('000792', 658978),
('000793', 558927),
('000794', 242623),
('000795', 508154),
('000796', 140253),
('000797', 439198),
('000798', 834154),
('000799', 334416),
('000800', 178034),
('000801', 471780),
('000802', 583576),
('000803', 166581),
('000804', 144333),
('000805', 862589),
('000806', 27625),
('000807', 560707),
('000808', 449181),
('000809', 355063),
('000810', 584853),
('000811', 158457),
('000812', 631819),
('000813', 655253),
('000814', 660251),
('000815', 561979),
('000816', 70866),
('000817', 253555),
('000818', 464946),
('000819', 200190),
('000820', 757469),
('000821', 321043),
('000822', 822101),
('000823', 74506),
('000824', 612410),
('000825', 549828),
('000826', 490689),
('000827', 457571),
('000828', 753908),
('000829', 695769),
('000830', 102720),
('000831', 801554),
('000832', 78622),
('000833', 779572),
('000834', 72681),
('000835', 95692),
('000836', 693910),
('000837', 140622),
('000838', 153458),
('000839', 274147),
('000840', 277025),
('000841', 437252),
('000842', 65578),
('000843', 547160),
('000844', 317634),
('000845', 687042),
('000846', 705472),
('000847', 268122),
('000848', 774981),
('000849', 50829),
('000850', 206278),
('000851', 609817),
('000852', 49172),
('000853', 666321),
('000854', 259862),
('000855', 133781),
('000856', 842013),
('000857', 195121),
('000858', 278419),
('000859', 117252),
('000860', 778331),
('000861', 350345),
('000862', 748550),
('000863', 893610),
('000864', 591170),
('000865', 890884),
('000866', 623607),
('000867', 860894),
('000868', 688641),
('000869', 750031),
('000870', 117525),
('000871', 564605),
('000872', 605699),
('000873', 207768),
('000874', 568904),
('000875', 869329),
('000876', 88011),
('000877', 168245),
('000878', 831575),
('000879', 35472),
('000880', 314511),
('000881', 337525),
('000882', 612224),
('000883', 867735),
('000884', 144496),
('000885', 123647),
('000886', 889067),
('000887', 677161),
('000888', 335196),
('000889', 238086),
('000890', 668956),
('000891', 254201),
('000892', 259779),
('000893', 76560),
('000894', 705185),
('000895', 524473),
('000896', 565502),
('000897', 125534),
('000898', 300039),
('000899', 607523),
('000900', 705689),
('000901', 847268),
('000902', 21733),
('000903', 592297),
('000904', 570713),
('000905', 647572),
('000906', 17702),
('000907', 833464),
('000908', 88563),
('000909', 175417),
('000910', 288151),
('000911', 817320),
('000912', 467154),
('000913', 549807),
('000914', 769753),
('000915', 692729),
('000916', 522504),
('000917', 67368),
('000918', 496312),
('000919', 689252),
('000920', 243764),
('000921', 413298),
('000922', 426995),
('000923', 615450),
('000924', 219563),
('000925', 493216),
('000926', 50126),
('000927', 832802),
('000928', 818853),
('000929', 356685),
('000930', 812014),
('000931', 749137),
('000932', 704230),
('000933', 457902),
('000934', 857235),
('000935', 667187),
('000936', 293956),
('000937', 812627),
('000938', 246311),
('000939', 131126),
('000940', 535284),
('000941', 22355),
('000942', 243199),
('000943', 268643),
('000944', 613084),
('000945', 129434),
('000946', 462864),
('000947', 560225),
('000948', 431929),
('000949', 101525),
('000950', 571356),
('000951', 397127),
('000952', 776005),
('000953', 85467),
('000954', 669003),
('000955', 129849),
('000956', 588994),
('000957', 776604),
('000958', 485560),
('000959', 637397),
('000960', 330654),
('000961', 273240),
('000962', 580799),
('000963', 394912),
('000964', 836841),
('000965', 485063),
('000966', 697900),
('000967', 734879),
('000968', 534503),
('000969', 472715),
('000970', 598721),
('000971', 444371),
('000972', 555221),
('000973', 808885),
('000974', 290523),
('000975', 250881),
('000976', 65349),
('000977', 504035),
('000978', 775422),
('000979', 338031),
('000980', 647162),
('000981', 311614),
('000982', 328717),
('000983', 425450),
('000984', 752843),
('000985', 126293),
('000986', 486727),
('000987', 857203),
('000988', 361924),
('000989', 885690),
('000990', 789800),
('000991', 599978),
('000992', 248810),
('000993', 403110),
('000994', 410558),
('000995', 613401),
('000996', 592776),
('000997', 264441),
('000998', 859001),
('000999', 647293),
('001000', 478471),
('001001', 342920),
('001002', 698769),
('001003', 812006),
('001004', 464332),
('001005', 137660),
('001006', 95005),
('001007', 210747),
('001008', 806522),
('001009', 699187),
('001010', 512571),
('001011', 405048),
('001012', 202800),
('001013', 683525),
('001014', 15894),
('001015', 458971),
('001016', 112403),
('001017', 100334),
('001018', 220834),
('001019', 219397),
('001020', 631184),
('001021', 528432),
('001022', 160041),
('001023', 679653),
('001024', 309256),
('001025', 889552),
('001026', 546205),
('001027', 447065),
('001028', 783493),
('001029', 320836),
('001030', 419248),
('001031', 481595),
('001032', 743968),
('001033', 549305),
('001034', 337924),
('001035', 477493),
('001036', 703570),
('001037', 246614),
('001038', 513387),
('001039', 12441),
('001040', 717609),
('001041', 774268),
('001042', 129263),
('001043', 568658),
('001044', 182890),
('001045', 144071),
('001046', 701317),
('001047', 44143),
('001048', 6378),
('001049', 885455),
('001050', 342335),
('001051', 542777),
('001052', 890561),
('001053', 314294),
('001054', 447822),
('001055', 199658),
('001056', 424705),
('001057', 423289),
('001058', 171478),
('001059', 719797),
('001060', 847736),
('001061', 534569),
('001062', 514917),
('001063', 494372),
('001064', 319102),
('001065', 759759),
('001066', 390358),
('001067', 241797),
('001068', 671859),
('001069', 207794),
('001070', 291271),
('001071', 873789),
('001072', 296349),
('001073', 79599),
('001074', 448161),
('001075', 63998),
('001076', 344154),
('001077', 587564),
('001078', 737484),
('001079', 56669),
('001080', 444513),
('001081', 249189),
('001082', 90947),
('001083', 423980),
('001084', 67925),
('001085', 573819),
('001086', 49200),
('001087', 480706),
('001088', 289279),
('001089', 390835),
('001090', 624307),
('001091', 378499),
('001092', 511155),
('001093', 794321),
('001094', 78161),
('001095', 479359),
('001096', 10885),
('001097', 241067),
('001098', 378700),
('001099', 110376),
('001100', 599734),
('001101', 557627),
('001102', 868346),
('001103', 48199),
('001104', 847869),
('001105', 322337),
('001106', 698514),
('001107', 830198),
('001108', 547159),
('001109', 792787),
('001110', 825666),
('001111', 427491),
('001112', 153816),
('001113', 608271),
('001114', 355788),
('001115', 300005),
('001116', 436407),
('001117', 643150),
('001118', 643280),
('001119', 153462),
('001120', 410022),
('001121', 116014),
('001122', 474670),
('001123', 742766),
('001124', 230551),
('001125', 788227),
('001126', 656266),
('001127', 165615),
('001128', 1042),
('001129', 252617),
('001130', 167089),
('001131', 704020),
('001132', 505482),
('001133', 284052),
('001134', 113457),
('001135', 399642),
('001136', 510348),
('001137', 11030),
('001138', 52705),
('001139', 166526),
('001140', 590545),
('001141', 15665),
('001142', 353668),
('001143', 577327),
('001144', 766166),
('001145', 204803),
('001146', 894120),
('001147', 853298),
('001148', 762112),
('001149', 400324),
('001150', 239050),
('001151', 750000),
('001152', 711160),
('001153', 316655),
('001154', 808641),
('001155', 875732),
('001156', 613154),
('001157', 163729),
('001158', 46827),
('001159', 826272),
('001160', 842174),
('001161', 836455),
('001162', 95399),
('001163', 3571),
('001164', 875495),
('001165', 199854),
('001166', 678990),
('001167', 786545),
('001168', 510838),
('001169', 609775),
('001170', 56023),
('001171', 538689),
('001172', 805213),
('001173', 337725),
('001174', 205451),
('001175', 382323),
('001176', 277553),
('001177', 299087),
('001178', 645018),
('001179', 126071),
('001180', 114559),
('001181', 892815),
('001182', 581317),
('001183', 173206),
('001184', 829618),
('001185', 195088),
('001186', 545797),
('001187', 125092),
('001188', 736474),
('001189', 593169),
('001190', 760705),
('001191', 853206),
('001192', 149535),
('001193', 365189),
('001194', 871657),
('001195', 835929),
('001196', 474856),
('001197', 164203),
('001198', 631947),
('001199', 502325),
('001200', 68362),
('001201', 764248),
('001202', 871321),
('001203', 191422),
('001204', 258945),
('001205', 147177),
('001206', 595187),
('001207', 641940),
('001208', 293752),
('001209', 461611),
('001210', 587241),
('001211', 107096),
('001212', 759674),
('001213', 56474),
('001214', 382301),
('001215', 62959),
('001216', 160621),
('001217', 692963),
('001218', 827516),
('001219', 779940),
('001220', 134788),
('001221', 629240),
('001222', 818848),
('001223', 861870),
('001224', 20899),
('001225', 50892),
('001226', 768133),
('001227', 258512),
('001228', 830480),
('001229', 777059),
('001230', 325557),
('001231', 557499),
('001232', 896047),
('001233', 523716),
('001234', 46440),
('001235', 66436),
('001236', 220643),
('001237', 485189),
('001238', 79425),
('001239', 346404),
('001240', 687177),
('001241', 176197),
('001242', 779061),
('001243', 16333),
('001244', 232396),
('001245', 72090),
('001246', 483911),
('001247', 257426),
('001248', 104277),
('001249', 577967),
('001250', 246522),
('001251', 645424),
('001252', 400459),
('001253', 546408),
('001254', 724788),
('001255', 641487),
('001256', 887484),
('001257', 132028),
('001258', 218993),
('001259', 883511),
('001260', 56862),
('001261', 505141),
('001262', 333292),
('001263', 550132),
('001264', 738968),
('001265', 215936),
('001266', 648638),
('001267', 708793),
('001268', 580443),
('001269', 721396),
('001270', 393606),
('001271', 559112),
('001272', 477865),
('001273', 26187),
('001274', 712134),
('001275', 259023),
('001276', 33926),
('001277', 234028),
('001278', 256532),
('001279', 818865),
('001280', 444397),
('001281', 640554),
('001282', 877218),
('001283', 537423),
('001284', 750141),
('001285', 755551),
('001286', 668708),
('001287', 760081),
('001288', 858012),
('001289', 542313),
('001290', 385348),
('001291', 247195),
('001292', 166858),
('001293', 232508),
('001294', 211145),
('001295', 672164),
('001296', 705671),
('001297', 768074),
('001298', 842035),
('001299', 808646),
('001300', 604373),
('001301', 696609),
('001302', 315377),
('001303', 417454),
('001304', 411465),
('001305', 366123),
('001306', 458195),
('001307', 788033),
('001308', 76514),
('001309', 197757),
('001310', 91681),
('001311', 495827),
('001312', 337284),
('001313', 698807),
('001314', 487614),
('001315', 826477),
('001316', 189249),
('001317', 764423),
('001318', 869944),
('001319', 408302),
('001320', 801768),
('001321', 726243),
('001322', 422394),
('001323', 462027),
('001324', 86172),
('001325', 588624),
('001326', 260531),
('001327', 883990),
('001328', 260138),
('001329', 354018),
('001330', 373871),
('001331', 788375),
('001332', 112699),
('001333', 728174),
('001334', 108658),
('001335', 899238),
('001336', 576702),
('001337', 185571),
('001338', 105190),
('001339', 800385),
('001340', 308186),
('001341', 206134),
('001342', 697243),
('001343', 640738),
('001344', 761723),
('001345', 703911),
('001346', 355559),
('001347', 494480),
('001348', 113717),
('001349', 321907),
('001350', 179953),
('001351', 896964),
('001352', 788555),
('001353', 605090),
('001354', 891506),
('001355', 442418),
('001356', 768533),
('001357', 484423),
('001358', 56317),
('001359', 828570),
('001360', 30432),
('001361', 521924),
('001362', 254130),
('001363', 188839),
('001364', 885298),
('001365', 544028),
('001366', 313929),
('001367', 69107),
('001368', 580620),
('001369', 817030),
('001370', 441342),
('001371', 890216),
('001372', 290329),
('001373', 249702),
('001374', 369875),
('001375', 814342),
('001376', 97272),
('001377', 861063),
('001378', 457547),
('001379', 471035),
('001380', 66200),
('001381', 209079),
('001382', 658624),
('001383', 296891),
('001384', 108996),
('001385', 428277),
('001386', 536026),
('001387', 230144),
('001388', 846414),
('001389', 60601),
('001390', 528077),
('001391', 462785),
('001392', 119828),
('001393', 810503),
('001394', 430723),
('001395', 710673),
('001396', 714356),
('001397', 839947),
('001398', 858857),
('001399', 38457),
('001400', 39640),
('001401', 566520),
('001402', 773638),
('001403', 124013),
('001404', 33210),
('001405', 423452),
('001406', 726697),
('001407', 884998),
('001408', 388651),
('001409', 220892),
('001410', 159071),
('001411', 326686),
('001412', 192165),
('001413', 802501),
('001414', 331773),
('001415', 814435),
('001416', 334022),
('001417', 422124),
('001418', 513438),
('001419', 449707),
('001420', 768070),
('001421', 628544),
('001422', 171034),
('001423', 532938),
('001424', 419456),
('001425', 797021),
('001426', 340310),
('001427', 30463),
('001428', 92814),
('001429', 241743),
('001430', 527351),
('001431', 463439),
('001432', 875573),
('001433', 516578),
('001434', 219416),
('001435', 819775),
('001436', 71618),
('001437', 21048),
('001438', 629636),
('001439', 296587),
('001440', 814316),
('001441', 793125),
('001442', 683858),
('001443', 828802),
('001444', 72048),
('001445', 181143),
('001446', 751482),
('001447', 833829),
('001448', 586520),
('001449', 491207),
('001450', 226209),
('001451', 776345),
('001452', 255747),
('001453', 258970),
('001454', 807006),
('001455', 708386),
('001456', 727560),
('001457', 709225),
('001458', 816809),
('001459', 466497),
('001460', 38947),
('001461', 210700),
('001462', 320209),
('001463', 51342),
('001464', 543484),
('001465', 864282),
('001466', 221226),
('001467', 108924),
('001468', 279167),
('001469', 769945),
('001470', 165902),
('001471', 554813),
('001472', 740172),
('001473', 243972),
('001474', 289164),
('001475', 890399),
('001476', 93760),
('001477', 7243),
('001478', 104893),
('001479', 211726),
('001480', 71482),
('001481', 409126),
('001482', 620600),
('001483', 274329),
('001484', 459187),
('001485', 762218),
('001486', 276619),
('001487', 702072),
('001488', 714694),
('001489', 846387),
('001490', 26651),
('001491', 815550),
('001492', 714957),
('001493', 147090),
('001494', 752824),
('001495', 327454),
('001496', 871052),
('001497', 540493),
('001498', 453865),
('001499', 180992),
('001500', 649673),
('001501', 257971),
('001502', 837489),
('001503', 297221),
('001504', 97443),
('001505', 779764),
('001506', 236977),
('001507', 328907),
('001508', 364334),
('001509', 325178),
('001510', 56661),
('001511', 67311),
('001512', 878258),
('001513', 90805),
('001514', 717098),
('001515', 895982),
('001516', 387391),
('001517', 375126),
('001518', 190668),
('001519', 131300),
('001520', 620467),
('001521', 353432),
('001522', 326553),
('001523', 143386),
('001524', 805940),
('001525', 363417),
('001526', 427268),
('001527', 113555),
('001528', 613187),
('001529', 15251),
('001530', 237717),
('001531', 292022),
('001532', 117258),
('001533', 550705),
('001534', 496709),
('001535', 832742),
('001536', 439680),
('001537', 872705),
('001538', 344593),
('001539', 85612),
('001540', 235895),
('001541', 697492),
('001542', 846511),
('001543', 619808),
('001544', 293824),
('001545', 556739),
('001546', 752446),
('001547', 247204),
('001548', 305907),
('001549', 334353),
('001550', 838608),
('001551', 13263),
('001552', 779759),
('001553', 614216),
('001554', 437051),
('001555', 248785),
('001556', 212596),
('001557', 618975),
('001558', 418623),
('001559', 172487),
('001560', 99718),
('001561', 394775),
('001562', 73369),
('001563', 412868),
('001564', 738052),
('001565', 305921),
('001566', 255126),
('001567', 501771),
('001568', 822343),
('001569', 101697),
('001570', 446591),
('001571', 49357),
('001572', 721163),
('001573', 586571),
('001574', 390669),
('001575', 202968),
('001576', 546422),
('001577', 16825),
('001578', 297616),
('001579', 481406),
('001580', 4006),
('001581', 81362),
('001582', 672276),
('001583', 336491),
('001584', 232689),
('001585', 94099),
('001586', 859320),
('001587', 164746),
('001588', 281777),
('001589', 442173),
('001590', 563533),
('001591', 799623),
('001592', 241377),
('001593', 522063),
('001594', 888828),
('001595', 714412),
('001596', 622988),
('001597', 630664),
('001598', 280710),
('001599', 122205),
('001600', 388382),
('001601', 679732),
('001602', 411733),
('001603', 108068),
('001604', 503288),
('001605', 844151),
('001606', 860624),
('001607', 116207),
('001608', 227415),
('001609', 541073),
('001610', 181198),
('001611', 45795),
('001612', 702018),
('001613', 18513),
('001614', 441021),
('001615', 727910),
('001616', 895054),
('001617', 589048),
('001618', 339043),
('001619', 598665),
('001620', 358926),
('001621', 303612),
('001622', 27895),
('001623', 673933),
('001624', 176621),
('001625', 216333),
('001626', 204452),
('001627', 282193),
('001628', 176257),
('001629', 708745),
('001630', 863100),
('001631', 287076),
('001632', 155955),
('001633', 596442),
('001634', 162748),
('001635', 845855),
('001636', 150960),
('001637', 599140),
('001638', 393397),
('001639', 384094),
('001640', 657241),
('001641', 573772),
('001642', 742578),
('001643', 826569),
('001644', 469153),
('001645', 408320),
('001646', 537318),
('001647', 9461),
('001648', 475740),
('001649', 210296),
('001650', 49642),
('001651', 611784),
('001652', 713171),
('001653', 48247),
('001654', 724647),
('001655', 187089),
('001656', 83073),
('001657', 465300),
('001658', 636527),
('001659', 630139),
('001660', 436669),
('001661', 480274),
('001662', 551449),
('001663', 410116),
('001664', 264844),
('001665', 44873),
('001666', 854685),
('001667', 42019),
('001668', 47231),
('001669', 760863),
('001670', 468882),
('001671', 671387),
('001672', 822195),
('001673', 637363),
('001674', 560764),
('001675', 885580),
('001676', 736744),
('001677', 743641),
('001678', 386000),
('001679', 834588),
('001680', 478028),
('001681', 720260),
('001682', 304658),
('001683', 430039),
('001684', 267890),
('001685', 24072),
('001686', 143826),
('001687', 858548),
('001688', 299627),
('001689', 87692),
('001690', 332339),
('001691', 85505),
('001692', 608499),
('001693', 158991),
('001694', 569864),
('001695', 534802),
('001696', 668106),
('001697', 437985),
('001698', 562548),
('001699', 574115),
('001700', 438875),
('001701', 677955),
('001702', 661565),
('001703', 366034),
('001704', 810987),
('001705', 30774),
('001706', 749624),
('001707', 858527),
('001708', 837760),
('001709', 380136),
('001710', 655256),
('001711', 244583),
('001712', 860720),
('001713', 308017),
('001714', 369596),
('001715', 441934),
('001716', 691483),
('001717', 758238),
('001718', 858162),
('001719', 375773),
('001720', 688974),
('001721', 185226),
('001722', 295861),
('001723', 755944),
('001724', 821822),
('001725', 864635),
('001726', 120047),
('001727', 778215),
('001728', 651587),
('001729', 761821),
('001730', 219415),
('001731', 207722),
('001732', 118204),
('001733', 857153),
('001734', 449115),
('001735', 420284),
('001736', 642431),
('001737', 116055),
('001738', 612051),
('001739', 102893),
('001740', 85935),
('001741', 654881),
('001742', 152466),
('001743', 730193),
('001744', 305925),
('001745', 777052),
('001746', 560485),
('001747', 594767),
('001748', 835724),
('001749', 885502),
('001750', 394363),
('001751', 425426),
('001752', 339741),
('001753', 549765),
('001754', 168842),
('001755', 487287),
('001756', 603577),
('001757', 488189),
('001758', 690009),
('001759', 170282),
('001760', 42449),
('001761', 704312),
('001762', 491512),
('001763', 758326),
('001764', 341930),
('001765', 855396),
('001766', 380235),
('001767', 87240),
('001768', 64854),
('001769', 464517),
('001770', 145527),
('001771', 110954),
('001772', 755951),
('001773', 814134),
('001774', 822936),
('001775', 566012),
('001776', 490459),
('001777', 704192),
('001778', 899369),
('001779', 678476),
('001780', 282202),
('001781', 281299),
('001782', 461452),
('001783', 617500),
('001784', 249355),
('001785', 605648),
('001786', 439821),
('001787', 257910),
('001788', 255005),
('001789', 508073),
('001790', 343178),
('001791', 94704),
('001792', 814464),
('001793', 306687),
('001794', 216077),
('001795', 417413),
('001796', 835604),
('001797', 371719),
('001798', 294881),
('001799', 629092),
('001800', 592050),
('001801', 885877),
('001802', 539421),
('001803', 328652),
('001804', 59526),
('001805', 895082),
('001806', 307678),
('001807', 5529),
('001808', 49796),
('001809', 615680),
('001810', 254189),
('001811', 344393),
('001812', 596660),
('001813', 607709),
('001814', 323860),
('001815', 846335),
('001816', 495053),
('001817', 368147),
('001818', 212769),
('001819', 221909),
('001820', 697650),
('001821', 567695),
('001822', 712984),
('001823', 517242),
('001824', 188782),
('001825', 81002),
('001826', 866957),
('001827', 153237),
('001828', 181988),
('001829', 487399),
('001830', 38464),
('001831', 73086),
('001832', 153376),
('001833', 742270),
('001834', 315876),
('001835', 717899),
('001836', 692036),
('001837', 410353),
('001838', 783514),
('001839', 334958),
('001840', 501199),
('001841', 531193),
('001842', 542184),
('001843', 587387),
('001844', 44485),
('001845', 140841),
('001846', 678777),
('001847', 356088),
('001848', 510442),
('001849', 13680),
('001850', 857382),
('001851', 874696),
('001852', 433076),
('001853', 880910),
('001854', 597627),
('001855', 498598),
('001856', 362916),
('001857', 886084),
('001858', 824919),
('001859', 400693),
('001860', 753722),
('001861', 898789),
('001862', 546312),
('001863', 828010),
('001864', 240394),
('001865', 162503),
('001866', 870043),
('001867', 39025),
('001868', 882901),
('001869', 603465),
('001870', 520705),
('001871', 524501),
('001872', 888965),
('001873', 743134),
('001874', 532430),
('001875', 9438),
('001876', 185197),
('001877', 810982),
('001878', 631998),
('001879', 865084),
('001880', 517485),
('001881', 30681),
('001882', 463364),
('001883', 891437),
('001884', 756471),
('001885', 483164),
('001886', 784089),
('001887', 857422),
('001888', 593947),
('001889', 712452),
('001890', 50674),
('001891', 635175),
('001892', 88552),
('001893', 40082),
('001894', 714553),
('001895', 36855),
('001896', 203966),
('001897', 787633),
('001898', 349185),
('001899', 414006),
('001900', 659204),
('001901', 671925),
('001902', 255477),
('001903', 262466),
('001904', 623655),
('001905', 281594),
('001906', 229567),
('001907', 236161),
('001908', 334107),
('001909', 18632),
('001910', 877300),
('001911', 80178),
('001912', 492931),
('001913', 356689),
('001914', 24028),
('001915', 336666),
('001916', 451593),
('001917', 676668),
('001918', 571064),
('001919', 581571),
('001920', 708924),
('001921', 519394),
('001922', 116497),
('001923', 273082),
('001924', 499042),
('001925', 177833),
('001926', 628263),
('001927', 779873),
('001928', 86434),
('001929', 262014),
('001930', 38688),
('001931', 180564),
('001932', 454620),
('001933', 605085),
('001934', 392986),
('001935', 485608),
('001936', 353830),
('001937', 349633),
('001938', 818649),
('001939', 452880),
('001940', 237702),
('001941', 59271),
('001942', 187067),
('001943', 458826),
('001944', 467947),
('001945', 473278),
('001946', 128923),
('001947', 373554),
('001948', 312063),
('001949', 537479),
('001950', 322181),
('001951', 137419),
('001952', 492377),
('001953', 652514),
('001954', 887868),
('001955', 18580),
('001956', 150312),
('001957', 23824),
('001958', 64528),
('001959', 119034),
('001960', 260825),
('001961', 240093),
('001962', 723774),
('001963', 821948),
('001964', 221757),
('001965', 141514),
('001966', 22394),
('001967', 186824),
('001968', 460852),
('001969', 886546),
('001970', 216398),
('001971', 775849),
('001972', 771587),
('001973', 675332),
('001974', 601926),
('001975', 311294),
('001976', 663333),
('001977', 185136),
('001978', 752019),
('001979', 211930),
('001980', 203639),
('001981', 620889),
('001982', 89738),
('001983', 155519),
('001984', 649286),
('001985', 330474),
('001986', 552529),
('001987', 599497),
('001988', 525073),
('001989', 264711),
('001990', 718730),
('001991', 492192),
('001992', 859369),
('001993', 534935),
('001994', 726488),
('001995', 563749),
('001996', 284042),
('001997', 236407),
('001998', 801845),
('001999', 639550),
('002000', 640265),
('002001', 509547),
('002002', 486294),
('002003', 199015),
('002004', 439995),
('002005', 572614),
('002006', 320370),
('002007', 663593),
('002008', 638675),
('002009', 440090),
('002010', 342127),
('002011', 523484),
('002012', 141452),
('002013', 470662),
('002014', 18771),
('002015', 525363),
('002016', 897552),
('002017', 563510),
('002018', 254711),
('002019', 300741),
('002020', 103020),
('002021', 675559),
('002022', 890860),
('002023', 177705),
('002024', 570448),
('002025', 748705),
('002026', 694870),
('002027', 533645),
('002028', 374331),
('002029', 740565),
('002030', 651292),
('002031', 493534),
('002032', 56406),
('002033', 894289),
('002034', 71886),
('002035', 222949),
('002036', 1584),
('002037', 239374),
('002038', 592101),
('002039', 34315),
('002040', 449075),
('002041', 209909),
('002042', 423080),
('002043', 558502),
('002044', 893019),
('002045', 546578),
('002046', 518121),
('002047', 381627),
('002048', 578987),
('002049', 575802),
('002050', 587764),
('002051', 257121),
('002052', 638267),
('002053', 577571),
('002054', 851217),
('002055', 597728),
('002056', 894895),
('002057', 726828),
('002058', 563030),
('002059', 690159),
('002060', 149308),
('002061', 398978),
('002062', 196936),
('002063', 357555),
('002064', 855711),
('002065', 745294),
('002066', 161481),
('002067', 715567),
('002068', 53174),
('002069', 595778),
('002070', 523844),
('002071', 496723),
('002072', 387089),
('002073', 350287),
('002074', 5899),
('002075', 381421),
('002076', 529455),
('002077', 185309),
('002078', 866027),
('002079', 502077),
('002080', 584509),
('002081', 589681),
('002082', 707326),
('002083', 674306),
('002084', 344157),
('002085', 42344),
('002086', 239892),
('002087', 593554),
('002088', 667135),
('002089', 778944),
('002090', 492881),
('002091', 498493),
('002092', 730680),
('002093', 435844),
('002094', 84707),
('002095', 802422),
('002096', 405423),
('002097', 388203),
('002098', 893093),
('002099', 237932),
('002100', 211906),
('002101', 767098),
('002102', 146921),
('002103', 554125),
('002104', 206391),
('002105', 825834),
('002106', 351615),
('002107', 747286),
('002108', 670453),
('002109', 239353),
('002110', 529281),
('002111', 257551),
('002112', 519993),
('002113', 629154),
('002114', 635769),
('002115', 574680),
('002116', 193226),
('002117', 533308),
('002118', 350277),
('002119', 853863),
('002120', 492527),
('002121', 370056),
('002122', 647133),
('002123', 268941),
('002124', 216579),
('002125', 145779),
('002126', 294152),
('002127', 163627),
('002128', 108901),
('002129', 488814),
('002130', 93510),
('002131', 878269),
('002132', 23210),
('002133', 256261),
('002134', 281761),
('002135', 691478),
('002136', 337533),
('002137', 54062),
('002138', 528408),
('002139', 623889),
('002140', 851940),
('002141', 235001),
('002142', 635706),
('002143', 574816),
('002144', 106908),
('002145', 100928),
('002146', 337773),
('002147', 770439),
('002148', 503074),
('002149', 352620),
('002150', 464913),
('002151', 260171),
('002152', 614904),
('002153', 111228),
('002154', 660041),
('002155', 712295),
('002156', 640051),
('002157', 2145),
('002158', 289885),
('002159', 764118),
('002160', 306983),
('002161', 59944),
('002162', 299159),
('002163', 420888),
('002164', 348013),
('002165', 693757),
('002166', 458762),
('002167', 346061),
('002168', 92904),
('002169', 207338),
('002170', 154735),
('002171', 230891),
('002172', 125794),
('002173', 660501),
('002174', 361580),
('002175', 438810),
('002176', 805174),
('002177', 502366),
('002178', 219330),
('002179', 351449),
('002180', 249505),
('002181', 45154),
('002182', 863775),
('002183', 595325),
('002184', 887742),
('002185', 791513),
('002186', 376723),
('002187', 95360),
('002188', 94665),
('002189', 795068),
('002190', 214140),
('002191', 625263),
('002192', 149409),
('002193', 711941),
('002194', 220582),
('002195', 441959),
('002196', 719626),
('002197', 120574),
('002198', 535154),
('002199', 817355),
('002200', 883747),
('002201', 569826),
('002202', 433998),
('002203', 787077),
('002204', 767844),
('002205', 310611),
('002206', 127946),
('002207', 107908),
('002208', 128318),
('002209', 786512),
('002210', 538244),
('002211', 749426),
('002212', 80744),
('002213', 87042),
('002214', 854780),
('002215', 355785),
('002216', 30684),
('002217', 731919),
('002218', 742082),
('002219', 657633),
('002220', 629232),
('002221', 315241),
('002222', 583094),
('002223', 91524),
('002224', 806765),
('002225', 668846),
('002226', 566273),
('002227', 423258),
('002228', 231403),
('002229', 505189),
('002230', 813674),
('002231', 774525),
('002232', 710254),
('002233', 717092),
('002234', 115717),
('002235', 594523),
('002236', 549171),
('002237', 529119),
('002238', 98036),
('002239', 719862),
('002240', 768740),
('002241', 442021),
('002242', 220479),
('002243', 786565),
('002244', 79173),
('002245', 137735),
('002246', 112611),
('002247', 567067),
('002248', 196218),
('002249', 368567),
('002250', 610971),
('002251', 106706),
('002252', 402929),
('002253', 581748),
('002254', 742975),
('002255', 262599),
('002256', 325828),
('002257', 740151),
('002258', 897197),
('002259', 685905),
('002260', 309199),
('002261', 554362),
('002262', 312551),
('002263', 593658),
('002264', 505877),
('002265', 187128),
('002266', 212511),
('002267', 646251),
('002268', 18443),
('002269', 483842),
('002270', 53134),
('002271', 195755),
('002272', 758776),
('002273', 318805),
('002274', 406261),
('002275', 833999),
('002276', 534341),
('002277', 134681),
('002278', 705254),
('002279', 329309),
('002280', 803497),
('002281', 630828),
('002282', 716044),
('002283', 595093),
('002284', 644331),
('002285', 345411),
('002286', 392626),
('002287', 409576),
('002288', 474264),
('002289', 508917),
('002290', 281593),
('002291', 178485),
('002292', 239332),
('002293', 421827),
('002294', 616739),
('002295', 702528),
('002296', 710186),
('002297', 368244),
('002298', 618897),
('002299', 632938),
('002300', 577066),
('002301', 357686),
('002302', 794323),
('002303', 454238),
('002304', 415951),
('002305', 369985),
('002306', 561407),
('002307', 536085),
('002308', 750724),
('002309', 382397),
('002310', 723886),
('002311', 125810),
('002312', 207827),
('002313', 235867),
('002314', 845521),
('002315', 687214),
('002316', 206480),
('002317', 87096),
('002318', 822922),
('002319', 409579),
('002320', 30130),
('002321', 58554),
('002322', 590880),
('002323', 413620),
('002324', 301454),
('002325', 378552),
('002326', 186190),
('002327', 11823),
('002328', 409918),
('002329', 642719),
('002330', 726511),
('002331', 106951),
('002332', 408224),
('002333', 12846),
('002334', 35330),
('002335', 747117),
('002336', 513978),
('002337', 687028),
('002338', 151514),
('002339', 638736),
('002340', 887699),
('002341', 170127),
('002342', 527730),
('002343', 771807),
('002344', 232508),
('002345', 766055),
('002346', 772931),
('002347', 616155),
('002348', 861470),
('002349', 754135),
('002350', 303661),
('002351', 549172),
('002352', 150382),
('002353', 222560),
('002354', 717142),
('002355', 764233),
('002356', 733075),
('002357', 729378),
('002358', 571734),
('002359', 362014),
('002360', 408472),
('002361', 362771),
('002362', 845323),
('002363', 171978),
('002364', 755325),
('002365', 500757),
('002366', 439604),
('002367', 318880),
('002368', 288644),
('002369', 202641),
('002370', 473644),
('002371', 210839),
('002372', 671896),
('002373', 515064),
('002374', 202141),
('002375', 480506),
('002376', 317762),
('002377', 712388),
('002378', 799446),
('002379', 27961),
('002380', 216556),
('002381', 414525),
('002382', 848182),
('002383', 7093),
('002384', 455292),
('002385', 706412),
('002386', 219050),
('002387', 864068),
('002388', 140772),
('002389', 244465),
('002390', 296773),
('002391', 761544),
('002392', 52712),
('002393', 745816),
('002394', 706821),
('002395', 598714),
('002396', 171399),
('002397', 597652),
('002398', 25266),
('002399', 610022),
('002400', 322159),
('002401', 506410),
('002402', 723476),
('002403', 393115),
('002404', 691825),
('002405', 117312),
('002406', 809678),
('002407', 94267),
('002408', 228079),
('002409', 890862),
('002410', 740421),
('002411', 788070),
('002412', 720278),
('002413', 525773),
('002414', 270204),
('002415', 300065),
('002416', 481934),
('002417', 311249),
('002418', 816336),
('002419', 76155),
('002420', 359833),
('002421', 14587),
('002422', 219561),
('002423', 190267),
('002424', 292915),
('002425', 319581),
('002426', 664150),
('002427', 296431),
('002428', 872921),
('002429', 845236),
('002430', 603619),
('002431', 117605),
('002432', 569636),
('002433', 94136),
('002434', 719806),
('002435', 727638),
('002436', 303186),
('002437', 263368),
('002438', 346038),
('002439', 801103),
('002440', 305975),
('002441', 786111),
('002442', 221918),
('002443', 369036),
('002444', 715241),
('002445', 818499),
('002446', 11684),
('002447', 461992),
('002448', 869349),
('002449', 461117),
('002450', 646643),
('002451', 135000),
('002452', 811035),
('002453', 403461),
('002454', 594499),
('002455', 17625),
('002456', 634422),
('002457', 851017),
('002458', 645475),
('002459', 485955),
('002460', 485268),
('002461', 870941),
('002462', 274387),
('002463', 312853),
('002464', 489528),
('002465', 201401),
('002466', 843224),
('002467', 38070),
('002468', 337035),
('002469', 770829),
('002470', 430120),
('002471', 602911),
('002472', 361201),
('002473', 295389),
('002474', 796157),
('002475', 643847),
('002476', 651419),
('002477', 815712),
('002478', 797593),
('002479', 140320),
('002480', 816281),
('002481', 292060),
('002482', 845065),
('002483', 468579),
('002484', 219155),
('002485', 622492),
('002486', 29581),
('002487', 555042),
('002488', 113568),
('002489', 857895),
('002490', 725547),
('002491', 494994),
('002492', 721049),
('002493', 860625),
('002494', 420745),
('002495', 867505),
('002496', 838166),
('002497', 112516),
('002498', 352148),
('002499', 834486),
('002500', 88769);

-- 2. 고객잔고 (20개 종목)
INSERT INTO customer_balance (account_number, stock_code, stock_name, quantity, purchase_amount) VALUES
('99911122222', '000001', '삼성전자', 500, 32785414.00),
('99911122222', '000002', 'SK하이닉스', 150, 61149934.00),
('99911122222', '000003', 'NAVER', 80, 23630123.00),
('99911122222', '000004', 'LG화학', 45, 72873239.00),
('99911122222', '000005', '삼성바이오로직스', 25, 18442698.00),
('99911122222', '000006', 'POSCO홀딩스', 120, 64693710.00),
('99911122222', '000007', '기아', 200, 48875299.00),
('99911122222', '000008', '카카오', 180, 5183135.00),
('99911122222', '000009', 'KB금융', 220, 71464859.00),
('99911122222', '000010', '신한지주', 300, 9490512.00),
('99911122222', '000011', 'SK이노베이션', 85, 28757641.00),
('99911122222', '000012', 'SK텔레콤', 160, 26064576.00),
('99911122222', '000013', 'LG전자', 90, 53266417.00),
('99911122222', '000014', '삼성전기', 130, 79172243.00),
('99911122222', '000015', '엔씨소프트', 75, 15523101.00),
('99911122222', '000016', '카카오뱅크', 400, 5072277.00),
('99911122222', '000017', '하나금융지주', 110, 45590675.00),
('99911122222', '000018', '셀트리온', 95, 26154061.00),
('99911122222', '000019', 'LG에너지솔루션', 60, 78061040.00),
('99911122222', '000020', '에코프로비엠', 140, 42227501.00);

-- 3. 고객예수금 (1개 계좌)
INSERT INTO customer_deposit (account_number, deposit_amount, available_amount, frozen_amount) VALUES
('99911122222', 50000000.00, 45000000.00, 5000000.00);

-- 4. 매매내역 (930건)
INSERT INTO trading_history (account_number, trading_date, order_number, execution_number, stock_code, buy_sell_code, order_quantity, order_amount) VALUES
('99911122222', '20240725', 'ORD000001', 'EXE000001', '000001', '1', 93, 15880614.00),
('99911122222', '20240911', 'ORD000002', 'EXE000002', '000002', '1', 77, 18575848.00),
('99911122222', '20240410', 'ORD000003', 'EXE000003', '000003', '2', 14, 31302137.00),
('99911122222', '20240717', 'ORD000004', 'EXE000004', '000004', '1', 35, 9017056.00),
('99911122222', '20240309', 'ORD000005', 'EXE000005', '000005', '1', 15, 15036288.00),
('99911122222', '20240609', 'ORD000006', 'EXE000006', '000006', '2', 3, 7691955.00),
('99911122222', '20240422', 'ORD000007', 'EXE000007', '000007', '1', 3, 28780756.00),
('99911122222', '20240330', 'ORD000008', 'EXE000008', '000008', '2', 94, 8242872.00),
('99911122222', '20240326', 'ORD000009', 'EXE000009', '000009', '2', 66, 38047493.00),
('99911122222', '20240817', 'ORD000010', 'EXE000010', '000010', '1', 81, 38561092.00),
('99911122222', '20240620', 'ORD000011', 'EXE000011', '000011', '2', 90, 37390072.00),
('99911122222', '20240906', 'ORD000012', 'EXE000012', '000012', '2', 97, 11511194.00),
('99911122222', '20240921', 'ORD000013', 'EXE000013', '000013', '2', 58, 47801241.00),
('99911122222', '20240812', 'ORD000014', 'EXE000014', '000014', '1', 26, 43797144.00),
('99911122222', '20241016', 'ORD000015', 'EXE000015', '000015', '1', 38, 31822369.00),
('99911122222', '20240704', 'ORD000016', 'EXE000016', '000016', '1', 78, 33328942.00),
('99911122222', '20240421', 'ORD000017', 'EXE000017', '000017', '1', 75, 46505925.00),
('99911122222', '20240315', 'ORD000018', 'EXE000018', '000018', '1', 71, 14541064.00),
('99911122222', '20240727', 'ORD000019', 'EXE000019', '000019', '2', 7, 46144641.00),
('99911122222', '20240408', 'ORD000020', 'EXE000020', '000020', '2', 6, 3129970.00),
('99911122222', '20240116', 'ORD000021', 'EXE000021', '000001', '2', 62, 25157591.00),
('99911122222', '20240121', 'ORD000022', 'EXE000022', '000002', '2', 32, 38688067.00),
('99911122222', '20240519', 'ORD000023', 'EXE000023', '000003', '2', 6, 29523127.00),
('99911122222', '20240310', 'ORD000024', 'EXE000024', '000004', '2', 90, 15898170.00),
('99911122222', '20240129', 'ORD000025', 'EXE000025', '000005', '1', 22, 44237551.00),
('99911122222', '20240226', 'ORD000026', 'EXE000026', '000006', '1', 36, 23284554.00),
('99911122222', '20240929', 'ORD000027', 'EXE000027', '000007', '1', 17, 46612660.00),
('99911122222', '20240325', 'ORD000028', 'EXE000028', '000008', '2', 10, 24398930.00),
('99911122222', '20240305', 'ORD000029', 'EXE000029', '000009', '2', 8, 40572932.00),
('99911122222', '20241006', 'ORD000030', 'EXE000030', '000010', '1', 77, 14579752.00),
('99911122222', '20240716', 'ORD000031', 'EXE000031', '000011', '1', 8, 11542302.00),
('99911122222', '20241025', 'ORD000032', 'EXE000032', '000012', '1', 95, 28346377.00),
('99911122222', '20241002', 'ORD000033', 'EXE000033', '000013', '1', 47, 48650207.00),
('99911122222', '20240203', 'ORD000034', 'EXE000034', '000014', '1', 26, 6844288.00),
('99911122222', '20240202', 'ORD000035', 'EXE000035', '000015', '2', 92, 3923828.00),
('99911122222', '20240622', 'ORD000036', 'EXE000036', '000016', '2', 50, 31160988.00),
('99911122222', '20241002', 'ORD000037', 'EXE000037', '000017', '1', 80, 3691651.00),
('99911122222', '20240511', 'ORD000038', 'EXE000038', '000018', '1', 10, 7517460.00),
('99911122222', '20240222', 'ORD000039', 'EXE000039', '000019', '2', 57, 40676517.00),
('99911122222', '20241015', 'ORD000040', 'EXE000040', '000020', '1', 8, 33073192.00),
('99911122222', '20240727', 'ORD000041', 'EXE000041', '000001', '2', 73, 4116273.00),
('99911122222', '20240523', 'ORD000042', 'EXE000042', '000002', '2', 17, 49195700.00),
('99911122222', '20240328', 'ORD000043', 'EXE000043', '000003', '1', 63, 30490942.00),
('99911122222', '20240330', 'ORD000044', 'EXE000044', '000004', '2', 43, 44113532.00),
('99911122222', '20240511', 'ORD000045', 'EXE000045', '000005', '1', 2, 23267901.00),
('99911122222', '20240404', 'ORD000046', 'EXE000046', '000006', '1', 64, 12980638.00),
('99911122222', '20240519', 'ORD000047', 'EXE000047', '000007', '2', 66, 43064246.00),
('99911122222', '20240406', 'ORD000048', 'EXE000048', '000008', '1', 93, 31293920.00),
('99911122222', '20240130', 'ORD000049', 'EXE000049', '000009', '1', 1, 14793221.00),
('99911122222', '20240601', 'ORD000050', 'EXE000050', '000010', '2', 19, 11441124.00),
('99911122222', '20240803', 'ORD000051', 'EXE000051', '000011', '1', 37, 2445618.00),
('99911122222', '20240218', 'ORD000052', 'EXE000052', '000012', '2', 34, 26101411.00),
('99911122222', '20240508', 'ORD000053', 'EXE000053', '000013', '2', 15, 41397922.00),
('99911122222', '20240909', 'ORD000054', 'EXE000054', '000014', '1', 100, 32879361.00),
('99911122222', '20240913', 'ORD000055', 'EXE000055', '000015', '1', 100, 21102000.00),
('99911122222', '20240304', 'ORD000056', 'EXE000056', '000016', '2', 82, 40224684.00),
('99911122222', '20240310', 'ORD000057', 'EXE000057', '000017', '2', 6, 31047053.00),
('99911122222', '20240106', 'ORD000058', 'EXE000058', '000018', '1', 96, 21320504.00),
('99911122222', '20241017', 'ORD000059', 'EXE000059', '000019', '1', 60, 2636553.00),
('99911122222', '20240712', 'ORD000060', 'EXE000060', '000020', '2', 100, 10953792.00),
('99911122222', '20240522', 'ORD000061', 'EXE000061', '000001', '2', 19, 14572908.00),
('99911122222', '20240923', 'ORD000062', 'EXE000062', '000002', '1', 46, 34688969.00),
('99911122222', '20240924', 'ORD000063', 'EXE000063', '000003', '2', 5, 14371836.00),
('99911122222', '20240209', 'ORD000064', 'EXE000064', '000004', '2', 26, 8588723.00),
('99911122222', '20240204', 'ORD000065', 'EXE000065', '000005', '2', 60, 25903587.00),
('99911122222', '20240906', 'ORD000066', 'EXE000066', '000006', '2', 87, 23701767.00),
('99911122222', '20240728', 'ORD000067', 'EXE000067', '000007', '2', 84, 2035329.00),
('99911122222', '20240920', 'ORD000068', 'EXE000068', '000008', '1', 41, 2663847.00),
('99911122222', '20240403', 'ORD000069', 'EXE000069', '000009', '1', 60, 8695856.00),
('99911122222', '20241018', 'ORD000070', 'EXE000070', '000010', '1', 15, 43152825.00),
('99911122222', '20240318', 'ORD000071', 'EXE000071', '000011', '1', 83, 25241198.00),
('99911122222', '20240921', 'ORD000072', 'EXE000072', '000012', '2', 97, 15137383.00),
('99911122222', '20240412', 'ORD000073', 'EXE000073', '000013', '1', 58, 16881260.00),
('99911122222', '20240302', 'ORD000074', 'EXE000074', '000014', '1', 42, 2647861.00),
('99911122222', '20240721', 'ORD000075', 'EXE000075', '000015', '1', 97, 23458590.00),
('99911122222', '20240609', 'ORD000076', 'EXE000076', '000016', '1', 40, 23378343.00),
('99911122222', '20240801', 'ORD000077', 'EXE000077', '000017', '1', 51, 43088295.00),
('99911122222', '20240420', 'ORD000078', 'EXE000078', '000018', '1', 77, 16245199.00),
('99911122222', '20240501', 'ORD000079', 'EXE000079', '000019', '2', 39, 8478749.00),
('99911122222', '20240206', 'ORD000080', 'EXE000080', '000020', '2', 82, 30513269.00),
('99911122222', '20240203', 'ORD000081', 'EXE000081', '000001', '2', 23, 45575817.00),
('99911122222', '20240222', 'ORD000082', 'EXE000082', '000002', '1', 3, 30474117.00),
('99911122222', '20240321', 'ORD000083', 'EXE000083', '000003', '2', 60, 41959765.00),
('99911122222', '20240920', 'ORD000084', 'EXE000084', '000004', '2', 21, 28396070.00),
('99911122222', '20241022', 'ORD000085', 'EXE000085', '000005', '1', 29, 16389136.00),
('99911122222', '20240214', 'ORD000086', 'EXE000086', '000006', '1', 6, 42919328.00),
('99911122222', '20240307', 'ORD000087', 'EXE000087', '000007', '2', 91, 7909933.00),
('99911122222', '20240416', 'ORD000088', 'EXE000088', '000008', '1', 92, 48283598.00),
('99911122222', '20240623', 'ORD000089', 'EXE000089', '000009', '2', 34, 16715234.00),
('99911122222', '20240614', 'ORD000090', 'EXE000090', '000010', '2', 21, 15817872.00),
('99911122222', '20240524', 'ORD000091', 'EXE000091', '000011', '2', 82, 44187540.00),
('99911122222', '20240818', 'ORD000092', 'EXE000092', '000012', '2', 83, 49135231.00),
('99911122222', '20240712', 'ORD000093', 'EXE000093', '000013', '1', 69, 46777804.00),
('99911122222', '20240229', 'ORD000094', 'EXE000094', '000014', '2', 35, 26561183.00),
('99911122222', '20240726', 'ORD000095', 'EXE000095', '000015', '2', 20, 11870965.00),
('99911122222', '20240107', 'ORD000096', 'EXE000096', '000016', '1', 12, 33374207.00),
('99911122222', '20240829', 'ORD000097', 'EXE000097', '000017', '2', 89, 23247616.00),
('99911122222', '20240620', 'ORD000098', 'EXE000098', '000018', '2', 16, 39609409.00),
('99911122222', '20240122', 'ORD000099', 'EXE000099', '000019', '1', 82, 40201598.00),
('99911122222', '20240708', 'ORD000100', 'EXE000100', '000020', '1', 76, 38032587.00),
('99911122222', '20241024', 'ORD000101', 'EXE000101', '000001', '2', 57, 43289074.00),
('99911122222', '20240608', 'ORD000102', 'EXE000102', '000002', '1', 32, 14941629.00),
('99911122222', '20240122', 'ORD000103', 'EXE000103', '000003', '1', 96, 43777182.00),
('99911122222', '20240223', 'ORD000104', 'EXE000104', '000004', '2', 45, 47555730.00),
('99911122222', '20240423', 'ORD000105', 'EXE000105', '000005', '2', 62, 20678333.00),
('99911122222', '20241013', 'ORD000106', 'EXE000106', '000006', '1', 46, 8462789.00),
('99911122222', '20240703', 'ORD000107', 'EXE000107', '000007', '2', 26, 17092680.00),
('99911122222', '20240129', 'ORD000108', 'EXE000108', '000008', '2', 18, 45624448.00),
('99911122222', '20240426', 'ORD000109', 'EXE000109', '000009', '1', 11, 33075718.00),
('99911122222', '20241001', 'ORD000110', 'EXE000110', '000010', '1', 14, 24616560.00),
('99911122222', '20240917', 'ORD000111', 'EXE000111', '000011', '2', 88, 42782962.00),
('99911122222', '20240115', 'ORD000112', 'EXE000112', '000012', '1', 16, 42275550.00),
('99911122222', '20240912', 'ORD000113', 'EXE000113', '000013', '1', 10, 47035653.00),
('99911122222', '20240522', 'ORD000114', 'EXE000114', '000014', '2', 87, 29584516.00),
('99911122222', '20240316', 'ORD000115', 'EXE000115', '000015', '2', 32, 3500624.00),
('99911122222', '20241001', 'ORD000116', 'EXE000116', '000016', '2', 42, 18628450.00),
('99911122222', '20240326', 'ORD000117', 'EXE000117', '000017', '2', 64, 6043916.00),
('99911122222', '20240828', 'ORD000118', 'EXE000118', '000018', '2', 69, 20626646.00),
('99911122222', '20240828', 'ORD000119', 'EXE000119', '000019', '1', 74, 18513224.00),
('99911122222', '20240704', 'ORD000120', 'EXE000120', '000020', '2', 64, 12963298.00),
('99911122222', '20240803', 'ORD000121', 'EXE000121', '000001', '2', 36, 23859828.00),
('99911122222', '20240116', 'ORD000122', 'EXE000122', '000002', '1', 36, 24441830.00),
('99911122222', '20240610', 'ORD000123', 'EXE000123', '000003', '1', 93, 44665718.00),
('99911122222', '20240129', 'ORD000124', 'EXE000124', '000004', '2', 64, 6551813.00),
('99911122222', '20240924', 'ORD000125', 'EXE000125', '000005', '1', 86, 15126964.00),
('99911122222', '20240109', 'ORD000126', 'EXE000126', '000006', '2', 3, 26291094.00),
('99911122222', '20240423', 'ORD000127', 'EXE000127', '000007', '1', 42, 44971253.00),
('99911122222', '20240325', 'ORD000128', 'EXE000128', '000008', '1', 27, 2213710.00),
('99911122222', '20240426', 'ORD000129', 'EXE000129', '000009', '2', 72, 27737107.00),
('99911122222', '20240505', 'ORD000130', 'EXE000130', '000010', '1', 15, 14853602.00),
('99911122222', '20240130', 'ORD000131', 'EXE000131', '000011', '1', 33, 1663468.00),
('99911122222', '20241019', 'ORD000132', 'EXE000132', '000012', '2', 65, 43902263.00),
('99911122222', '20240528', 'ORD000133', 'EXE000133', '000013', '1', 5, 6172877.00),
('99911122222', '20240813', 'ORD000134', 'EXE000134', '000014', '1', 89, 23375163.00),
('99911122222', '20240205', 'ORD000135', 'EXE000135', '000015', '2', 18, 14012710.00),
('99911122222', '20240119', 'ORD000136', 'EXE000136', '000016', '2', 68, 24803718.00),
('99911122222', '20240422', 'ORD000137', 'EXE000137', '000017', '1', 19, 27863748.00),
('99911122222', '20240815', 'ORD000138', 'EXE000138', '000018', '1', 44, 6837215.00),
('99911122222', '20240511', 'ORD000139', 'EXE000139', '000019', '2', 63, 42964302.00),
('99911122222', '20240317', 'ORD000140', 'EXE000140', '000020', '2', 57, 49790402.00),
('99911122222', '20240305', 'ORD000141', 'EXE000141', '000001', '1', 92, 22406663.00),
('99911122222', '20240816', 'ORD000142', 'EXE000142', '000002', '1', 51, 39167452.00),
('99911122222', '20240727', 'ORD000143', 'EXE000143', '000003', '1', 93, 13301119.00),
('99911122222', '20240224', 'ORD000144', 'EXE000144', '000004', '2', 96, 2275536.00),
('99911122222', '20240905', 'ORD000145', 'EXE000145', '000005', '1', 22, 5874539.00),
('99911122222', '20240906', 'ORD000146', 'EXE000146', '000006', '1', 99, 19963123.00),
('99911122222', '20240325', 'ORD000147', 'EXE000147', '000007', '1', 94, 6797060.00),
('99911122222', '20240324', 'ORD000148', 'EXE000148', '000008', '2', 40, 36727346.00),
('99911122222', '20240501', 'ORD000149', 'EXE000149', '000009', '1', 32, 36920536.00),
('99911122222', '20240528', 'ORD000150', 'EXE000150', '000010', '2', 89, 31370206.00),
('99911122222', '20240410', 'ORD000151', 'EXE000151', '000011', '1', 54, 49801853.00),
('99911122222', '20240917', 'ORD000152', 'EXE000152', '000012', '2', 20, 7813085.00),
('99911122222', '20240611', 'ORD000153', 'EXE000153', '000013', '2', 70, 19435879.00),
('99911122222', '20240129', 'ORD000154', 'EXE000154', '000014', '1', 40, 35654303.00),
('99911122222', '20240630', 'ORD000155', 'EXE000155', '000015', '1', 7, 32486200.00),
('99911122222', '20240727', 'ORD000156', 'EXE000156', '000016', '2', 97, 12524576.00),
('99911122222', '20240609', 'ORD000157', 'EXE000157', '000017', '1', 88, 39729153.00),
('99911122222', '20240723', 'ORD000158', 'EXE000158', '000018', '1', 17, 39065496.00),
('99911122222', '20240403', 'ORD000159', 'EXE000159', '000019', '2', 100, 1630671.00),
('99911122222', '20240125', 'ORD000160', 'EXE000160', '000020', '1', 88, 14036165.00),
('99911122222', '20240527', 'ORD000161', 'EXE000161', '000001', '1', 6, 15413251.00),
('99911122222', '20240512', 'ORD000162', 'EXE000162', '000002', '2', 59, 34811141.00),
('99911122222', '20240523', 'ORD000163', 'EXE000163', '000003', '1', 62, 31077916.00),
('99911122222', '20240220', 'ORD000164', 'EXE000164', '000004', '1', 35, 12281219.00),
('99911122222', '20241024', 'ORD000165', 'EXE000165', '000005', '1', 52, 33133010.00),
('99911122222', '20240405', 'ORD000166', 'EXE000166', '000006', '2', 33, 12116163.00),
('99911122222', '20240712', 'ORD000167', 'EXE000167', '000007', '1', 57, 18863306.00),
('99911122222', '20240724', 'ORD000168', 'EXE000168', '000008', '2', 11, 49923267.00),
('99911122222', '20241017', 'ORD000169', 'EXE000169', '000009', '1', 42, 15408629.00),
('99911122222', '20240627', 'ORD000170', 'EXE000170', '000010', '2', 25, 10667594.00),
('99911122222', '20240821', 'ORD000171', 'EXE000171', '000011', '1', 52, 40062510.00),
('99911122222', '20240620', 'ORD000172', 'EXE000172', '000012', '1', 12, 40116122.00),
('99911122222', '20241006', 'ORD000173', 'EXE000173', '000013', '1', 61, 27814652.00),
('99911122222', '20240306', 'ORD000174', 'EXE000174', '000014', '1', 1, 8457392.00),
('99911122222', '20240210', 'ORD000175', 'EXE000175', '000015', '2', 64, 3353316.00),
('99911122222', '20240807', 'ORD000176', 'EXE000176', '000016', '1', 1, 30915719.00),
('99911122222', '20240331', 'ORD000177', 'EXE000177', '000017', '2', 67, 45205885.00),
('99911122222', '20240103', 'ORD000178', 'EXE000178', '000018', '1', 32, 25006823.00),
('99911122222', '20240425', 'ORD000179', 'EXE000179', '000019', '2', 49, 40019887.00),
('99911122222', '20240125', 'ORD000180', 'EXE000180', '000020', '1', 2, 9168892.00),
('99911122222', '20240303', 'ORD000181', 'EXE000181', '000001', '1', 62, 16993322.00),
('99911122222', '20241027', 'ORD000182', 'EXE000182', '000002', '1', 38, 22448278.00),
('99911122222', '20241020', 'ORD000183', 'EXE000183', '000003', '2', 13, 40640782.00),
('99911122222', '20240819', 'ORD000184', 'EXE000184', '000004', '1', 77, 34799753.00),
('99911122222', '20241017', 'ORD000185', 'EXE000185', '000005', '1', 12, 30933927.00),
('99911122222', '20240122', 'ORD000186', 'EXE000186', '000006', '1', 6, 32249662.00),
('99911122222', '20240604', 'ORD000187', 'EXE000187', '000007', '1', 83, 42722551.00),
('99911122222', '20240406', 'ORD000188', 'EXE000188', '000008', '2', 10, 24456726.00),
('99911122222', '20240724', 'ORD000189', 'EXE000189', '000009', '2', 63, 13968166.00),
('99911122222', '20240415', 'ORD000190', 'EXE000190', '000010', '2', 83, 43595009.00),
('99911122222', '20240228', 'ORD000191', 'EXE000191', '000011', '2', 77, 12028661.00),
('99911122222', '20240405', 'ORD000192', 'EXE000192', '000012', '1', 86, 32328350.00),
('99911122222', '20240522', 'ORD000193', 'EXE000193', '000013', '1', 18, 44456594.00),
('99911122222', '20240524', 'ORD000194', 'EXE000194', '000014', '2', 63, 20201574.00),
('99911122222', '20240619', 'ORD000195', 'EXE000195', '000015', '2', 98, 21756705.00),
('99911122222', '20240713', 'ORD000196', 'EXE000196', '000016', '2', 40, 12053884.00),
('99911122222', '20240729', 'ORD000197', 'EXE000197', '000017', '1', 87, 3832916.00),
('99911122222', '20240202', 'ORD000198', 'EXE000198', '000018', '1', 46, 266906.00),
('99911122222', '20240313', 'ORD000199', 'EXE000199', '000019', '2', 12, 40881118.00),
('99911122222', '20240520', 'ORD000200', 'EXE000200', '000020', '2', 98, 24576213.00),
('99911122222', '20240707', 'ORD000201', 'EXE000201', '000001', '2', 30, 45815736.00),
('99911122222', '20240808', 'ORD000202', 'EXE000202', '000002', '2', 85, 15741630.00),
('99911122222', '20240202', 'ORD000203', 'EXE000203', '000003', '2', 77, 48608240.00),
('99911122222', '20240409', 'ORD000204', 'EXE000204', '000004', '2', 68, 14636272.00),
('99911122222', '20240803', 'ORD000205', 'EXE000205', '000005', '1', 32, 6544087.00),
('99911122222', '20240416', 'ORD000206', 'EXE000206', '000006', '2', 25, 5614714.00),
('99911122222', '20240407', 'ORD000207', 'EXE000207', '000007', '2', 99, 39345936.00),
('99911122222', '20240428', 'ORD000208', 'EXE000208', '000008', '2', 57, 19044316.00),
('99911122222', '20240227', 'ORD000209', 'EXE000209', '000009', '1', 49, 8193005.00),
('99911122222', '20241020', 'ORD000210', 'EXE000210', '000010', '1', 71, 1756325.00),
('99911122222', '20240121', 'ORD000211', 'EXE000211', '000011', '2', 2, 33302795.00),
('99911122222', '20240630', 'ORD000212', 'EXE000212', '000012', '2', 51, 23789664.00),
('99911122222', '20240914', 'ORD000213', 'EXE000213', '000013', '1', 1, 37568884.00),
('99911122222', '20240925', 'ORD000214', 'EXE000214', '000014', '2', 47, 18497533.00),
('99911122222', '20240417', 'ORD000215', 'EXE000215', '000015', '1', 2, 42706151.00),
('99911122222', '20240128', 'ORD000216', 'EXE000216', '000016', '2', 93, 7426205.00),
('99911122222', '20240517', 'ORD000217', 'EXE000217', '000017', '2', 93, 22759125.00),
('99911122222', '20240118', 'ORD000218', 'EXE000218', '000018', '2', 84, 21009595.00),
('99911122222', '20240302', 'ORD000219', 'EXE000219', '000019', '1', 55, 21426993.00),
('99911122222', '20240221', 'ORD000220', 'EXE000220', '000020', '2', 100, 33989911.00),
('99911122222', '20240824', 'ORD000221', 'EXE000221', '000001', '2', 56, 27131543.00),
('99911122222', '20240408', 'ORD000222', 'EXE000222', '000002', '2', 4, 10684065.00),
('99911122222', '20240722', 'ORD000223', 'EXE000223', '000003', '1', 14, 9178868.00),
('99911122222', '20240721', 'ORD000224', 'EXE000224', '000004', '2', 74, 28093323.00),
('99911122222', '20240906', 'ORD000225', 'EXE000225', '000005', '1', 55, 36155526.00),
('99911122222', '20240510', 'ORD000226', 'EXE000226', '000006', '1', 33, 24184862.00),
('99911122222', '20240707', 'ORD000227', 'EXE000227', '000007', '1', 79, 24123000.00),
('99911122222', '20240508', 'ORD000228', 'EXE000228', '000008', '1', 50, 30778531.00),
('99911122222', '20240115', 'ORD000229', 'EXE000229', '000009', '1', 67, 9779626.00),
('99911122222', '20240614', 'ORD000230', 'EXE000230', '000010', '1', 38, 5286900.00),
('99911122222', '20240722', 'ORD000231', 'EXE000231', '000011', '1', 52, 46973438.00),
('99911122222', '20240114', 'ORD000232', 'EXE000232', '000012', '1', 28, 9128957.00),
('99911122222', '20240915', 'ORD000233', 'EXE000233', '000013', '2', 53, 17121842.00),
('99911122222', '20240727', 'ORD000234', 'EXE000234', '000014', '1', 43, 14842027.00),
('99911122222', '20240325', 'ORD000235', 'EXE000235', '000015', '1', 79, 30094749.00),
('99911122222', '20240213', 'ORD000236', 'EXE000236', '000016', '2', 86, 10153442.00),
('99911122222', '20240607', 'ORD000237', 'EXE000237', '000017', '1', 81, 28526547.00),
('99911122222', '20240610', 'ORD000238', 'EXE000238', '000018', '2', 24, 28604695.00),
('99911122222', '20240209', 'ORD000239', 'EXE000239', '000019', '1', 45, 30906534.00),
('99911122222', '20240811', 'ORD000240', 'EXE000240', '000020', '1', 74, 44457243.00),
('99911122222', '20240808', 'ORD000241', 'EXE000241', '000001', '1', 28, 44958305.00),
('99911122222', '20240422', 'ORD000242', 'EXE000242', '000002', '1', 85, 38074642.00),
('99911122222', '20240503', 'ORD000243', 'EXE000243', '000003', '1', 65, 42499257.00),
('99911122222', '20240928', 'ORD000244', 'EXE000244', '000004', '1', 33, 17216501.00),
('99911122222', '20240110', 'ORD000245', 'EXE000245', '000005', '1', 70, 20394153.00),
('99911122222', '20240501', 'ORD000246', 'EXE000246', '000006', '2', 77, 37192212.00),
('99911122222', '20240928', 'ORD000247', 'EXE000247', '000007', '2', 45, 29937123.00),
('99911122222', '20240804', 'ORD000248', 'EXE000248', '000008', '2', 81, 29720503.00),
('99911122222', '20240321', 'ORD000249', 'EXE000249', '000009', '1', 41, 26112706.00),
('99911122222', '20240917', 'ORD000250', 'EXE000250', '000010', '1', 72, 33898782.00),
('99911122222', '20240823', 'ORD000251', 'EXE000251', '000011', '1', 31, 16806181.00),
('99911122222', '20240322', 'ORD000252', 'EXE000252', '000012', '2', 11, 1648293.00),
('99911122222', '20240109', 'ORD000253', 'EXE000253', '000013', '2', 13, 25576145.00),
('99911122222', '20240627', 'ORD000254', 'EXE000254', '000014', '1', 59, 27618445.00),
('99911122222', '20240724', 'ORD000255', 'EXE000255', '000015', '2', 91, 16806886.00),
('99911122222', '20240912', 'ORD000256', 'EXE000256', '000016', '2', 81, 13446980.00),
('99911122222', '20240408', 'ORD000257', 'EXE000257', '000017', '1', 61, 34671919.00),
('99911122222', '20241008', 'ORD000258', 'EXE000258', '000018', '1', 65, 3951201.00),
('99911122222', '20240101', 'ORD000259', 'EXE000259', '000019', '1', 28, 1244574.00),
('99911122222', '20240706', 'ORD000260', 'EXE000260', '000020', '2', 15, 17992684.00),
('99911122222', '20241019', 'ORD000261', 'EXE000261', '000001', '2', 24, 22570132.00),
('99911122222', '20240923', 'ORD000262', 'EXE000262', '000002', '2', 35, 45023781.00),
('99911122222', '20240831', 'ORD000263', 'EXE000263', '000003', '2', 98, 3395433.00),
('99911122222', '20240319', 'ORD000264', 'EXE000264', '000004', '1', 34, 35227402.00),
('99911122222', '20240808', 'ORD000265', 'EXE000265', '000005', '1', 87, 2021052.00),
('99911122222', '20240210', 'ORD000266', 'EXE000266', '000006', '2', 93, 1135725.00),
('99911122222', '20240513', 'ORD000267', 'EXE000267', '000007', '2', 50, 20981500.00),
('99911122222', '20240908', 'ORD000268', 'EXE000268', '000008', '2', 64, 6891672.00),
('99911122222', '20240903', 'ORD000269', 'EXE000269', '000009', '1', 6, 38958627.00),
('99911122222', '20240319', 'ORD000270', 'EXE000270', '000010', '2', 5, 33666473.00),
('99911122222', '20240712', 'ORD000271', 'EXE000271', '000011', '1', 10, 14514851.00),
('99911122222', '20240213', 'ORD000272', 'EXE000272', '000012', '1', 29, 42824111.00),
('99911122222', '20240624', 'ORD000273', 'EXE000273', '000013', '2', 88, 37435771.00),
('99911122222', '20240519', 'ORD000274', 'EXE000274', '000014', '2', 62, 46554306.00),
('99911122222', '20240223', 'ORD000275', 'EXE000275', '000015', '1', 67, 1540606.00),
('99911122222', '20240325', 'ORD000276', 'EXE000276', '000016', '1', 58, 29119664.00),
('99911122222', '20240224', 'ORD000277', 'EXE000277', '000017', '2', 7, 16812937.00),
('99911122222', '20240108', 'ORD000278', 'EXE000278', '000018', '2', 28, 15523203.00),
('99911122222', '20240323', 'ORD000279', 'EXE000279', '000019', '2', 31, 10326981.00),
('99911122222', '20240905', 'ORD000280', 'EXE000280', '000020', '1', 11, 33374103.00),
('99911122222', '20240519', 'ORD000281', 'EXE000281', '000001', '2', 78, 6349802.00),
('99911122222', '20240310', 'ORD000282', 'EXE000282', '000002', '1', 67, 41125090.00),
('99911122222', '20240504', 'ORD000283', 'EXE000283', '000003', '1', 5, 38705017.00),
('99911122222', '20240410', 'ORD000284', 'EXE000284', '000004', '2', 59, 36030069.00),
('99911122222', '20240206', 'ORD000285', 'EXE000285', '000005', '1', 61, 44431633.00),
('99911122222', '20240724', 'ORD000286', 'EXE000286', '000006', '1', 70, 23969221.00),
('99911122222', '20240521', 'ORD000287', 'EXE000287', '000007', '1', 4, 41796876.00),
('99911122222', '20240112', 'ORD000288', 'EXE000288', '000008', '1', 81, 39175944.00),
('99911122222', '20240822', 'ORD000289', 'EXE000289', '000009', '1', 43, 24706365.00),
('99911122222', '20240725', 'ORD000290', 'EXE000290', '000010', '2', 47, 44567183.00),
('99911122222', '20240327', 'ORD000291', 'EXE000291', '000011', '2', 51, 31770722.00),
('99911122222', '20240601', 'ORD000292', 'EXE000292', '000012', '1', 71, 49998354.00),
('99911122222', '20240502', 'ORD000293', 'EXE000293', '000013', '2', 11, 19166421.00),
('99911122222', '20240206', 'ORD000294', 'EXE000294', '000014', '1', 38, 19126292.00),
('99911122222', '20241020', 'ORD000295', 'EXE000295', '000015', '1', 91, 22299596.00),
('99911122222', '20240507', 'ORD000296', 'EXE000296', '000016', '2', 53, 46171215.00),
('99911122222', '20240826', 'ORD000297', 'EXE000297', '000017', '2', 59, 46327110.00),
('99911122222', '20240805', 'ORD000298', 'EXE000298', '000018', '1', 89, 18861918.00),
('99911122222', '20240714', 'ORD000299', 'EXE000299', '000019', '2', 84, 8957465.00),
('99911122222', '20240513', 'ORD000300', 'EXE000300', '000020', '2', 95, 3586993.00),
('99911122222', '20240321', 'ORD000301', 'EXE000301', '000001', '2', 60, 23713556.00),
('99911122222', '20240907', 'ORD000302', 'EXE000302', '000002', '1', 17, 16026433.00),
('99911122222', '20240529', 'ORD000303', 'EXE000303', '000003', '2', 24, 33048979.00),
('99911122222', '20241004', 'ORD000304', 'EXE000304', '000004', '2', 7, 47270445.00),
('99911122222', '20240109', 'ORD000305', 'EXE000305', '000005', '1', 61, 31165844.00),
('99911122222', '20240202', 'ORD000306', 'EXE000306', '000006', '2', 3, 3013574.00),
('99911122222', '20240616', 'ORD000307', 'EXE000307', '000007', '1', 84, 17719609.00),
('99911122222', '20240810', 'ORD000308', 'EXE000308', '000008', '2', 17, 3114546.00),
('99911122222', '20241025', 'ORD000309', 'EXE000309', '000009', '2', 57, 40550827.00),
('99911122222', '20240608', 'ORD000310', 'EXE000310', '000010', '1', 38, 7182846.00),
('99911122222', '20241006', 'ORD000311', 'EXE000311', '000011', '1', 94, 44579967.00),
('99911122222', '20240124', 'ORD000312', 'EXE000312', '000012', '2', 29, 43997036.00),
('99911122222', '20240204', 'ORD000313', 'EXE000313', '000013', '2', 71, 5864519.00),
('99911122222', '20240329', 'ORD000314', 'EXE000314', '000014', '1', 7, 8547319.00),
('99911122222', '20240226', 'ORD000315', 'EXE000315', '000015', '2', 78, 32153707.00),
('99911122222', '20240909', 'ORD000316', 'EXE000316', '000016', '1', 26, 19791022.00),
('99911122222', '20240725', 'ORD000317', 'EXE000317', '000017', '2', 38, 37279079.00),
('99911122222', '20240814', 'ORD000318', 'EXE000318', '000018', '2', 95, 42380272.00),
('99911122222', '20240423', 'ORD000319', 'EXE000319', '000019', '1', 66, 5200206.00),
('99911122222', '20240526', 'ORD000320', 'EXE000320', '000020', '2', 5, 24086726.00),
('99911122222', '20240704', 'ORD000321', 'EXE000321', '000001', '1', 86, 26398488.00),
('99911122222', '20240421', 'ORD000322', 'EXE000322', '000002', '2', 57, 28625854.00),
('99911122222', '20240307', 'ORD000323', 'EXE000323', '000003', '2', 64, 18901995.00),
('99911122222', '20240520', 'ORD000324', 'EXE000324', '000004', '1', 22, 12178300.00),
('99911122222', '20240518', 'ORD000325', 'EXE000325', '000005', '2', 79, 1780465.00),
('99911122222', '20240930', 'ORD000326', 'EXE000326', '000006', '1', 81, 16553039.00),
('99911122222', '20240322', 'ORD000327', 'EXE000327', '000007', '1', 6, 16795181.00),
('99911122222', '20240209', 'ORD000328', 'EXE000328', '000008', '2', 96, 19290018.00),
('99911122222', '20240421', 'ORD000329', 'EXE000329', '000009', '1', 100, 13708382.00),
('99911122222', '20240623', 'ORD000330', 'EXE000330', '000010', '1', 71, 7723023.00),
('99911122222', '20240930', 'ORD000331', 'EXE000331', '000011', '1', 99, 24022456.00),
('99911122222', '20240420', 'ORD000332', 'EXE000332', '000012', '2', 50, 45739619.00),
('99911122222', '20240428', 'ORD000333', 'EXE000333', '000013', '1', 71, 28031863.00),
('99911122222', '20240425', 'ORD000334', 'EXE000334', '000014', '2', 39, 7221598.00),
('99911122222', '20240425', 'ORD000335', 'EXE000335', '000015', '1', 22, 48934436.00),
('99911122222', '20240825', 'ORD000336', 'EXE000336', '000016', '2', 9, 43749422.00),
('99911122222', '20240101', 'ORD000337', 'EXE000337', '000017', '1', 75, 46018544.00),
('99911122222', '20240804', 'ORD000338', 'EXE000338', '000018', '1', 100, 9682916.00),
('99911122222', '20240924', 'ORD000339', 'EXE000339', '000019', '1', 6, 10623251.00),
('99911122222', '20240415', 'ORD000340', 'EXE000340', '000020', '2', 87, 4961679.00),
('99911122222', '20240528', 'ORD000341', 'EXE000341', '000001', '1', 92, 41272815.00),
('99911122222', '20240821', 'ORD000342', 'EXE000342', '000002', '1', 38, 18306922.00),
('99911122222', '20240415', 'ORD000343', 'EXE000343', '000003', '1', 24, 37370823.00),
('99911122222', '20240404', 'ORD000344', 'EXE000344', '000004', '1', 82, 35370987.00),
('99911122222', '20240211', 'ORD000345', 'EXE000345', '000005', '2', 55, 42271815.00),
('99911122222', '20240321', 'ORD000346', 'EXE000346', '000006', '1', 36, 7280831.00),
('99911122222', '20241002', 'ORD000347', 'EXE000347', '000007', '2', 46, 8936818.00),
('99911122222', '20240719', 'ORD000348', 'EXE000348', '000008', '2', 4, 19353474.00),
('99911122222', '20240309', 'ORD000349', 'EXE000349', '000009', '2', 5, 9345825.00),
('99911122222', '20240918', 'ORD000350', 'EXE000350', '000010', '2', 44, 8383633.00),
('99911122222', '20241020', 'ORD000351', 'EXE000351', '000011', '2', 10, 8409528.00),
('99911122222', '20240229', 'ORD000352', 'EXE000352', '000012', '2', 79, 29043112.00),
('99911122222', '20241016', 'ORD000353', 'EXE000353', '000013', '2', 30, 8779673.00),
('99911122222', '20240613', 'ORD000354', 'EXE000354', '000014', '1', 40, 20382514.00),
('99911122222', '20240805', 'ORD000355', 'EXE000355', '000015', '2', 95, 31904021.00),
('99911122222', '20240624', 'ORD000356', 'EXE000356', '000016', '1', 74, 33899929.00),
('99911122222', '20240718', 'ORD000357', 'EXE000357', '000017', '1', 90, 10062968.00),
('99911122222', '20240116', 'ORD000358', 'EXE000358', '000018', '2', 31, 29455647.00),
('99911122222', '20240413', 'ORD000359', 'EXE000359', '000019', '1', 74, 2120944.00),
('99911122222', '20241016', 'ORD000360', 'EXE000360', '000020', '2', 8, 2061755.00),
('99911122222', '20240525', 'ORD000361', 'EXE000361', '000001', '2', 84, 29028072.00),
('99911122222', '20240322', 'ORD000362', 'EXE000362', '000002', '2', 91, 3213878.00),
('99911122222', '20240502', 'ORD000363', 'EXE000363', '000003', '2', 20, 15368351.00),
('99911122222', '20240604', 'ORD000364', 'EXE000364', '000004', '1', 8, 32571268.00),
('99911122222', '20240618', 'ORD000365', 'EXE000365', '000005', '1', 17, 1141134.00),
('99911122222', '20240405', 'ORD000366', 'EXE000366', '000006', '1', 47, 24346876.00),
('99911122222', '20241015', 'ORD000367', 'EXE000367', '000007', '2', 23, 16505527.00),
('99911122222', '20240606', 'ORD000368', 'EXE000368', '000008', '2', 14, 20719058.00),
('99911122222', '20240225', 'ORD000369', 'EXE000369', '000009', '1', 44, 27750038.00),
('99911122222', '20240704', 'ORD000370', 'EXE000370', '000010', '2', 83, 6619777.00),
('99911122222', '20240203', 'ORD000371', 'EXE000371', '000011', '1', 76, 29277304.00),
('99911122222', '20241021', 'ORD000372', 'EXE000372', '000012', '2', 97, 11987636.00),
('99911122222', '20240622', 'ORD000373', 'EXE000373', '000013', '2', 65, 12557509.00),
('99911122222', '20240709', 'ORD000374', 'EXE000374', '000014', '1', 76, 41520667.00),
('99911122222', '20240107', 'ORD000375', 'EXE000375', '000015', '2', 66, 21707110.00),
('99911122222', '20240122', 'ORD000376', 'EXE000376', '000016', '1', 20, 49858006.00),
('99911122222', '20240602', 'ORD000377', 'EXE000377', '000017', '1', 78, 40996237.00),
('99911122222', '20240122', 'ORD000378', 'EXE000378', '000018', '2', 15, 13279098.00),
('99911122222', '20240517', 'ORD000379', 'EXE000379', '000019', '1', 27, 7906615.00),
('99911122222', '20240916', 'ORD000380', 'EXE000380', '000020', '2', 9, 25307191.00),
('99911122222', '20240618', 'ORD000381', 'EXE000381', '000001', '2', 65, 43911887.00),
('99911122222', '20240425', 'ORD000382', 'EXE000382', '000002', '2', 51, 7372459.00),
('99911122222', '20240527', 'ORD000383', 'EXE000383', '000003', '1', 90, 21494913.00),
('99911122222', '20240507', 'ORD000384', 'EXE000384', '000004', '1', 36, 33782646.00),
('99911122222', '20240618', 'ORD000385', 'EXE000385', '000005', '1', 59, 11836737.00),
('99911122222', '20240327', 'ORD000386', 'EXE000386', '000006', '1', 28, 14262875.00),
('99911122222', '20241024', 'ORD000387', 'EXE000387', '000007', '1', 5, 20267970.00),
('99911122222', '20240727', 'ORD000388', 'EXE000388', '000008', '2', 17, 27298865.00),
('99911122222', '20240730', 'ORD000389', 'EXE000389', '000009', '1', 23, 36628820.00),
('99911122222', '20240108', 'ORD000390', 'EXE000390', '000010', '1', 92, 2476261.00),
('99911122222', '20240211', 'ORD000391', 'EXE000391', '000011', '1', 56, 28243414.00),
('99911122222', '20240118', 'ORD000392', 'EXE000392', '000012', '2', 73, 12473512.00),
('99911122222', '20240428', 'ORD000393', 'EXE000393', '000013', '1', 27, 27546759.00),
('99911122222', '20240920', 'ORD000394', 'EXE000394', '000014', '1', 29, 1173807.00),
('99911122222', '20240819', 'ORD000395', 'EXE000395', '000015', '2', 71, 40053712.00),
('99911122222', '20240326', 'ORD000396', 'EXE000396', '000016', '1', 93, 40217011.00),
('99911122222', '20240422', 'ORD000397', 'EXE000397', '000017', '2', 44, 27555639.00),
('99911122222', '20241003', 'ORD000398', 'EXE000398', '000018', '1', 30, 13892832.00),
('99911122222', '20240415', 'ORD000399', 'EXE000399', '000019', '2', 66, 46303018.00),
('99911122222', '20240827', 'ORD000400', 'EXE000400', '000020', '1', 62, 18141288.00),
('99911122222', '20240331', 'ORD000401', 'EXE000401', '000001', '2', 84, 18158912.00),
('99911122222', '20240517', 'ORD000402', 'EXE000402', '000002', '2', 2, 49720714.00),
('99911122222', '20240601', 'ORD000403', 'EXE000403', '000003', '1', 32, 46265299.00),
('99911122222', '20240425', 'ORD000404', 'EXE000404', '000004', '2', 52, 36348592.00),
('99911122222', '20240207', 'ORD000405', 'EXE000405', '000005', '2', 41, 23447792.00),
('99911122222', '20241007', 'ORD000406', 'EXE000406', '000006', '1', 12, 23098701.00),
('99911122222', '20240419', 'ORD000407', 'EXE000407', '000007', '1', 31, 32741870.00),
('99911122222', '20240401', 'ORD000408', 'EXE000408', '000008', '1', 6, 49354738.00),
('99911122222', '20240630', 'ORD000409', 'EXE000409', '000009', '2', 46, 12645895.00),
('99911122222', '20240620', 'ORD000410', 'EXE000410', '000010', '2', 59, 11274352.00),
('99911122222', '20240715', 'ORD000411', 'EXE000411', '000011', '2', 40, 49747646.00),
('99911122222', '20240819', 'ORD000412', 'EXE000412', '000012', '1', 35, 12764817.00),
('99911122222', '20240221', 'ORD000413', 'EXE000413', '000013', '1', 49, 15331375.00),
('99911122222', '20240331', 'ORD000414', 'EXE000414', '000014', '1', 89, 48222277.00),
('99911122222', '20241012', 'ORD000415', 'EXE000415', '000015', '2', 82, 11005202.00),
('99911122222', '20240529', 'ORD000416', 'EXE000416', '000016', '2', 51, 37184643.00),
('99911122222', '20240710', 'ORD000417', 'EXE000417', '000017', '2', 71, 14132929.00),
('99911122222', '20241027', 'ORD000418', 'EXE000418', '000018', '1', 47, 18161718.00),
('99911122222', '20241011', 'ORD000419', 'EXE000419', '000019', '2', 41, 20143225.00),
('99911122222', '20240427', 'ORD000420', 'EXE000420', '000020', '2', 40, 29338490.00),
('99911122222', '20240805', 'ORD000421', 'EXE000421', '000001', '2', 55, 16758028.00),
('99911122222', '20241020', 'ORD000422', 'EXE000422', '000002', '1', 27, 28057151.00),
('99911122222', '20240220', 'ORD000423', 'EXE000423', '000003', '2', 19, 28661027.00),
('99911122222', '20241009', 'ORD000424', 'EXE000424', '000004', '2', 71, 47384983.00),
('99911122222', '20240510', 'ORD000425', 'EXE000425', '000005', '1', 76, 29635932.00),
('99911122222', '20240108', 'ORD000426', 'EXE000426', '000006', '1', 53, 48323240.00),
('99911122222', '20240820', 'ORD000427', 'EXE000427', '000007', '2', 9, 12044259.00),
('99911122222', '20240721', 'ORD000428', 'EXE000428', '000008', '1', 10, 2078718.00),
('99911122222', '20240315', 'ORD000429', 'EXE000429', '000009', '1', 61, 31051181.00),
('99911122222', '20240811', 'ORD000430', 'EXE000430', '000010', '1', 93, 27132780.00),
('99911122222', '20240604', 'ORD000431', 'EXE000431', '000011', '2', 64, 4217185.00),
('99911122222', '20240115', 'ORD000432', 'EXE000432', '000012', '2', 26, 37991766.00),
('99911122222', '20240829', 'ORD000433', 'EXE000433', '000013', '2', 13, 48367005.00),
('99911122222', '20240604', 'ORD000434', 'EXE000434', '000014', '1', 9, 29869495.00),
('99911122222', '20240711', 'ORD000435', 'EXE000435', '000015', '2', 39, 29448806.00),
('99911122222', '20240412', 'ORD000436', 'EXE000436', '000016', '1', 14, 24867800.00),
('99911122222', '20240318', 'ORD000437', 'EXE000437', '000017', '2', 61, 6640957.00),
('99911122222', '20240917', 'ORD000438', 'EXE000438', '000018', '1', 1, 7968209.00),
('99911122222', '20240312', 'ORD000439', 'EXE000439', '000019', '2', 83, 26380237.00),
('99911122222', '20240625', 'ORD000440', 'EXE000440', '000020', '2', 33, 7330036.00),
('99911122222', '20240218', 'ORD000441', 'EXE000441', '000001', '2', 3, 2343972.00),
('99911122222', '20240229', 'ORD000442', 'EXE000442', '000002', '1', 76, 10377470.00),
('99911122222', '20240227', 'ORD000443', 'EXE000443', '000003', '1', 79, 43327599.00),
('99911122222', '20240813', 'ORD000444', 'EXE000444', '000004', '1', 4, 4913141.00),
('99911122222', '20240527', 'ORD000445', 'EXE000445', '000005', '1', 95, 49007155.00),
('99911122222', '20240821', 'ORD000446', 'EXE000446', '000006', '2', 95, 4139079.00),
('99911122222', '20240830', 'ORD000447', 'EXE000447', '000007', '1', 91, 18961617.00),
('99911122222', '20240826', 'ORD000448', 'EXE000448', '000008', '1', 27, 19835253.00),
('99911122222', '20240929', 'ORD000449', 'EXE000449', '000009', '1', 58, 49408839.00),
('99911122222', '20240131', 'ORD000450', 'EXE000450', '000010', '2', 30, 7610817.00),
('99911122222', '20241013', 'ORD000451', 'EXE000451', '000011', '1', 25, 30512949.00),
('99911122222', '20240529', 'ORD000452', 'EXE000452', '000012', '1', 71, 24810214.00),
('99911122222', '20240318', 'ORD000453', 'EXE000453', '000013', '2', 10, 8509630.00),
('99911122222', '20240905', 'ORD000454', 'EXE000454', '000014', '2', 55, 37514297.00),
('99911122222', '20240709', 'ORD000455', 'EXE000455', '000015', '2', 20, 44708499.00),
('99911122222', '20240604', 'ORD000456', 'EXE000456', '000016', '1', 15, 22893285.00),
('99911122222', '20240810', 'ORD000457', 'EXE000457', '000017', '1', 12, 45692482.00),
('99911122222', '20240214', 'ORD000458', 'EXE000458', '000018', '1', 24, 15356278.00),
('99911122222', '20240914', 'ORD000459', 'EXE000459', '000019', '2', 46, 33862571.00),
('99911122222', '20240613', 'ORD000460', 'EXE000460', '000020', '2', 92, 44796352.00),
('99911122222', '20240430', 'ORD000461', 'EXE000461', '000001', '2', 62, 10634934.00),
('99911122222', '20240729', 'ORD000462', 'EXE000462', '000002', '1', 10, 29388532.00),
('99911122222', '20241022', 'ORD000463', 'EXE000463', '000003', '1', 22, 29407679.00),
('99911122222', '20240501', 'ORD000464', 'EXE000464', '000004', '1', 91, 34334114.00),
('99911122222', '20240715', 'ORD000465', 'EXE000465', '000005', '1', 35, 31021978.00),
('99911122222', '20240920', 'ORD000466', 'EXE000466', '000006', '2', 89, 9511200.00),
('99911122222', '20241018', 'ORD000467', 'EXE000467', '000007', '1', 35, 42218681.00),
('99911122222', '20240720', 'ORD000468', 'EXE000468', '000008', '2', 80, 504786.00),
('99911122222', '20240719', 'ORD000469', 'EXE000469', '000009', '1', 31, 29267914.00),
('99911122222', '20240129', 'ORD000470', 'EXE000470', '000010', '2', 94, 39982043.00),
('99911122222', '20240118', 'ORD000471', 'EXE000471', '000011', '2', 28, 49559588.00),
('99911122222', '20240122', 'ORD000472', 'EXE000472', '000012', '2', 40, 17383391.00),
('99911122222', '20240316', 'ORD000473', 'EXE000473', '000013', '1', 83, 37909406.00),
('99911122222', '20241021', 'ORD000474', 'EXE000474', '000014', '2', 65, 27552855.00),
('99911122222', '20240608', 'ORD000475', 'EXE000475', '000015', '1', 80, 36736609.00),
('99911122222', '20240811', 'ORD000476', 'EXE000476', '000016', '1', 23, 18173987.00),
('99911122222', '20240719', 'ORD000477', 'EXE000477', '000017', '2', 2, 37966204.00),
('99911122222', '20240318', 'ORD000478', 'EXE000478', '000018', '1', 55, 32597722.00),
('99911122222', '20240804', 'ORD000479', 'EXE000479', '000019', '1', 61, 15669421.00),
('99911122222', '20240827', 'ORD000480', 'EXE000480', '000020', '1', 65, 9503987.00),
('99911122222', '20240110', 'ORD000481', 'EXE000481', '000001', '2', 47, 40682906.00),
('99911122222', '20240404', 'ORD000482', 'EXE000482', '000002', '2', 36, 43298868.00),
('99911122222', '20240304', 'ORD000483', 'EXE000483', '000003', '1', 56, 21341530.00),
('99911122222', '20240627', 'ORD000484', 'EXE000484', '000004', '2', 17, 18687053.00),
('99911122222', '20240821', 'ORD000485', 'EXE000485', '000005', '2', 37, 12864125.00),
('99911122222', '20240707', 'ORD000486', 'EXE000486', '000006', '1', 90, 26646962.00),
('99911122222', '20240807', 'ORD000487', 'EXE000487', '000007', '2', 90, 30397918.00),
('99911122222', '20240716', 'ORD000488', 'EXE000488', '000008', '1', 91, 10561677.00),
('99911122222', '20240116', 'ORD000489', 'EXE000489', '000009', '2', 87, 958140.00),
('99911122222', '20240702', 'ORD000490', 'EXE000490', '000010', '2', 37, 3595836.00),
('99911122222', '20240624', 'ORD000491', 'EXE000491', '000011', '2', 4, 36179437.00),
('99911122222', '20240901', 'ORD000492', 'EXE000492', '000012', '2', 30, 2586231.00),
('99911122222', '20240923', 'ORD000493', 'EXE000493', '000013', '1', 27, 8422700.00),
('99911122222', '20240616', 'ORD000494', 'EXE000494', '000014', '1', 78, 10765516.00),
('99911122222', '20240611', 'ORD000495', 'EXE000495', '000015', '1', 24, 12888161.00),
('99911122222', '20241002', 'ORD000496', 'EXE000496', '000016', '2', 67, 6420262.00),
('99911122222', '20240516', 'ORD000497', 'EXE000497', '000017', '2', 50, 3508316.00),
('99911122222', '20240329', 'ORD000498', 'EXE000498', '000018', '2', 75, 24078096.00),
('99911122222', '20240403', 'ORD000499', 'EXE000499', '000019', '2', 27, 5285291.00),
('99911122222', '20240907', 'ORD000500', 'EXE000500', '000020', '1', 15, 28714332.00),
('99911122222', '20240927', 'ORD000501', 'EXE000501', '000001', '2', 99, 48569410.00),
('99911122222', '20240130', 'ORD000502', 'EXE000502', '000002', '2', 66, 20301303.00),
('99911122222', '20240125', 'ORD000503', 'EXE000503', '000003', '1', 56, 31386150.00),
('99911122222', '20240113', 'ORD000504', 'EXE000504', '000004', '1', 7, 10714849.00),
('99911122222', '20240605', 'ORD000505', 'EXE000505', '000005', '2', 20, 10367967.00),
('99911122222', '20240509', 'ORD000506', 'EXE000506', '000006', '2', 3, 24779894.00),
('99911122222', '20240701', 'ORD000507', 'EXE000507', '000007', '1', 38, 24859925.00),
('99911122222', '20240227', 'ORD000508', 'EXE000508', '000008', '1', 33, 42136622.00),
('99911122222', '20240123', 'ORD000509', 'EXE000509', '000009', '2', 29, 45621713.00),
('99911122222', '20240324', 'ORD000510', 'EXE000510', '000010', '2', 34, 5407537.00),
('99911122222', '20240926', 'ORD000511', 'EXE000511', '000011', '2', 75, 40914381.00),
('99911122222', '20240325', 'ORD000512', 'EXE000512', '000012', '1', 31, 47372860.00),
('99911122222', '20240829', 'ORD000513', 'EXE000513', '000013', '2', 17, 8280447.00),
('99911122222', '20240408', 'ORD000514', 'EXE000514', '000014', '2', 24, 29904855.00),
('99911122222', '20240904', 'ORD000515', 'EXE000515', '000015', '2', 65, 27190914.00),
('99911122222', '20241027', 'ORD000516', 'EXE000516', '000016', '1', 39, 32981939.00),
('99911122222', '20241014', 'ORD000517', 'EXE000517', '000017', '2', 34, 12699056.00),
('99911122222', '20240725', 'ORD000518', 'EXE000518', '000018', '2', 45, 44004167.00),
('99911122222', '20241003', 'ORD000519', 'EXE000519', '000019', '2', 23, 25549958.00),
('99911122222', '20241008', 'ORD000520', 'EXE000520', '000020', '2', 17, 46018696.00),
('99911122222', '20240422', 'ORD000521', 'EXE000521', '000001', '1', 27, 19355155.00),
('99911122222', '20240419', 'ORD000522', 'EXE000522', '000002', '2', 65, 11753358.00),
('99911122222', '20240519', 'ORD000523', 'EXE000523', '000003', '1', 81, 27604993.00),
('99911122222', '20240308', 'ORD000524', 'EXE000524', '000004', '1', 48, 37813403.00),
('99911122222', '20240803', 'ORD000525', 'EXE000525', '000005', '2', 25, 39449278.00),
('99911122222', '20240706', 'ORD000526', 'EXE000526', '000006', '1', 46, 40999720.00),
('99911122222', '20240225', 'ORD000527', 'EXE000527', '000007', '1', 75, 6488030.00),
('99911122222', '20240501', 'ORD000528', 'EXE000528', '000008', '2', 33, 41066118.00),
('99911122222', '20240628', 'ORD000529', 'EXE000529', '000009', '1', 21, 2618406.00),
('99911122222', '20240524', 'ORD000530', 'EXE000530', '000010', '1', 46, 5993626.00),
('99911122222', '20240109', 'ORD000531', 'EXE000531', '000011', '1', 73, 16106290.00),
('99911122222', '20240123', 'ORD000532', 'EXE000532', '000012', '2', 55, 2082122.00),
('99911122222', '20240926', 'ORD000533', 'EXE000533', '000013', '2', 63, 4016941.00),
('99911122222', '20240805', 'ORD000534', 'EXE000534', '000014', '2', 10, 48320382.00),
('99911122222', '20240710', 'ORD000535', 'EXE000535', '000015', '2', 28, 33623305.00),
('99911122222', '20240911', 'ORD000536', 'EXE000536', '000016', '1', 53, 8061761.00),
('99911122222', '20241015', 'ORD000537', 'EXE000537', '000017', '1', 9, 30040451.00),
('99911122222', '20240401', 'ORD000538', 'EXE000538', '000018', '1', 31, 40445007.00),
('99911122222', '20241004', 'ORD000539', 'EXE000539', '000019', '2', 82, 17270696.00),
('99911122222', '20240616', 'ORD000540', 'EXE000540', '000020', '1', 67, 46372363.00),
('99911122222', '20240712', 'ORD000541', 'EXE000541', '000001', '1', 68, 33577709.00),
('99911122222', '20240921', 'ORD000542', 'EXE000542', '000002', '2', 77, 23792434.00),
('99911122222', '20241021', 'ORD000543', 'EXE000543', '000003', '2', 61, 2881556.00),
('99911122222', '20241002', 'ORD000544', 'EXE000544', '000004', '1', 71, 22356935.00),
('99911122222', '20240925', 'ORD000545', 'EXE000545', '000005', '2', 85, 12962216.00),
('99911122222', '20240916', 'ORD000546', 'EXE000546', '000006', '1', 21, 38724247.00),
('99911122222', '20240130', 'ORD000547', 'EXE000547', '000007', '2', 75, 36178191.00),
('99911122222', '20240813', 'ORD000548', 'EXE000548', '000008', '2', 94, 45286692.00),
('99911122222', '20240320', 'ORD000549', 'EXE000549', '000009', '2', 45, 37197876.00),
('99911122222', '20240620', 'ORD000550', 'EXE000550', '000010', '1', 4, 11470173.00),
('99911122222', '20240821', 'ORD000551', 'EXE000551', '000011', '1', 24, 10079281.00),
('99911122222', '20240502', 'ORD000552', 'EXE000552', '000012', '2', 29, 29171052.00),
('99911122222', '20240601', 'ORD000553', 'EXE000553', '000013', '2', 12, 15051711.00),
('99911122222', '20240404', 'ORD000554', 'EXE000554', '000014', '1', 49, 47126409.00),
('99911122222', '20240223', 'ORD000555', 'EXE000555', '000015', '1', 33, 41350144.00),
('99911122222', '20240731', 'ORD000556', 'EXE000556', '000016', '2', 56, 8906225.00),
('99911122222', '20240809', 'ORD000557', 'EXE000557', '000017', '2', 62, 42307827.00),
('99911122222', '20240928', 'ORD000558', 'EXE000558', '000018', '1', 21, 11328423.00),
('99911122222', '20240122', 'ORD000559', 'EXE000559', '000019', '1', 73, 9996603.00),
('99911122222', '20240130', 'ORD000560', 'EXE000560', '000020', '1', 7, 38260945.00),
('99911122222', '20240412', 'ORD000561', 'EXE000561', '000001', '1', 65, 17993369.00),
('99911122222', '20240411', 'ORD000562', 'EXE000562', '000002', '1', 35, 10255233.00),
('99911122222', '20240122', 'ORD000563', 'EXE000563', '000003', '2', 58, 8214609.00),
('99911122222', '20240713', 'ORD000564', 'EXE000564', '000004', '2', 73, 10116906.00),
('99911122222', '20240302', 'ORD000565', 'EXE000565', '000005', '1', 64, 26696588.00),
('99911122222', '20240816', 'ORD000566', 'EXE000566', '000006', '1', 58, 46450226.00),
('99911122222', '20240812', 'ORD000567', 'EXE000567', '000007', '2', 60, 22413379.00),
('99911122222', '20240307', 'ORD000568', 'EXE000568', '000008', '1', 22, 48662035.00),
('99911122222', '20240102', 'ORD000569', 'EXE000569', '000009', '2', 76, 408877.00),
('99911122222', '20240124', 'ORD000570', 'EXE000570', '000010', '1', 44, 28128622.00),
('99911122222', '20240924', 'ORD000571', 'EXE000571', '000011', '1', 51, 6352986.00),
('99911122222', '20240202', 'ORD000572', 'EXE000572', '000012', '2', 88, 8626099.00),
('99911122222', '20240603', 'ORD000573', 'EXE000573', '000013', '1', 26, 36856382.00),
('99911122222', '20240504', 'ORD000574', 'EXE000574', '000014', '1', 51, 1401789.00),
('99911122222', '20240707', 'ORD000575', 'EXE000575', '000015', '1', 27, 41827765.00),
('99911122222', '20240928', 'ORD000576', 'EXE000576', '000016', '2', 36, 2677150.00),
('99911122222', '20241012', 'ORD000577', 'EXE000577', '000017', '2', 16, 14523925.00),
('99911122222', '20240320', 'ORD000578', 'EXE000578', '000018', '2', 12, 5340954.00),
('99911122222', '20240219', 'ORD000579', 'EXE000579', '000019', '1', 49, 13665971.00),
('99911122222', '20240902', 'ORD000580', 'EXE000580', '000020', '1', 30, 4773691.00),
('99911122222', '20240224', 'ORD000581', 'EXE000581', '000001', '2', 62, 28112921.00),
('99911122222', '20240417', 'ORD000582', 'EXE000582', '000002', '1', 23, 48370396.00),
('99911122222', '20240112', 'ORD000583', 'EXE000583', '000003', '1', 30, 15640954.00),
('99911122222', '20240203', 'ORD000584', 'EXE000584', '000004', '2', 44, 25794670.00),
('99911122222', '20240507', 'ORD000585', 'EXE000585', '000005', '2', 88, 38769894.00),
('99911122222', '20240222', 'ORD000586', 'EXE000586', '000006', '2', 55, 14490127.00),
('99911122222', '20240323', 'ORD000587', 'EXE000587', '000007', '2', 83, 436326.00),
('99911122222', '20240205', 'ORD000588', 'EXE000588', '000008', '2', 55, 19157168.00),
('99911122222', '20240419', 'ORD000589', 'EXE000589', '000009', '2', 94, 626613.00),
('99911122222', '20240711', 'ORD000590', 'EXE000590', '000010', '1', 37, 49492132.00),
('99911122222', '20240524', 'ORD000591', 'EXE000591', '000011', '1', 73, 34233499.00),
('99911122222', '20240921', 'ORD000592', 'EXE000592', '000012', '2', 43, 26540963.00),
('99911122222', '20240313', 'ORD000593', 'EXE000593', '000013', '1', 67, 3299411.00),
('99911122222', '20240216', 'ORD000594', 'EXE000594', '000014', '1', 91, 7172090.00),
('99911122222', '20240919', 'ORD000595', 'EXE000595', '000015', '2', 47, 10286798.00),
('99911122222', '20240606', 'ORD000596', 'EXE000596', '000016', '1', 59, 37593951.00),
('99911122222', '20240831', 'ORD000597', 'EXE000597', '000017', '2', 43, 44379416.00),
('99911122222', '20240505', 'ORD000598', 'EXE000598', '000018', '2', 43, 25877098.00),
('99911122222', '20240907', 'ORD000599', 'EXE000599', '000019', '1', 5, 39653401.00),
('99911122222', '20240126', 'ORD000600', 'EXE000600', '000020', '1', 4, 45350228.00),
('99911122222', '20240406', 'ORD000601', 'EXE000601', '000001', '2', 69, 47209210.00),
('99911122222', '20240730', 'ORD000602', 'EXE000602', '000002', '1', 74, 12936488.00),
('99911122222', '20240222', 'ORD000603', 'EXE000603', '000003', '1', 18, 1876603.00),
('99911122222', '20240223', 'ORD000604', 'EXE000604', '000004', '2', 14, 11002123.00),
('99911122222', '20240723', 'ORD000605', 'EXE000605', '000005', '2', 73, 23294092.00),
('99911122222', '20240928', 'ORD000606', 'EXE000606', '000006', '1', 53, 45286617.00),
('99911122222', '20241009', 'ORD000607', 'EXE000607', '000007', '1', 21, 32630208.00),
('99911122222', '20240605', 'ORD000608', 'EXE000608', '000008', '2', 91, 21304516.00),
('99911122222', '20240427', 'ORD000609', 'EXE000609', '000009', '2', 28, 11551956.00),
('99911122222', '20240808', 'ORD000610', 'EXE000610', '000010', '1', 65, 9058486.00),
('99911122222', '20241004', 'ORD000611', 'EXE000611', '000011', '2', 89, 31280678.00),
('99911122222', '20241004', 'ORD000612', 'EXE000612', '000012', '2', 8, 46208379.00),
('99911122222', '20240424', 'ORD000613', 'EXE000613', '000013', '1', 80, 43102576.00),
('99911122222', '20240921', 'ORD000614', 'EXE000614', '000014', '2', 21, 23691953.00),
('99911122222', '20240521', 'ORD000615', 'EXE000615', '000015', '2', 17, 6777582.00),
('99911122222', '20240205', 'ORD000616', 'EXE000616', '000016', '2', 26, 2395795.00),
('99911122222', '20240626', 'ORD000617', 'EXE000617', '000017', '2', 48, 20210704.00),
('99911122222', '20240114', 'ORD000618', 'EXE000618', '000018', '1', 42, 39357174.00),
('99911122222', '20240614', 'ORD000619', 'EXE000619', '000019', '2', 62, 4951899.00),
('99911122222', '20240920', 'ORD000620', 'EXE000620', '000020', '2', 26, 22675934.00),
('99911122222', '20240831', 'ORD000621', 'EXE000621', '000001', '2', 46, 8582856.00),
('99911122222', '20240520', 'ORD000622', 'EXE000622', '000002', '2', 100, 38183302.00),
('99911122222', '20240806', 'ORD000623', 'EXE000623', '000003', '1', 50, 36959782.00),
('99911122222', '20240716', 'ORD000624', 'EXE000624', '000004', '2', 44, 5733034.00),
('99911122222', '20240711', 'ORD000625', 'EXE000625', '000005', '1', 48, 49911497.00),
('99911122222', '20240923', 'ORD000626', 'EXE000626', '000006', '1', 39, 16273954.00),
('99911122222', '20240703', 'ORD000627', 'EXE000627', '000007', '1', 4, 35855016.00),
('99911122222', '20240626', 'ORD000628', 'EXE000628', '000008', '1', 68, 36259188.00),
('99911122222', '20240309', 'ORD000629', 'EXE000629', '000009', '2', 45, 12678217.00),
('99911122222', '20240526', 'ORD000630', 'EXE000630', '000010', '2', 58, 42970057.00),
('99911122222', '20241012', 'ORD000631', 'EXE000631', '000011', '1', 62, 29564803.00),
('99911122222', '20240608', 'ORD000632', 'EXE000632', '000012', '1', 40, 34817005.00),
('99911122222', '20240811', 'ORD000633', 'EXE000633', '000013', '1', 39, 156035.00),
('99911122222', '20240225', 'ORD000634', 'EXE000634', '000014', '2', 37, 22251634.00),
('99911122222', '20240713', 'ORD000635', 'EXE000635', '000015', '1', 31, 2874986.00),
('99911122222', '20240104', 'ORD000636', 'EXE000636', '000016', '1', 67, 44041680.00),
('99911122222', '20240407', 'ORD000637', 'EXE000637', '000017', '1', 77, 37913545.00),
('99911122222', '20240608', 'ORD000638', 'EXE000638', '000018', '2', 22, 49495099.00),
('99911122222', '20240124', 'ORD000639', 'EXE000639', '000019', '1', 59, 40159664.00),
('99911122222', '20240624', 'ORD000640', 'EXE000640', '000020', '1', 71, 31726735.00),
('99911122222', '20240517', 'ORD000641', 'EXE000641', '000001', '2', 87, 6904013.00),
('99911122222', '20240628', 'ORD000642', 'EXE000642', '000002', '2', 43, 49820531.00),
('99911122222', '20240916', 'ORD000643', 'EXE000643', '000003', '1', 18, 14493685.00),
('99911122222', '20240606', 'ORD000644', 'EXE000644', '000004', '2', 17, 21351419.00),
('99911122222', '20240922', 'ORD000645', 'EXE000645', '000005', '1', 56, 9455713.00),
('99911122222', '20241021', 'ORD000646', 'EXE000646', '000006', '2', 37, 41963357.00),
('99911122222', '20240320', 'ORD000647', 'EXE000647', '000007', '2', 11, 47917639.00),
('99911122222', '20240904', 'ORD000648', 'EXE000648', '000008', '1', 98, 46317193.00),
('99911122222', '20240225', 'ORD000649', 'EXE000649', '000009', '1', 89, 40659695.00),
('99911122222', '20240518', 'ORD000650', 'EXE000650', '000010', '2', 1, 24421007.00),
('99911122222', '20240806', 'ORD000651', 'EXE000651', '000011', '1', 5, 32519719.00),
('99911122222', '20240318', 'ORD000652', 'EXE000652', '000012', '2', 85, 10751416.00),
('99911122222', '20240925', 'ORD000653', 'EXE000653', '000013', '2', 9, 9814997.00),
('99911122222', '20240623', 'ORD000654', 'EXE000654', '000014', '1', 91, 413024.00),
('99911122222', '20240901', 'ORD000655', 'EXE000655', '000015', '2', 19, 45614669.00),
('99911122222', '20240409', 'ORD000656', 'EXE000656', '000016', '1', 83, 33912800.00),
('99911122222', '20240515', 'ORD000657', 'EXE000657', '000017', '1', 17, 48969836.00),
('99911122222', '20240407', 'ORD000658', 'EXE000658', '000018', '1', 91, 49503890.00),
('99911122222', '20240403', 'ORD000659', 'EXE000659', '000019', '2', 41, 22331597.00),
('99911122222', '20241021', 'ORD000660', 'EXE000660', '000020', '1', 52, 16209508.00),
('99911122222', '20240925', 'ORD000661', 'EXE000661', '000001', '1', 92, 10510336.00),
('99911122222', '20240908', 'ORD000662', 'EXE000662', '000002', '1', 69, 49802338.00),
('99911122222', '20240817', 'ORD000663', 'EXE000663', '000003', '1', 77, 45440733.00),
('99911122222', '20240526', 'ORD000664', 'EXE000664', '000004', '2', 69, 19657810.00),
('99911122222', '20240222', 'ORD000665', 'EXE000665', '000005', '1', 11, 15753879.00),
('99911122222', '20241020', 'ORD000666', 'EXE000666', '000006', '2', 30, 43225969.00),
('99911122222', '20240609', 'ORD000667', 'EXE000667', '000007', '2', 92, 20267639.00),
('99911122222', '20240113', 'ORD000668', 'EXE000668', '000008', '2', 78, 21994673.00),
('99911122222', '20240312', 'ORD000669', 'EXE000669', '000009', '1', 14, 45815583.00),
('99911122222', '20240324', 'ORD000670', 'EXE000670', '000010', '1', 53, 46200166.00),
('99911122222', '20241026', 'ORD000671', 'EXE000671', '000011', '1', 99, 40234061.00),
('99911122222', '20240610', 'ORD000672', 'EXE000672', '000012', '1', 6, 509123.00),
('99911122222', '20240417', 'ORD000673', 'EXE000673', '000013', '2', 12, 16688798.00),
('99911122222', '20240720', 'ORD000674', 'EXE000674', '000014', '1', 87, 31647615.00),
('99911122222', '20240327', 'ORD000675', 'EXE000675', '000015', '1', 98, 24323069.00),
('99911122222', '20240925', 'ORD000676', 'EXE000676', '000016', '1', 8, 18549546.00),
('99911122222', '20240311', 'ORD000677', 'EXE000677', '000017', '1', 58, 735756.00),
('99911122222', '20240422', 'ORD000678', 'EXE000678', '000018', '1', 4, 352767.00),
('99911122222', '20240706', 'ORD000679', 'EXE000679', '000019', '1', 9, 13412893.00),
('99911122222', '20240608', 'ORD000680', 'EXE000680', '000020', '1', 88, 33253938.00),
('99911122222', '20240219', 'ORD000681', 'EXE000681', '000001', '1', 95, 43015974.00),
('99911122222', '20240612', 'ORD000682', 'EXE000682', '000002', '1', 41, 30325617.00),
('99911122222', '20240101', 'ORD000683', 'EXE000683', '000003', '2', 78, 24485014.00),
('99911122222', '20240315', 'ORD000684', 'EXE000684', '000004', '1', 23, 24183142.00),
('99911122222', '20241022', 'ORD000685', 'EXE000685', '000005', '1', 28, 25045385.00),
('99911122222', '20240820', 'ORD000686', 'EXE000686', '000006', '1', 96, 26031708.00),
('99911122222', '20240409', 'ORD000687', 'EXE000687', '000007', '1', 40, 45584497.00),
('99911122222', '20240201', 'ORD000688', 'EXE000688', '000008', '2', 67, 37444785.00),
('99911122222', '20240519', 'ORD000689', 'EXE000689', '000009', '1', 52, 48979717.00),
('99911122222', '20240604', 'ORD000690', 'EXE000690', '000010', '1', 7, 13643672.00),
('99911122222', '20240311', 'ORD000691', 'EXE000691', '000011', '1', 26, 43613223.00),
('99911122222', '20240115', 'ORD000692', 'EXE000692', '000012', '2', 78, 39124370.00),
('99911122222', '20240509', 'ORD000693', 'EXE000693', '000013', '1', 43, 7002552.00),
('99911122222', '20240905', 'ORD000694', 'EXE000694', '000014', '2', 19, 26397767.00),
('99911122222', '20240728', 'ORD000695', 'EXE000695', '000015', '1', 64, 34582734.00),
('99911122222', '20240621', 'ORD000696', 'EXE000696', '000016', '2', 22, 47757358.00),
('99911122222', '20240723', 'ORD000697', 'EXE000697', '000017', '1', 12, 42061475.00),
('99911122222', '20240805', 'ORD000698', 'EXE000698', '000018', '2', 41, 41432920.00),
('99911122222', '20240105', 'ORD000699', 'EXE000699', '000019', '1', 85, 26939260.00),
('99911122222', '20240815', 'ORD000700', 'EXE000700', '000020', '2', 46, 39361490.00),
('99911122222', '20240103', 'ORD000701', 'EXE000701', '000001', '1', 54, 4402828.00),
('99911122222', '20240501', 'ORD000702', 'EXE000702', '000002', '2', 21, 16440777.00),
('99911122222', '20240927', 'ORD000703', 'EXE000703', '000003', '2', 82, 12668208.00),
('99911122222', '20240604', 'ORD000704', 'EXE000704', '000004', '1', 77, 29100742.00),
('99911122222', '20240821', 'ORD000705', 'EXE000705', '000005', '1', 28, 3125779.00),
('99911122222', '20240319', 'ORD000706', 'EXE000706', '000006', '1', 19, 7414689.00),
('99911122222', '20240715', 'ORD000707', 'EXE000707', '000007', '1', 73, 10975128.00),
('99911122222', '20241018', 'ORD000708', 'EXE000708', '000008', '1', 6, 16386771.00),
('99911122222', '20240714', 'ORD000709', 'EXE000709', '000009', '1', 32, 12607609.00),
('99911122222', '20240212', 'ORD000710', 'EXE000710', '000010', '2', 32, 40365488.00),
('99911122222', '20240528', 'ORD000711', 'EXE000711', '000011', '2', 10, 19840738.00),
('99911122222', '20240214', 'ORD000712', 'EXE000712', '000012', '2', 75, 30061855.00),
('99911122222', '20240910', 'ORD000713', 'EXE000713', '000013', '1', 9, 33607160.00),
('99911122222', '20240625', 'ORD000714', 'EXE000714', '000014', '2', 32, 20367226.00),
('99911122222', '20240515', 'ORD000715', 'EXE000715', '000015', '1', 38, 24717954.00),
('99911122222', '20240219', 'ORD000716', 'EXE000716', '000016', '2', 49, 18927464.00),
('99911122222', '20240914', 'ORD000717', 'EXE000717', '000017', '1', 70, 22605998.00),
('99911122222', '20240627', 'ORD000718', 'EXE000718', '000018', '1', 49, 46783192.00),
('99911122222', '20240409', 'ORD000719', 'EXE000719', '000019', '1', 17, 19559253.00),
('99911122222', '20241004', 'ORD000720', 'EXE000720', '000020', '1', 78, 39609576.00),
('99911122222', '20240817', 'ORD000721', 'EXE000721', '000001', '2', 28, 10115973.00),
('99911122222', '20240805', 'ORD000722', 'EXE000722', '000002', '1', 31, 44029718.00),
('99911122222', '20240222', 'ORD000723', 'EXE000723', '000003', '2', 5, 5740143.00),
('99911122222', '20240702', 'ORD000724', 'EXE000724', '000004', '2', 20, 7864387.00),
('99911122222', '20240730', 'ORD000725', 'EXE000725', '000005', '1', 82, 15179284.00),
('99911122222', '20240715', 'ORD000726', 'EXE000726', '000006', '2', 72, 9129620.00),
('99911122222', '20240525', 'ORD000727', 'EXE000727', '000007', '2', 55, 6980731.00),
('99911122222', '20240622', 'ORD000728', 'EXE000728', '000008', '2', 91, 9369443.00),
('99911122222', '20240129', 'ORD000729', 'EXE000729', '000009', '2', 87, 48997961.00),
('99911122222', '20240207', 'ORD000730', 'EXE000730', '000010', '1', 94, 12475031.00),
('99911122222', '20240926', 'ORD000731', 'EXE000731', '000011', '1', 4, 14482192.00),
('99911122222', '20240710', 'ORD000732', 'EXE000732', '000012', '2', 19, 28107520.00),
('99911122222', '20240324', 'ORD000733', 'EXE000733', '000013', '1', 7, 22667688.00),
('99911122222', '20240617', 'ORD000734', 'EXE000734', '000014', '2', 22, 16146933.00),
('99911122222', '20240624', 'ORD000735', 'EXE000735', '000015', '1', 29, 29443613.00),
('99911122222', '20240308', 'ORD000736', 'EXE000736', '000016', '1', 96, 20887438.00),
('99911122222', '20240818', 'ORD000737', 'EXE000737', '000017', '2', 39, 24588973.00),
('99911122222', '20240117', 'ORD000738', 'EXE000738', '000018', '1', 36, 21145209.00),
('99911122222', '20240911', 'ORD000739', 'EXE000739', '000019', '2', 100, 30927427.00),
('99911122222', '20240701', 'ORD000740', 'EXE000740', '000020', '1', 80, 26775279.00),
('99911122222', '20241026', 'ORD000741', 'EXE000741', '000001', '1', 80, 42516366.00),
('99911122222', '20240622', 'ORD000742', 'EXE000742', '000002', '2', 94, 9472114.00),
('99911122222', '20240627', 'ORD000743', 'EXE000743', '000003', '1', 36, 4446096.00),
('99911122222', '20240604', 'ORD000744', 'EXE000744', '000004', '2', 51, 40118721.00),
('99911122222', '20241021', 'ORD000745', 'EXE000745', '000005', '1', 70, 36411637.00),
('99911122222', '20240225', 'ORD000746', 'EXE000746', '000006', '2', 9, 17578230.00),
('99911122222', '20240508', 'ORD000747', 'EXE000747', '000007', '1', 31, 12289470.00),
('99911122222', '20240201', 'ORD000748', 'EXE000748', '000008', '1', 37, 39863513.00),
('99911122222', '20240802', 'ORD000749', 'EXE000749', '000009', '2', 67, 28243835.00),
('99911122222', '20240113', 'ORD000750', 'EXE000750', '000010', '2', 96, 40773219.00),
('99911122222', '20241010', 'ORD000751', 'EXE000751', '000011', '1', 62, 40221995.00),
('99911122222', '20240515', 'ORD000752', 'EXE000752', '000012', '1', 34, 18816590.00),
('99911122222', '20240208', 'ORD000753', 'EXE000753', '000013', '2', 36, 25745351.00),
('99911122222', '20240417', 'ORD000754', 'EXE000754', '000014', '1', 67, 46094622.00),
('99911122222', '20240603', 'ORD000755', 'EXE000755', '000015', '1', 8, 3047546.00),
('99911122222', '20240527', 'ORD000756', 'EXE000756', '000016', '2', 35, 38476502.00),
('99911122222', '20240822', 'ORD000757', 'EXE000757', '000017', '1', 46, 40307103.00),
('99911122222', '20240126', 'ORD000758', 'EXE000758', '000018', '1', 74, 34267817.00),
('99911122222', '20241022', 'ORD000759', 'EXE000759', '000019', '2', 86, 24107916.00),
('99911122222', '20240322', 'ORD000760', 'EXE000760', '000020', '1', 10, 6284811.00),
('99911122222', '20240114', 'ORD000761', 'EXE000761', '000001', '2', 20, 24022037.00),
('99911122222', '20240730', 'ORD000762', 'EXE000762', '000002', '1', 55, 36821737.00),
('99911122222', '20240516', 'ORD000763', 'EXE000763', '000003', '1', 35, 4378283.00),
('99911122222', '20240317', 'ORD000764', 'EXE000764', '000004', '1', 74, 6206705.00),
('99911122222', '20240725', 'ORD000765', 'EXE000765', '000005', '2', 43, 37649197.00),
('99911122222', '20240516', 'ORD000766', 'EXE000766', '000006', '2', 83, 33720054.00),
('99911122222', '20240714', 'ORD000767', 'EXE000767', '000007', '2', 39, 23623260.00),
('99911122222', '20240512', 'ORD000768', 'EXE000768', '000008', '1', 24, 34660752.00),
('99911122222', '20240706', 'ORD000769', 'EXE000769', '000009', '1', 78, 44584941.00),
('99911122222', '20240905', 'ORD000770', 'EXE000770', '000010', '1', 30, 24646141.00),
('99911122222', '20240117', 'ORD000771', 'EXE000771', '000011', '2', 82, 12514301.00),
('99911122222', '20240723', 'ORD000772', 'EXE000772', '000012', '2', 10, 36042899.00),
('99911122222', '20240716', 'ORD000773', 'EXE000773', '000013', '2', 22, 45021702.00),
('99911122222', '20240708', 'ORD000774', 'EXE000774', '000014', '2', 4, 26517337.00),
('99911122222', '20240407', 'ORD000775', 'EXE000775', '000015', '2', 75, 1401537.00),
('99911122222', '20240409', 'ORD000776', 'EXE000776', '000016', '1', 98, 38102684.00),
('99911122222', '20241009', 'ORD000777', 'EXE000777', '000017', '2', 69, 46791657.00),
('99911122222', '20240412', 'ORD000778', 'EXE000778', '000018', '1', 46, 2100211.00),
('99911122222', '20240101', 'ORD000779', 'EXE000779', '000019', '2', 8, 6861203.00),
('99911122222', '20240823', 'ORD000780', 'EXE000780', '000020', '2', 95, 47489304.00),
('99911122222', '20240607', 'ORD000781', 'EXE000781', '000001', '2', 84, 48710892.00),
('99911122222', '20240418', 'ORD000782', 'EXE000782', '000002', '1', 43, 8081550.00),
('99911122222', '20240914', 'ORD000783', 'EXE000783', '000003', '2', 59, 19162386.00),
('99911122222', '20240105', 'ORD000784', 'EXE000784', '000004', '2', 45, 7502004.00),
('99911122222', '20240519', 'ORD000785', 'EXE000785', '000005', '2', 97, 23091019.00),
('99911122222', '20240824', 'ORD000786', 'EXE000786', '000006', '2', 78, 3614406.00),
('99911122222', '20240517', 'ORD000787', 'EXE000787', '000007', '2', 41, 39889156.00),
('99911122222', '20240406', 'ORD000788', 'EXE000788', '000008', '2', 69, 43044967.00),
('99911122222', '20240601', 'ORD000789', 'EXE000789', '000009', '2', 2, 20589081.00),
('99911122222', '20240411', 'ORD000790', 'EXE000790', '000010', '2', 53, 41844771.00),
('99911122222', '20241014', 'ORD000791', 'EXE000791', '000011', '1', 22, 30043634.00),
('99911122222', '20240727', 'ORD000792', 'EXE000792', '000012', '2', 96, 337215.00),
('99911122222', '20240403', 'ORD000793', 'EXE000793', '000013', '1', 51, 38538239.00),
('99911122222', '20240622', 'ORD000794', 'EXE000794', '000014', '2', 79, 25420278.00),
('99911122222', '20240307', 'ORD000795', 'EXE000795', '000015', '1', 93, 23919333.00),
('99911122222', '20241011', 'ORD000796', 'EXE000796', '000016', '1', 79, 48001282.00),
('99911122222', '20240221', 'ORD000797', 'EXE000797', '000017', '2', 7, 41093890.00),
('99911122222', '20240807', 'ORD000798', 'EXE000798', '000018', '1', 79, 36561126.00),
('99911122222', '20240928', 'ORD000799', 'EXE000799', '000019', '2', 48, 35587368.00),
('99911122222', '20240919', 'ORD000800', 'EXE000800', '000020', '1', 50, 49202222.00),
('99911122222', '20240625', 'ORD000801', 'EXE000801', '000001', '1', 58, 49446572.00),
('99911122222', '20240403', 'ORD000802', 'EXE000802', '000002', '2', 15, 17306883.00),
('99911122222', '20240425', 'ORD000803', 'EXE000803', '000003', '1', 27, 42877100.00),
('99911122222', '20240517', 'ORD000804', 'EXE000804', '000004', '2', 70, 47644886.00),
('99911122222', '20240621', 'ORD000805', 'EXE000805', '000005', '2', 39, 11620766.00),
('99911122222', '20240322', 'ORD000806', 'EXE000806', '000006', '1', 6, 20801665.00),
('99911122222', '20240331', 'ORD000807', 'EXE000807', '000007', '1', 98, 42980913.00),
('99911122222', '20240104', 'ORD000808', 'EXE000808', '000008', '1', 79, 29651577.00),
('99911122222', '20240528', 'ORD000809', 'EXE000809', '000009', '2', 96, 27106079.00),
('99911122222', '20240922', 'ORD000810', 'EXE000810', '000010', '1', 55, 10978224.00),
('99911122222', '20241017', 'ORD000811', 'EXE000811', '000011', '2', 61, 33580452.00),
('99911122222', '20240417', 'ORD000812', 'EXE000812', '000012', '2', 63, 21338585.00),
('99911122222', '20240814', 'ORD000813', 'EXE000813', '000013', '1', 70, 33539716.00),
('99911122222', '20240127', 'ORD000814', 'EXE000814', '000014', '1', 42, 39362938.00),
('99911122222', '20240925', 'ORD000815', 'EXE000815', '000015', '2', 82, 28297674.00),
('99911122222', '20240925', 'ORD000816', 'EXE000816', '000016', '1', 25, 43352165.00),
('99911122222', '20240706', 'ORD000817', 'EXE000817', '000017', '2', 67, 23165356.00),
('99911122222', '20240320', 'ORD000818', 'EXE000818', '000018', '2', 84, 45125228.00),
('99911122222', '20240105', 'ORD000819', 'EXE000819', '000019', '1', 91, 33836233.00),
('99911122222', '20240109', 'ORD000820', 'EXE000820', '000020', '2', 27, 14687241.00),
('99911122222', '20240217', 'ORD000821', 'EXE000821', '000001', '1', 95, 31244481.00),
('99911122222', '20240720', 'ORD000822', 'EXE000822', '000002', '2', 91, 28585829.00),
('99911122222', '20240908', 'ORD000823', 'EXE000823', '000003', '1', 10, 19652630.00),
('99911122222', '20240324', 'ORD000824', 'EXE000824', '000004', '2', 24, 3557989.00),
('99911122222', '20240101', 'ORD000825', 'EXE000825', '000005', '2', 11, 31460184.00),
('99911122222', '20240602', 'ORD000826', 'EXE000826', '000006', '2', 24, 33453280.00),
('99911122222', '20240415', 'ORD000827', 'EXE000827', '000007', '2', 17, 12973218.00),
('99911122222', '20240802', 'ORD000828', 'EXE000828', '000008', '1', 59, 23261982.00),
('99911122222', '20241022', 'ORD000829', 'EXE000829', '000009', '2', 68, 24992580.00),
('99911122222', '20240412', 'ORD000830', 'EXE000830', '000010', '2', 95, 37832067.00),
('99911122222', '20240417', 'ORD000831', 'EXE000831', '000011', '1', 47, 33597233.00),
('99911122222', '20240829', 'ORD000832', 'EXE000832', '000012', '1', 37, 17657144.00),
('99911122222', '20240221', 'ORD000833', 'EXE000833', '000013', '1', 16, 28694562.00),
('99911122222', '20240106', 'ORD000834', 'EXE000834', '000014', '2', 36, 43009810.00),
('99911122222', '20240825', 'ORD000835', 'EXE000835', '000015', '2', 93, 11163965.00),
('99911122222', '20240610', 'ORD000836', 'EXE000836', '000016', '2', 53, 30973064.00),
('99911122222', '20240418', 'ORD000837', 'EXE000837', '000017', '2', 80, 16552384.00),
('99911122222', '20240827', 'ORD000838', 'EXE000838', '000018', '1', 15, 3134891.00),
('99911122222', '20240314', 'ORD000839', 'EXE000839', '000019', '2', 29, 15016668.00),
('99911122222', '20240914', 'ORD000840', 'EXE000840', '000020', '1', 80, 35642244.00),
('99911122222', '20240507', 'ORD000841', 'EXE000841', '000001', '1', 10, 13254141.00),
('99911122222', '20240531', 'ORD000842', 'EXE000842', '000002', '2', 5, 28092333.00),
('99911122222', '20240716', 'ORD000843', 'EXE000843', '000003', '2', 99, 19705426.00),
('99911122222', '20240826', 'ORD000844', 'EXE000844', '000004', '2', 72, 38977370.00),
('99911122222', '20241013', 'ORD000845', 'EXE000845', '000005', '2', 8, 32959609.00),
('99911122222', '20240922', 'ORD000846', 'EXE000846', '000006', '1', 31, 20543599.00),
('99911122222', '20240719', 'ORD000847', 'EXE000847', '000007', '2', 8, 27461097.00),
('99911122222', '20240927', 'ORD000848', 'EXE000848', '000008', '1', 76, 651708.00),
('99911122222', '20240808', 'ORD000849', 'EXE000849', '000009', '1', 53, 14002218.00),
('99911122222', '20240103', 'ORD000850', 'EXE000850', '000010', '1', 47, 44582580.00),
('99911122222', '20240516', 'ORD000851', 'EXE000851', '000011', '2', 32, 35194397.00),
('99911122222', '20240117', 'ORD000852', 'EXE000852', '000012', '2', 15, 27011116.00),
('99911122222', '20240221', 'ORD000853', 'EXE000853', '000013', '2', 74, 28043239.00),
('99911122222', '20240415', 'ORD000854', 'EXE000854', '000014', '1', 45, 18396406.00),
('99911122222', '20240531', 'ORD000855', 'EXE000855', '000015', '2', 85, 5538456.00),
('99911122222', '20240920', 'ORD000856', 'EXE000856', '000016', '2', 41, 1509268.00),
('99911122222', '20240323', 'ORD000857', 'EXE000857', '000017', '1', 55, 45865430.00),
('99911122222', '20240120', 'ORD000858', 'EXE000858', '000018', '1', 83, 30156496.00),
('99911122222', '20240224', 'ORD000859', 'EXE000859', '000019', '2', 49, 41756950.00),
('99911122222', '20240202', 'ORD000860', 'EXE000860', '000020', '2', 53, 48538127.00),
('99911122222', '20240301', 'ORD000861', 'EXE000861', '000001', '2', 72, 7609995.00),
('99911122222', '20240819', 'ORD000862', 'EXE000862', '000002', '1', 81, 46729495.00),
('99911122222', '20240321', 'ORD000863', 'EXE000863', '000003', '1', 22, 7354033.00),
('99911122222', '20240419', 'ORD000864', 'EXE000864', '000004', '1', 78, 17902854.00),
('99911122222', '20241025', 'ORD000865', 'EXE000865', '000005', '2', 50, 46672946.00),
('99911122222', '20240314', 'ORD000866', 'EXE000866', '000006', '1', 71, 5306042.00),
('99911122222', '20240330', 'ORD000867', 'EXE000867', '000007', '2', 68, 23535325.00),
('99911122222', '20240322', 'ORD000868', 'EXE000868', '000008', '2', 15, 46739648.00),
('99911122222', '20240122', 'ORD000869', 'EXE000869', '000009', '2', 60, 49250307.00),
('99911122222', '20240616', 'ORD000870', 'EXE000870', '000010', '1', 51, 12328533.00),
('99911122222', '20240202', 'ORD000871', 'EXE000871', '000011', '2', 51, 8974645.00),
('99911122222', '20240507', 'ORD000872', 'EXE000872', '000012', '2', 40, 38946129.00),
('99911122222', '20240523', 'ORD000873', 'EXE000873', '000013', '1', 8, 757376.00),
('99911122222', '20240610', 'ORD000874', 'EXE000874', '000014', '2', 77, 31124293.00),
('99911122222', '20240303', 'ORD000875', 'EXE000875', '000015', '2', 84, 39836688.00),
('99911122222', '20240625', 'ORD000876', 'EXE000876', '000016', '2', 16, 24237160.00),
('99911122222', '20240920', 'ORD000877', 'EXE000877', '000017', '2', 100, 5683196.00),
('99911122222', '20240916', 'ORD000878', 'EXE000878', '000018', '2', 36, 673012.00),
('99911122222', '20240220', 'ORD000879', 'EXE000879', '000019', '2', 39, 23471083.00),
('99911122222', '20240510', 'ORD000880', 'EXE000880', '000020', '2', 80, 4635522.00),
('99911122222', '20240716', 'ORD000881', 'EXE000881', '000001', '1', 88, 24310645.00),
('99911122222', '20240401', 'ORD000882', 'EXE000882', '000002', '2', 74, 3859752.00),
('99911122222', '20240519', 'ORD000883', 'EXE000883', '000003', '1', 88, 36834694.00),
('99911122222', '20240404', 'ORD000884', 'EXE000884', '000004', '1', 87, 39013962.00),
('99911122222', '20240616', 'ORD000885', 'EXE000885', '000005', '2', 1, 30986997.00),
('99911122222', '20240703', 'ORD000886', 'EXE000886', '000006', '2', 37, 42979159.00),
('99911122222', '20240103', 'ORD000887', 'EXE000887', '000007', '2', 25, 5052046.00),
('99911122222', '20240609', 'ORD000888', 'EXE000888', '000008', '2', 23, 23120402.00),
('99911122222', '20241007', 'ORD000889', 'EXE000889', '000009', '2', 76, 44328823.00),
('99911122222', '20240526', 'ORD000890', 'EXE000890', '000010', '1', 13, 43719372.00),
('99911122222', '20240304', 'ORD000891', 'EXE000891', '000011', '1', 79, 7978744.00),
('99911122222', '20240305', 'ORD000892', 'EXE000892', '000012', '2', 28, 11113488.00),
('99911122222', '20240103', 'ORD000893', 'EXE000893', '000013', '2', 59, 14695869.00),
('99911122222', '20241007', 'ORD000894', 'EXE000894', '000014', '2', 49, 29661014.00),
('99911122222', '20240423', 'ORD000895', 'EXE000895', '000015', '2', 25, 42140410.00),
('99911122222', '20240409', 'ORD000896', 'EXE000896', '000016', '2', 90, 39204680.00),
('99911122222', '20240916', 'ORD000897', 'EXE000897', '000017', '2', 6, 37889308.00),
('99911122222', '20240330', 'ORD000898', 'EXE000898', '000018', '1', 10, 49636856.00),
('99911122222', '20240221', 'ORD000899', 'EXE000899', '000019', '1', 11, 38274836.00),
('99911122222', '20240516', 'ORD000900', 'EXE000900', '000020', '2', 100, 28507844.00),
('99911122222', '20240517', 'ORD000901', 'EXE000901', '000001', '2', 6, 27889514.00),
('99911122222', '20240624', 'ORD000902', 'EXE000902', '000002', '1', 58, 33500966.00),
('99911122222', '20240506', 'ORD000903', 'EXE000903', '000003', '1', 50, 20814287.00),
('99911122222', '20240327', 'ORD000904', 'EXE000904', '000004', '2', 69, 22169968.00),
('99911122222', '20240724', 'ORD000905', 'EXE000905', '000005', '1', 53, 24552571.00),
('99911122222', '20241014', 'ORD000906', 'EXE000906', '000006', '2', 7, 20492144.00),
('99911122222', '20240608', 'ORD000907', 'EXE000907', '000007', '2', 57, 45660923.00),
('99911122222', '20240618', 'ORD000908', 'EXE000908', '000008', '2', 92, 38700301.00),
('99911122222', '20240913', 'ORD000909', 'EXE000909', '000009', '1', 74, 11025783.00),
('99911122222', '20240910', 'ORD000910', 'EXE000910', '000010', '2', 97, 27577880.00),
('99911122222', '20240131', 'ORD000911', 'EXE000911', '000011', '2', 85, 13077276.00),
('99911122222', '20240520', 'ORD000912', 'EXE000912', '000012', '1', 67, 35562026.00),
('99911122222', '20241001', 'ORD000913', 'EXE000913', '000013', '1', 96, 12888918.00),
('99911122222', '20240202', 'ORD000914', 'EXE000914', '000014', '1', 71, 30275454.00),
('99911122222', '20240811', 'ORD000915', 'EXE000915', '000015', '2', 22, 1733905.00),
('99911122222', '20240705', 'ORD000916', 'EXE000916', '000016', '2', 34, 33737106.00),
('99911122222', '20240222', 'ORD000917', 'EXE000917', '000017', '1', 9, 19570596.00),
('99911122222', '20240330', 'ORD000918', 'EXE000918', '000018', '2', 15, 10456570.00),
('99911122222', '20240519', 'ORD000919', 'EXE000919', '000019', '2', 74, 49635809.00),
('99911122222', '20240703', 'ORD000920', 'EXE000920', '000020', '1', 85, 8544109.00),
('99911122222', '20240729', 'ORD000921', 'EXE000921', '000001', '2', 67, 30515196.00),
('99911122222', '20240717', 'ORD000922', 'EXE000922', '000002', '2', 19, 48997725.00),
('99911122222', '20240611', 'ORD000923', 'EXE000923', '000003', '2', 73, 41988806.00),
('99911122222', '20240625', 'ORD000924', 'EXE000924', '000004', '2', 55, 49769381.00),
('99911122222', '20240827', 'ORD000925', 'EXE000925', '000005', '2', 82, 754055.00),
('99911122222', '20240624', 'ORD000926', 'EXE000926', '000006', '2', 44, 7872823.00),
('99911122222', '20240220', 'ORD000927', 'EXE000927', '000007', '2', 40, 45373880.00),
('99911122222', '20240304', 'ORD000928', 'EXE000928', '000008', '2', 74, 17615558.00),
('99911122222', '20240702', 'ORD000929', 'EXE000929', '000009', '2', 67, 12897441.00),
('99911122222', '20240601', 'ORD000930', 'EXE000930', '000010', '2', 89, 25837369.00);

-- 5. 리밸런싱마스터 (15개)
INSERT INTO rebalancing_master (rebalancing_strategy_code, rebalancing_name, rebalancing_description, risk_level, investment_style, keyword1, keyword2, keyword3) VALUES
('CONSERVATIVE_01', '안정형 포트폴리오', '안전자산 중심의 보수적 투자 전략', '저위험', '지수추종', '안정성', '보수적', '저위험'),
('BALANCED_01', '균형형 포트폴리오', '주식과 채권의 균형잡힌 분산투자', '중위험', '지수추종', '균형', '분산투자', '중위험'),
('GROWTH_01', '성장형 포트폴리오', '성장주 중심의 적극적 투자 전략', '고위험', '성장투자', '성장성', '적극적', '고수익'),
('DIVIDEND_01', '배당형 포트폴리오', '배당수익을 중시하는 안정적 수익 추구', '저위험', '배당투자', '배당', '수익', '안정적'),
('TECH_01', 'IT기술주 포트폴리오', 'IT 기술주에 집중 투자하는 전략', '고위험', '테마/모멘텀', '기술주', 'IT', '혁신'),
('GLOBAL_01', '글로벌 포트폴리오', '해외 주식 분산투자를 통한 글로벌 전략', '중위험', '지수추종', '글로벌', '해외투자', '분산'),
('ESG_01', 'ESG 포트폴리오', '지속가능경영 기업 중심 투자', '중위험', '가치투자', '지속가능', '친환경', 'ESG'),
('SMALL_CAP_01', '중소형주 포트폴리오', '중소형 성장주 중심 투자 전략', '고위험', '성장투자', '중소형주', '성장', '고성장'),
('VALUE_01', '가치투자 포트폴리오', '저평가된 우량주 중심 투자', '중위험', '가치투자', '가치투자', '저평가', '우량주'),
('SECTOR_01', '섹터별 포트폴리오', '업종별 분산투자 전략', '중위험', '테마/모멘텀', '섹터', '업종분산', '다양화'),
('MOMENTUM_01', '모멘텀 포트폴리오', '상승 추세 종목 중심 투자', '초고위험', '테마/모멘텀', '모멘텀', '추세', '상승세'),
('DEFENSIVE_01', '방어형 포트폴리오', '경기방어주 중심의 안정적 투자', '초저위험', '배당투자', '방어', '경기방어주', '안정'),
('INCOME_01', '수익형 포트폴리오', '정기적 수익창출을 목적으로 하는 전략', '저위험', '배당투자', '수익창출', '정기수익', '안정수익'),
('EMERGING_01', '이머징 포트폴리오', '신흥시장 투자를 통한 고성장 추구', '초고위험', '성장투자', '신흥시장', '고성장', '이머징'),
('HYBRID_01', '하이브리드 포트폴리오', '여러 전략을 혼합한 복합 투자 전략', '중위험', '퀀트/시스템트레이딩', '복합전략', '하이브리드', '다전략');

-- 6. 리밸런싱분석 (15개)
INSERT INTO rebalancing_analysis (rebalancing_strategy_code, expected_return, volatility, max_drawdown, investor_preference) VALUES
('CONSERVATIVE_01', 4.25, 20.68, 18.8, 2),
('BALANCED_01', 3.6, 22.7, 33.25, 4),
('GROWTH_01', 6.65, 15.81, 20.09, 5),
('DIVIDEND_01', 5.21, 21.53, 22.85, 4),
('TECH_01', 13.35, 16.88, 23.69, 4),
('GLOBAL_01', 11.09, 13.51, 28.39, 1),
('ESG_01', 12.58, 18.9, 22.0, 2),
('SMALL_CAP_01', 3.69, 8.66, 16.76, 1),
('VALUE_01', 9.65, 8.97, 4.7, 4),
('SECTOR_01', 4.71, 5.6, 27.3, 1),
('MOMENTUM_01', 15.47, 22.49, 25.2, 2),
('DEFENSIVE_01', 8.18, 15.69, 4.13, 2),
('INCOME_01', 12.03, 15.96, 34.42, 4),
('EMERGING_01', 5.66, 21.59, 19.37, 2),
('HYBRID_01', 14.17, 14.65, 14.3, 1);

-- 7. 고객전략 (1개)
INSERT INTO customer_strategy (account_number, rebalancing_strategy_code, rebalancing_cycle, allowed_deviation, rebalancing_yn) VALUES
('99911122222', 'BALANCED_01', 30, 5.00, 'Y');

-- ========================================
-- 4단계: 외래키 제약조건 추가
-- ========================================

-- 고객예수금 → 고객잔고 연결
ALTER TABLE customer_deposit
ADD CONSTRAINT IF NOT EXISTS fk_customer_deposit_account
FOREIGN KEY (account_number) REFERENCES customer_balance(account_number)
ON DELETE CASCADE ON UPDATE CASCADE;

-- ========================================
-- 5단계: 완료 확인
-- ========================================

-- 7개 테이블 데이터 건수 확인
SELECT 'stock_current_price' as table_name, COUNT(*) as row_count FROM stock_current_price
UNION ALL
SELECT 'customer_balance' as table_name, COUNT(*) as row_count FROM customer_balance
UNION ALL
SELECT 'customer_deposit' as table_name, COUNT(*) as row_count FROM customer_deposit
UNION ALL
SELECT 'trading_history' as table_name, COUNT(*) as row_count FROM trading_history
UNION ALL
SELECT 'rebalancing_master' as table_name, COUNT(*) as row_count FROM rebalancing_master
UNION ALL
SELECT 'rebalancing_analysis' as table_name, COUNT(*) as row_count FROM rebalancing_analysis
UNION ALL
SELECT 'customer_strategy' as table_name, COUNT(*) as row_count FROM customer_strategy;

-- 고객 종합 정보 확인
SELECT 
    cd.account_number,
    cd.deposit_amount,
    cd.available_amount,
    cd.frozen_amount,
    COUNT(cb.stock_code) as stock_count,
    SUM(cb.purchase_amount) as total_purchase
FROM customer_deposit cd
LEFT JOIN customer_balance cb ON cd.account_number = cb.account_number
WHERE cd.account_number = '99911122222'
GROUP BY cd.account_number, cd.deposit_amount, cd.available_amount, cd.frozen_amount;

-- 테이블 구조 확인
DESCRIBE customer_deposit;

-- 완료 메시지
SELECT '🎉 7개 테이블 포함 완전한 포트폴리오 관리 시스템이 구축되었습니다!' as result;

