-- 원본 완전한 데이터베이스 정리 및 새 데이터 입력 스크립트 (예수금 제외)
-- 생성일시: 2025-09-10 16:26:42

USE kpsdb;

-- ========================================
-- 1단계: 기존 데이터 완전 삭제 및 스키마 복원
-- ========================================

-- 외래키 제약조건 임시 해제
SET FOREIGN_KEY_CHECKS = 0;

-- 기존 데이터 모두 삭제
DELETE FROM rebalancing_analysis;
DELETE FROM customer_strategy; 
DELETE FROM customer_balance;
DELETE FROM trading_history;
DELETE FROM rebalancing_master;
DELETE FROM stock_current_price;

-- 외래키 제약조건 복원
SET FOREIGN_KEY_CHECKS = 1;

-- 예수금 컬럼이 있다면 제거 (없다면 무시됨)
ALTER TABLE customer_balance DROP COLUMN IF EXISTS deposit_amount;

-- ========================================
-- 2단계: 새 데이터 입력 (원본 스키마)
-- ========================================

-- 1. 종목현재가 (2,500개 - 순차적 중복 없음 보장)
INSERT INTO stock_current_price (stock_code, current_price) VALUES
('000001', 889786),
('000002', 197874),
('000003', 162639),
('000004', 367792),
('000005', 31265),
('000006', 536941),
('000007', 296453),
('000008', 411600),
('000009', 793687),
('000010', 137482),
('000011', 451586),
('000012', 55732),
('000013', 792075),
('000014', 661840),
('000015', 719117),
('000016', 536153),
('000017', 738961),
('000018', 138529),
('000019', 93251),
('000020', 773783),
('000021', 731890),
('000022', 378319),
('000023', 105782),
('000024', 350382),
('000025', 450122),
('000026', 489714),
('000027', 871974),
('000028', 658035),
('000029', 10833),
('000030', 641484),
('000031', 151834),
('000032', 266383),
('000033', 319711),
('000034', 757861),
('000035', 850566),
('000036', 827343),
('000037', 134357),
('000038', 124633),
('000039', 858567),
('000040', 688464),
('000041', 889695),
('000042', 470148),
('000043', 122354),
('000044', 31589),
('000045', 360768),
('000046', 619512),
('000047', 49387),
('000048', 50213),
('000049', 414389),
('000050', 672141),
('000051', 152468),
('000052', 232486),
('000053', 667932),
('000054', 243379),
('000055', 257611),
('000056', 364129),
('000057', 689069),
('000058', 9318),
('000059', 202383),
('000060', 758526),
('000061', 529120),
('000062', 576702),
('000063', 859519),
('000064', 836235),
('000065', 235715),
('000066', 326938),
('000067', 785305),
('000068', 669726),
('000069', 603237),
('000070', 392881),
('000071', 456612),
('000072', 155891),
('000073', 337073),
('000074', 732740),
('000075', 837947),
('000076', 272173),
('000077', 405867),
('000078', 547651),
('000079', 523064),
('000080', 713851),
('000081', 464276),
('000082', 539526),
('000083', 570435),
('000084', 879727),
('000085', 437479),
('000086', 626033),
('000087', 690037),
('000088', 146165),
('000089', 843697),
('000090', 765670),
('000091', 111087),
('000092', 546986),
('000093', 535168),
('000094', 607002),
('000095', 506634),
('000096', 465839),
('000097', 306657),
('000098', 774216),
('000099', 875414),
('000100', 750277),
('000101', 829965),
('000102', 151422),
('000103', 362584),
('000104', 773209),
('000105', 681164),
('000106', 263910),
('000107', 894227),
('000108', 713748),
('000109', 155675),
('000110', 330273),
('000111', 251941),
('000112', 834679),
('000113', 789785),
('000114', 653209),
('000115', 242010),
('000116', 118505),
('000117', 228684),
('000118', 849126),
('000119', 735714),
('000120', 595500),
('000121', 23869),
('000122', 87165),
('000123', 720513),
('000124', 581422),
('000125', 709542),
('000126', 100532),
('000127', 297128),
('000128', 730810),
('000129', 392905),
('000130', 677258),
('000131', 343385),
('000132', 6754),
('000133', 432084),
('000134', 252879),
('000135', 895846),
('000136', 268885),
('000137', 588243),
('000138', 618563),
('000139', 426370),
('000140', 67875),
('000141', 778839),
('000142', 160988),
('000143', 32961),
('000144', 128000),
('000145', 206862),
('000146', 603635),
('000147', 342077),
('000148', 403067),
('000149', 612788),
('000150', 377640),
('000151', 578603),
('000152', 490962),
('000153', 691152),
('000154', 679010),
('000155', 519965),
('000156', 835297),
('000157', 427367),
('000158', 352725),
('000159', 352464),
('000160', 612304),
('000161', 800036),
('000162', 420437),
('000163', 170949),
('000164', 826148),
('000165', 551493),
('000166', 678206),
('000167', 271900),
('000168', 856117),
('000169', 467396),
('000170', 256713),
('000171', 393173),
('000172', 838694),
('000173', 470867),
('000174', 791831),
('000175', 871411),
('000176', 792005),
('000177', 743015),
('000178', 297533),
('000179', 702829),
('000180', 253463),
('000181', 783371),
('000182', 460804),
('000183', 755825),
('000184', 871574),
('000185', 3657),
('000186', 854889),
('000187', 435002),
('000188', 56387),
('000189', 476125),
('000190', 48045),
('000191', 864963),
('000192', 493604),
('000193', 513649),
('000194', 243064),
('000195', 564350),
('000196', 836739),
('000197', 263548),
('000198', 302383),
('000199', 883713),
('000200', 500728),
('000201', 582667),
('000202', 591809),
('000203', 733321),
('000204', 539016),
('000205', 377839),
('000206', 609385),
('000207', 303016),
('000208', 437198),
('000209', 853522),
('000210', 647140),
('000211', 279222),
('000212', 673780),
('000213', 127741),
('000214', 720294),
('000215', 706857),
('000216', 297328),
('000217', 847462),
('000218', 399641),
('000219', 188172),
('000220', 330963),
('000221', 830310),
('000222', 379887),
('000223', 307002),
('000224', 779855),
('000225', 266039),
('000226', 801888),
('000227', 353050),
('000228', 698713),
('000229', 557922),
('000230', 203651),
('000231', 302629),
('000232', 526875),
('000233', 887573),
('000234', 726672),
('000235', 159093),
('000236', 286155),
('000237', 210835),
('000238', 162265),
('000239', 723425),
('000240', 38378),
('000241', 659166),
('000242', 66932),
('000243', 338967),
('000244', 404231),
('000245', 766165),
('000246', 899131),
('000247', 179430),
('000248', 385443),
('000249', 335983),
('000250', 498669),
('000251', 654334),
('000252', 761728),
('000253', 638137),
('000254', 289639),
('000255', 775593),
('000256', 871977),
('000257', 206684),
('000258', 623424),
('000259', 761430),
('000260', 652042),
('000261', 310330),
('000262', 132830),
('000263', 754832),
('000264', 653847),
('000265', 213352),
('000266', 675747),
('000267', 357767),
('000268', 32742),
('000269', 854975),
('000270', 666858),
('000271', 19767),
('000272', 290757),
('000273', 378842),
('000274', 375585),
('000275', 425724),
('000276', 1419),
('000277', 644724),
('000278', 768804),
('000279', 843644),
('000280', 595868),
('000281', 201941),
('000282', 628477),
('000283', 711474),
('000284', 19539),
('000285', 513411),
('000286', 813581),
('000287', 779048),
('000288', 219144),
('000289', 565268),
('000290', 209034),
('000291', 897635),
('000292', 430564),
('000293', 693548),
('000294', 727227),
('000295', 76698),
('000296', 21277),
('000297', 607888),
('000298', 313549),
('000299', 578451),
('000300', 208573),
('000301', 137615),
('000302', 344740),
('000303', 16695),
('000304', 25060),
('000305', 534185),
('000306', 317854),
('000307', 388108),
('000308', 142798),
('000309', 46660),
('000310', 682567),
('000311', 545288),
('000312', 501179),
('000313', 496829),
('000314', 622381),
('000315', 226646),
('000316', 492256),
('000317', 673718),
('000318', 202330),
('000319', 639765),
('000320', 65792),
('000321', 508971),
('000322', 219320),
('000323', 838661),
('000324', 433081),
('000325', 859426),
('000326', 391247),
('000327', 840591),
('000328', 698907),
('000329', 344500),
('000330', 103313),
('000331', 427142),
('000332', 480634),
('000333', 21704),
('000334', 648798),
('000335', 214060),
('000336', 148619),
('000337', 242164),
('000338', 526484),
('000339', 891788),
('000340', 726060),
('000341', 521841),
('000342', 11100),
('000343', 473308),
('000344', 223727),
('000345', 892086),
('000346', 550193),
('000347', 642604),
('000348', 522732),
('000349', 547602),
('000350', 508567),
('000351', 295051),
('000352', 706257),
('000353', 200632),
('000354', 196812),
('000355', 99107),
('000356', 375772),
('000357', 537045),
('000358', 423720),
('000359', 533660),
('000360', 771261),
('000361', 820174),
('000362', 846354),
('000363', 891104),
('000364', 267431),
('000365', 337382),
('000366', 893085),
('000367', 55863),
('000368', 344452),
('000369', 157587),
('000370', 279526),
('000371', 448953),
('000372', 371696),
('000373', 506536),
('000374', 410379),
('000375', 184250),
('000376', 147607),
('000377', 727290),
('000378', 700553),
('000379', 162950),
('000380', 94596),
('000381', 842684),
('000382', 644814),
('000383', 185329),
('000384', 309056),
('000385', 196675),
('000386', 675546),
('000387', 28732),
('000388', 304205),
('000389', 71862),
('000390', 651133),
('000391', 512467),
('000392', 668205),
('000393', 306377),
('000394', 453224),
('000395', 49296),
('000396', 360037),
('000397', 349211),
('000398', 774462),
('000399', 528429),
('000400', 458174),
('000401', 179903),
('000402', 892345),
('000403', 567884),
('000404', 490689),
('000405', 867257),
('000406', 158101),
('000407', 899211),
('000408', 359345),
('000409', 885851),
('000410', 119587),
('000411', 823440),
('000412', 734235),
('000413', 549957),
('000414', 580425),
('000415', 236759),
('000416', 426513),
('000417', 63712),
('000418', 397515),
('000419', 328821),
('000420', 436246),
('000421', 777656),
('000422', 856457),
('000423', 869732),
('000424', 414650),
('000425', 627279),
('000426', 202819),
('000427', 627229),
('000428', 341689),
('000429', 768184),
('000430', 798922),
('000431', 141156),
('000432', 528824),
('000433', 195672),
('000434', 104892),
('000435', 697838),
('000436', 503040),
('000437', 467982),
('000438', 745402),
('000439', 673713),
('000440', 191664),
('000441', 356184),
('000442', 870834),
('000443', 705972),
('000444', 336131),
('000445', 431929),
('000446', 255238),
('000447', 835966),
('000448', 438131),
('000449', 651647),
('000450', 359786),
('000451', 859435),
('000452', 254106),
('000453', 219088),
('000454', 579003),
('000455', 342142),
('000456', 619385),
('000457', 428178),
('000458', 405510),
('000459', 172258),
('000460', 509787),
('000461', 47682),
('000462', 825399),
('000463', 214903),
('000464', 51298),
('000465', 844302),
('000466', 542781),
('000467', 430650),
('000468', 222923),
('000469', 133719),
('000470', 428747),
('000471', 324475),
('000472', 234325),
('000473', 866053),
('000474', 58333),
('000475', 360470),
('000476', 853718),
('000477', 397421),
('000478', 466253),
('000479', 824414),
('000480', 137357),
('000481', 817323),
('000482', 16266),
('000483', 372572),
('000484', 182620),
('000485', 746767),
('000486', 559654),
('000487', 787741),
('000488', 171286),
('000489', 245546),
('000490', 544189),
('000491', 173845),
('000492', 823704),
('000493', 668525),
('000494', 587791),
('000495', 548230),
('000496', 876676),
('000497', 31397),
('000498', 850647),
('000499', 137285),
('000500', 467388),
('000501', 305356),
('000502', 691782),
('000503', 387711),
('000504', 261137),
('000505', 27224),
('000506', 479322),
('000507', 814620),
('000508', 869782),
('000509', 233702),
('000510', 172026),
('000511', 28056),
('000512', 264251),
('000513', 72758),
('000514', 703666),
('000515', 547254),
('000516', 499890),
('000517', 163643),
('000518', 874240),
('000519', 446433),
('000520', 2298),
('000521', 498648),
('000522', 136933),
('000523', 290772),
('000524', 640613),
('000525', 507266),
('000526', 312273),
('000527', 834081),
('000528', 760485),
('000529', 123473),
('000530', 272591),
('000531', 576299),
('000532', 751192),
('000533', 364656),
('000534', 301563),
('000535', 888801),
('000536', 769179),
('000537', 9845),
('000538', 107663),
('000539', 512958),
('000540', 586800),
('000541', 679469),
('000542', 54550),
('000543', 513942),
('000544', 665128),
('000545', 456769),
('000546', 550154),
('000547', 327994),
('000548', 751311),
('000549', 19513),
('000550', 719355),
('000551', 768862),
('000552', 684519),
('000553', 507610),
('000554', 326074),
('000555', 8573),
('000556', 40836),
('000557', 115951),
('000558', 384088),
('000559', 408269),
('000560', 1172),
('000561', 695797),
('000562', 634669),
('000563', 819847),
('000564', 55955),
('000565', 389798),
('000566', 78786),
('000567', 823811),
('000568', 807078),
('000569', 535325),
('000570', 481028),
('000571', 220768),
('000572', 317291),
('000573', 640555),
('000574', 243382),
('000575', 380548),
('000576', 722272),
('000577', 353441),
('000578', 623389),
('000579', 742690),
('000580', 633584),
('000581', 312765),
('000582', 658137),
('000583', 747280),
('000584', 380064),
('000585', 870641),
('000586', 398404),
('000587', 48317),
('000588', 821048),
('000589', 2510),
('000590', 834997),
('000591', 574411),
('000592', 56823),
('000593', 379562),
('000594', 336743),
('000595', 832843),
('000596', 409910),
('000597', 238264),
('000598', 77237),
('000599', 845410),
('000600', 26394),
('000601', 389170),
('000602', 19640),
('000603', 537517),
('000604', 263040),
('000605', 44785),
('000606', 517515),
('000607', 251186),
('000608', 529318),
('000609', 698395),
('000610', 736354),
('000611', 690357),
('000612', 548666),
('000613', 77729),
('000614', 670697),
('000615', 867557),
('000616', 840406),
('000617', 101773),
('000618', 559777),
('000619', 605272),
('000620', 174197),
('000621', 397406),
('000622', 561585),
('000623', 739139),
('000624', 719767),
('000625', 624982),
('000626', 40645),
('000627', 475881),
('000628', 241882),
('000629', 349653),
('000630', 50801),
('000631', 758795),
('000632', 824894),
('000633', 840222),
('000634', 33704),
('000635', 689878),
('000636', 625538),
('000637', 399059),
('000638', 640566),
('000639', 232262),
('000640', 341323),
('000641', 22698),
('000642', 479718),
('000643', 130105),
('000644', 312275),
('000645', 24806),
('000646', 774678),
('000647', 759154),
('000648', 682344),
('000649', 303954),
('000650', 375566),
('000651', 501418),
('000652', 520295),
('000653', 287095),
('000654', 309268),
('000655', 112264),
('000656', 782566),
('000657', 623409),
('000658', 840536),
('000659', 805551),
('000660', 246422),
('000661', 839916),
('000662', 251283),
('000663', 100758),
('000664', 776137),
('000665', 134163),
('000666', 162794),
('000667', 567581),
('000668', 631942),
('000669', 398720),
('000670', 188558),
('000671', 508883),
('000672', 813776),
('000673', 16432),
('000674', 747489),
('000675', 621993),
('000676', 168605),
('000677', 647376),
('000678', 811716),
('000679', 868408),
('000680', 840484),
('000681', 646989),
('000682', 245378),
('000683', 2137),
('000684', 713150),
('000685', 869449),
('000686', 149581),
('000687', 300128),
('000688', 258258),
('000689', 100372),
('000690', 563010),
('000691', 875378),
('000692', 165170),
('000693', 731741),
('000694', 514249),
('000695', 677998),
('000696', 360399),
('000697', 76969),
('000698', 32506),
('000699', 137127),
('000700', 680314),
('000701', 296416),
('000702', 132156),
('000703', 303798),
('000704', 736091),
('000705', 322675),
('000706', 215202),
('000707', 456952),
('000708', 70033),
('000709', 876316),
('000710', 305896),
('000711', 847585),
('000712', 620176),
('000713', 499149),
('000714', 840932),
('000715', 474968),
('000716', 77698),
('000717', 369182),
('000718', 13018),
('000719', 129491),
('000720', 721945),
('000721', 306753),
('000722', 279812),
('000723', 334118),
('000724', 497837),
('000725', 314460),
('000726', 866092),
('000727', 708669),
('000728', 723126),
('000729', 279966),
('000730', 322850),
('000731', 442266),
('000732', 231484),
('000733', 738759),
('000734', 196911),
('000735', 516381),
('000736', 601566),
('000737', 421696),
('000738', 711472),
('000739', 791672),
('000740', 26529),
('000741', 616154),
('000742', 706218),
('000743', 559290),
('000744', 653151),
('000745', 259965),
('000746', 256389),
('000747', 69934),
('000748', 415866),
('000749', 744967),
('000750', 446855),
('000751', 868143),
('000752', 487803),
('000753', 224219),
('000754', 200150),
('000755', 352174),
('000756', 668484),
('000757', 137306),
('000758', 562608),
('000759', 428612),
('000760', 865889),
('000761', 151233),
('000762', 309329),
('000763', 551978),
('000764', 527490),
('000765', 63158),
('000766', 808180),
('000767', 661007),
('000768', 188252),
('000769', 568502),
('000770', 770227),
('000771', 552574),
('000772', 787749),
('000773', 364534),
('000774', 185196),
('000775', 287351),
('000776', 679554),
('000777', 289691),
('000778', 143841),
('000779', 615905),
('000780', 49750),
('000781', 10592),
('000782', 252802),
('000783', 24368),
('000784', 72632),
('000785', 43421),
('000786', 552385),
('000787', 728559),
('000788', 9040),
('000789', 357656),
('000790', 640217),
('000791', 752374),
('000792', 254926),
('000793', 453685),
('000794', 190597),
('000795', 518831),
('000796', 58521),
('000797', 416441),
('000798', 164070),
('000799', 46227),
('000800', 139653),
('000801', 515342),
('000802', 160924),
('000803', 545932),
('000804', 328841),
('000805', 588824),
('000806', 179468),
('000807', 193145),
('000808', 14779),
('000809', 46378),
('000810', 355627),
('000811', 378303),
('000812', 419981),
('000813', 469150),
('000814', 157785),
('000815', 469254),
('000816', 114325),
('000817', 847428),
('000818', 437341),
('000819', 193505),
('000820', 705833),
('000821', 294286),
('000822', 831085),
('000823', 657058),
('000824', 343871),
('000825', 166810),
('000826', 634713),
('000827', 638084),
('000828', 263451),
('000829', 205581),
('000830', 808043),
('000831', 653019),
('000832', 533121),
('000833', 368927),
('000834', 438064),
('000835', 478473),
('000836', 471487),
('000837', 794106),
('000838', 266833),
('000839', 492052),
('000840', 827067),
('000841', 585026),
('000842', 665914),
('000843', 202100),
('000844', 671598),
('000845', 165610),
('000846', 84930),
('000847', 468568),
('000848', 718026),
('000849', 98262),
('000850', 722950),
('000851', 755528),
('000852', 375994),
('000853', 155475),
('000854', 314367),
('000855', 412671),
('000856', 662779),
('000857', 541578),
('000858', 649534),
('000859', 339072),
('000860', 248327),
('000861', 702509),
('000862', 844857),
('000863', 202401),
('000864', 216494),
('000865', 813168),
('000866', 790360),
('000867', 615770),
('000868', 396722),
('000869', 514866),
('000870', 848401),
('000871', 643991),
('000872', 213179),
('000873', 198476),
('000874', 607169),
('000875', 71304),
('000876', 271756),
('000877', 478637),
('000878', 255225),
('000879', 569208),
('000880', 742756),
('000881', 133154),
('000882', 759214),
('000883', 239517),
('000884', 296405),
('000885', 400297),
('000886', 294497),
('000887', 525064),
('000888', 120158),
('000889', 114442),
('000890', 411395),
('000891', 849530),
('000892', 488589),
('000893', 477333),
('000894', 520283),
('000895', 751651),
('000896', 745201),
('000897', 690684),
('000898', 714444),
('000899', 36092),
('000900', 133502),
('000901', 589709),
('000902', 665866),
('000903', 796731),
('000904', 864455),
('000905', 558101),
('000906', 234822),
('000907', 854990),
('000908', 135025),
('000909', 724923),
('000910', 607674),
('000911', 652872),
('000912', 844119),
('000913', 22218),
('000914', 168518),
('000915', 605571),
('000916', 626435),
('000917', 281169),
('000918', 180580),
('000919', 838650),
('000920', 177852),
('000921', 512247),
('000922', 794533),
('000923', 234478),
('000924', 117007),
('000925', 785241),
('000926', 653698),
('000927', 682418),
('000928', 112730),
('000929', 147897),
('000930', 815547),
('000931', 857879),
('000932', 372117),
('000933', 464152),
('000934', 844337),
('000935', 515005),
('000936', 368245),
('000937', 534150),
('000938', 398390),
('000939', 40004),
('000940', 686049),
('000941', 233044),
('000942', 153562),
('000943', 33282),
('000944', 515069),
('000945', 270201),
('000946', 213395),
('000947', 359885),
('000948', 287492),
('000949', 856144),
('000950', 605118),
('000951', 197138),
('000952', 889806),
('000953', 442414),
('000954', 671108),
('000955', 771187),
('000956', 107423),
('000957', 705344),
('000958', 681612),
('000959', 816861),
('000960', 66485),
('000961', 861966),
('000962', 118845),
('000963', 189765),
('000964', 594189),
('000965', 704740),
('000966', 351492),
('000967', 159400),
('000968', 701584),
('000969', 5534),
('000970', 735037),
('000971', 283997),
('000972', 7882),
('000973', 543986),
('000974', 293673),
('000975', 160391),
('000976', 117962),
('000977', 536324),
('000978', 137951),
('000979', 556494),
('000980', 767672),
('000981', 373246),
('000982', 329020),
('000983', 674653),
('000984', 48532),
('000985', 53676),
('000986', 224983),
('000987', 219954),
('000988', 230905),
('000989', 858276),
('000990', 172105),
('000991', 143461),
('000992', 411902),
('000993', 864075),
('000994', 394891),
('000995', 475126),
('000996', 195159),
('000997', 99781),
('000998', 840030),
('000999', 10963),
('001000', 789284),
('001001', 371577),
('001002', 761452),
('001003', 639977),
('001004', 467836),
('001005', 254616),
('001006', 651378),
('001007', 173684),
('001008', 160378),
('001009', 17272),
('001010', 654699),
('001011', 382468),
('001012', 536807),
('001013', 584436),
('001014', 471588),
('001015', 195006),
('001016', 23722),
('001017', 220713),
('001018', 40178),
('001019', 158970),
('001020', 843667),
('001021', 533892),
('001022', 440399),
('001023', 658296),
('001024', 347969),
('001025', 555522),
('001026', 298876),
('001027', 812700),
('001028', 715811),
('001029', 124267),
('001030', 658962),
('001031', 486907),
('001032', 486771),
('001033', 306948),
('001034', 573943),
('001035', 824669),
('001036', 29864),
('001037', 842717),
('001038', 864223),
('001039', 768078),
('001040', 846483),
('001041', 369370),
('001042', 788654),
('001043', 247698),
('001044', 193440),
('001045', 7020),
('001046', 716290),
('001047', 235275),
('001048', 415685),
('001049', 877789),
('001050', 103440),
('001051', 231099),
('001052', 250511),
('001053', 381943),
('001054', 25083),
('001055', 590772),
('001056', 76769),
('001057', 107596),
('001058', 869813),
('001059', 283755),
('001060', 514392),
('001061', 33284),
('001062', 385693),
('001063', 35939),
('001064', 267930),
('001065', 686650),
('001066', 880708),
('001067', 585962),
('001068', 264120),
('001069', 408939),
('001070', 157475),
('001071', 358830),
('001072', 697834),
('001073', 223448),
('001074', 474323),
('001075', 456180),
('001076', 288538),
('001077', 676810),
('001078', 29191),
('001079', 848171),
('001080', 638345),
('001081', 216722),
('001082', 165306),
('001083', 346233),
('001084', 693495),
('001085', 159627),
('001086', 267261),
('001087', 791768),
('001088', 347618),
('001089', 794627),
('001090', 124772),
('001091', 376319),
('001092', 627853),
('001093', 147298),
('001094', 823619),
('001095', 845152),
('001096', 653996),
('001097', 664985),
('001098', 202318),
('001099', 691139),
('001100', 812028),
('001101', 28227),
('001102', 643239),
('001103', 692852),
('001104', 743291),
('001105', 352898),
('001106', 688110),
('001107', 383751),
('001108', 194249),
('001109', 246073),
('001110', 607040),
('001111', 819677),
('001112', 845444),
('001113', 353587),
('001114', 826007),
('001115', 649898),
('001116', 141779),
('001117', 441775),
('001118', 111060),
('001119', 24824),
('001120', 869194),
('001121', 756524),
('001122', 874131),
('001123', 41192),
('001124', 575161),
('001125', 847116),
('001126', 375187),
('001127', 28880),
('001128', 407435),
('001129', 724848),
('001130', 833327),
('001131', 568623),
('001132', 837228),
('001133', 622933),
('001134', 698768),
('001135', 318939),
('001136', 626190),
('001137', 347092),
('001138', 346149),
('001139', 191990),
('001140', 604558),
('001141', 79548),
('001142', 501931),
('001143', 560121),
('001144', 16981),
('001145', 875501),
('001146', 543984),
('001147', 632926),
('001148', 401534),
('001149', 107004),
('001150', 288465),
('001151', 568420),
('001152', 35293),
('001153', 876911),
('001154', 129142),
('001155', 616776),
('001156', 682032),
('001157', 707068),
('001158', 93521),
('001159', 657248),
('001160', 353515),
('001161', 407169),
('001162', 669378),
('001163', 460501),
('001164', 813638),
('001165', 34135),
('001166', 537775),
('001167', 300715),
('001168', 602800),
('001169', 275929),
('001170', 798365),
('001171', 443862),
('001172', 201674),
('001173', 730434),
('001174', 565770),
('001175', 786790),
('001176', 33278),
('001177', 169814),
('001178', 382213),
('001179', 18700),
('001180', 157950),
('001181', 471171),
('001182', 437893),
('001183', 188558),
('001184', 398748),
('001185', 177359),
('001186', 278496),
('001187', 513405),
('001188', 675327),
('001189', 872335),
('001190', 2060),
('001191', 138469),
('001192', 663322),
('001193', 558768),
('001194', 182126),
('001195', 776113),
('001196', 807821),
('001197', 58249),
('001198', 659999),
('001199', 673556),
('001200', 4412),
('001201', 629947),
('001202', 396892),
('001203', 626217),
('001204', 476182),
('001205', 488413),
('001206', 621547),
('001207', 641238),
('001208', 617169),
('001209', 586563),
('001210', 510780),
('001211', 124507),
('001212', 701059),
('001213', 668485),
('001214', 780270),
('001215', 200921),
('001216', 636628),
('001217', 138822),
('001218', 257326),
('001219', 482054),
('001220', 482978),
('001221', 164130),
('001222', 522517),
('001223', 711552),
('001224', 863564),
('001225', 126139),
('001226', 877215),
('001227', 235773),
('001228', 69779),
('001229', 361531),
('001230', 264276),
('001231', 284863),
('001232', 769588),
('001233', 240152),
('001234', 853197),
('001235', 678943),
('001236', 283835),
('001237', 538270),
('001238', 330283),
('001239', 257119),
('001240', 661116),
('001241', 185350),
('001242', 232325),
('001243', 760010),
('001244', 221388),
('001245', 82460),
('001246', 658660),
('001247', 185678),
('001248', 881407),
('001249', 43036),
('001250', 596659),
('001251', 33073),
('001252', 612785),
('001253', 316706),
('001254', 305568),
('001255', 567779),
('001256', 849701),
('001257', 696950),
('001258', 108581),
('001259', 297051),
('001260', 866000),
('001261', 456283),
('001262', 750129),
('001263', 707635),
('001264', 507602),
('001265', 581330),
('001266', 874753),
('001267', 858205),
('001268', 318182),
('001269', 582821),
('001270', 465159),
('001271', 564050),
('001272', 719104),
('001273', 585802),
('001274', 735927),
('001275', 547899),
('001276', 114863),
('001277', 629651),
('001278', 328549),
('001279', 765328),
('001280', 339151),
('001281', 46231),
('001282', 386472),
('001283', 436124),
('001284', 252027),
('001285', 544967),
('001286', 131384),
('001287', 711465),
('001288', 207262),
('001289', 283986),
('001290', 5815),
('001291', 191188),
('001292', 462677),
('001293', 183974),
('001294', 48507),
('001295', 873844),
('001296', 313045),
('001297', 530155),
('001298', 671990),
('001299', 565146),
('001300', 187942),
('001301', 526608),
('001302', 40515),
('001303', 445021),
('001304', 751461),
('001305', 68650),
('001306', 715171),
('001307', 723838),
('001308', 60683),
('001309', 655983),
('001310', 70311),
('001311', 880229),
('001312', 256569),
('001313', 752620),
('001314', 858680),
('001315', 460195),
('001316', 867309),
('001317', 713625),
('001318', 655484),
('001319', 637643),
('001320', 657119),
('001321', 788648),
('001322', 799981),
('001323', 229189),
('001324', 881662),
('001325', 204461),
('001326', 568766),
('001327', 274370),
('001328', 756741),
('001329', 830117),
('001330', 772300),
('001331', 219732),
('001332', 419096),
('001333', 221829),
('001334', 579751),
('001335', 487906),
('001336', 755028),
('001337', 846479),
('001338', 875772),
('001339', 391860),
('001340', 321600),
('001341', 183942),
('001342', 428082),
('001343', 813412),
('001344', 236461),
('001345', 787077),
('001346', 395935),
('001347', 303667),
('001348', 725625),
('001349', 641666),
('001350', 157813),
('001351', 418623),
('001352', 614411),
('001353', 752276),
('001354', 794737),
('001355', 490391),
('001356', 740344),
('001357', 533795),
('001358', 523854),
('001359', 503846),
('001360', 434245),
('001361', 407914),
('001362', 216815),
('001363', 10838),
('001364', 778090),
('001365', 686270),
('001366', 409456),
('001367', 627264),
('001368', 648142),
('001369', 899280),
('001370', 670859),
('001371', 449085),
('001372', 66942),
('001373', 396104),
('001374', 430652),
('001375', 571945),
('001376', 881033),
('001377', 298943),
('001378', 789279),
('001379', 355055),
('001380', 379697),
('001381', 464772),
('001382', 521394),
('001383', 131468),
('001384', 692939),
('001385', 636418),
('001386', 507550),
('001387', 46471),
('001388', 899450),
('001389', 326945),
('001390', 388233),
('001391', 63815),
('001392', 837567),
('001393', 810197),
('001394', 769564),
('001395', 177550),
('001396', 846978),
('001397', 436311),
('001398', 302581),
('001399', 814385),
('001400', 788853),
('001401', 761146),
('001402', 490186),
('001403', 56512),
('001404', 841206),
('001405', 351177),
('001406', 406008),
('001407', 325353),
('001408', 635561),
('001409', 833370),
('001410', 753079),
('001411', 295801),
('001412', 522289),
('001413', 423058),
('001414', 730466),
('001415', 289271),
('001416', 465902),
('001417', 490144),
('001418', 767672),
('001419', 402933),
('001420', 230529),
('001421', 359246),
('001422', 462137),
('001423', 453153),
('001424', 290515),
('001425', 873166),
('001426', 484391),
('001427', 171750),
('001428', 728835),
('001429', 100181),
('001430', 785599),
('001431', 155118),
('001432', 43637),
('001433', 806986),
('001434', 787786),
('001435', 80202),
('001436', 372826),
('001437', 803383),
('001438', 536470),
('001439', 850087),
('001440', 670863),
('001441', 841329),
('001442', 762894),
('001443', 343590),
('001444', 872498),
('001445', 344498),
('001446', 406569),
('001447', 459141),
('001448', 497683),
('001449', 825523),
('001450', 450030),
('001451', 425282),
('001452', 11957),
('001453', 534609),
('001454', 393089),
('001455', 767499),
('001456', 547684),
('001457', 887388),
('001458', 863374),
('001459', 6259),
('001460', 770093),
('001461', 1918),
('001462', 468542),
('001463', 350716),
('001464', 122737),
('001465', 807804),
('001466', 352237),
('001467', 649801),
('001468', 513892),
('001469', 502561),
('001470', 440744),
('001471', 665875),
('001472', 360465),
('001473', 557442),
('001474', 60621),
('001475', 775805),
('001476', 145866),
('001477', 827351),
('001478', 211266),
('001479', 205675),
('001480', 72260),
('001481', 680245),
('001482', 822912),
('001483', 380250),
('001484', 875134),
('001485', 205471),
('001486', 509162),
('001487', 822650),
('001488', 445160),
('001489', 146164),
('001490', 342308),
('001491', 269482),
('001492', 613919),
('001493', 791032),
('001494', 513735),
('001495', 256961),
('001496', 657963),
('001497', 384476),
('001498', 317377),
('001499', 369625),
('001500', 345140),
('001501', 761236),
('001502', 536365),
('001503', 241355),
('001504', 868625),
('001505', 318489),
('001506', 833844),
('001507', 767838),
('001508', 192795),
('001509', 237236),
('001510', 176979),
('001511', 881815),
('001512', 771996),
('001513', 333651),
('001514', 722374),
('001515', 15715),
('001516', 389980),
('001517', 764528),
('001518', 743596),
('001519', 791391),
('001520', 235662),
('001521', 347457),
('001522', 157137),
('001523', 727865),
('001524', 765367),
('001525', 326698),
('001526', 54786),
('001527', 746520),
('001528', 613708),
('001529', 340558),
('001530', 751713),
('001531', 106356),
('001532', 425774),
('001533', 391152),
('001534', 541144),
('001535', 374576),
('001536', 190416),
('001537', 42802),
('001538', 87159),
('001539', 824587),
('001540', 692630),
('001541', 179706),
('001542', 464514),
('001543', 615146),
('001544', 703126),
('001545', 38158),
('001546', 458459),
('001547', 692191),
('001548', 268469),
('001549', 420032),
('001550', 11192),
('001551', 291245),
('001552', 215939),
('001553', 396796),
('001554', 131334),
('001555', 524876),
('001556', 525407),
('001557', 645913),
('001558', 341212),
('001559', 487254),
('001560', 805264),
('001561', 743585),
('001562', 856471),
('001563', 227882),
('001564', 881047),
('001565', 103343),
('001566', 346648),
('001567', 498769),
('001568', 619989),
('001569', 565425),
('001570', 391652),
('001571', 856824),
('001572', 63731),
('001573', 398142),
('001574', 449180),
('001575', 231187),
('001576', 473920),
('001577', 845860),
('001578', 572359),
('001579', 634216),
('001580', 564070),
('001581', 226194),
('001582', 372728),
('001583', 233447),
('001584', 373643),
('001585', 734914),
('001586', 19372),
('001587', 540687),
('001588', 38192),
('001589', 99528),
('001590', 818877),
('001591', 805744),
('001592', 149810),
('001593', 391063),
('001594', 812299),
('001595', 138966),
('001596', 894389),
('001597', 558910),
('001598', 731036),
('001599', 275535),
('001600', 845540),
('001601', 57329),
('001602', 526761),
('001603', 14981),
('001604', 303548),
('001605', 190800),
('001606', 894580),
('001607', 313088),
('001608', 886070),
('001609', 774171),
('001610', 228976),
('001611', 77155),
('001612', 616331),
('001613', 27759),
('001614', 571550),
('001615', 318955),
('001616', 623607),
('001617', 707250),
('001618', 604496),
('001619', 665114),
('001620', 758309),
('001621', 799549),
('001622', 690058),
('001623', 838237),
('001624', 216515),
('001625', 433135),
('001626', 700952),
('001627', 431492),
('001628', 856616),
('001629', 631272),
('001630', 13190),
('001631', 538886),
('001632', 432812),
('001633', 461911),
('001634', 568618),
('001635', 176015),
('001636', 572881),
('001637', 413180),
('001638', 446670),
('001639', 830041),
('001640', 220440),
('001641', 25185),
('001642', 666348),
('001643', 765633),
('001644', 327929),
('001645', 412143),
('001646', 774977),
('001647', 230431),
('001648', 523652),
('001649', 759577),
('001650', 769509),
('001651', 340085),
('001652', 729599),
('001653', 490510),
('001654', 576315),
('001655', 437550),
('001656', 604010),
('001657', 13969),
('001658', 255888),
('001659', 334983),
('001660', 294726),
('001661', 598763),
('001662', 10439),
('001663', 453866),
('001664', 136106),
('001665', 473764),
('001666', 708515),
('001667', 39109),
('001668', 295879),
('001669', 16639),
('001670', 181965),
('001671', 562675),
('001672', 364439),
('001673', 422649),
('001674', 292860),
('001675', 869945),
('001676', 739747),
('001677', 243784),
('001678', 132513),
('001679', 705730),
('001680', 373615),
('001681', 255907),
('001682', 134417),
('001683', 161984),
('001684', 114559),
('001685', 567786),
('001686', 406756),
('001687', 443496),
('001688', 324244),
('001689', 187430),
('001690', 667528),
('001691', 301490),
('001692', 524967),
('001693', 877397),
('001694', 219861),
('001695', 249905),
('001696', 387906),
('001697', 804474),
('001698', 593840),
('001699', 337552),
('001700', 44803),
('001701', 241921),
('001702', 495934),
('001703', 103537),
('001704', 40858),
('001705', 482740),
('001706', 108718),
('001707', 74577),
('001708', 783643),
('001709', 800961),
('001710', 798143),
('001711', 620800),
('001712', 753277),
('001713', 364997),
('001714', 244333),
('001715', 816328),
('001716', 53766),
('001717', 850070),
('001718', 322803),
('001719', 610573),
('001720', 895433),
('001721', 767254),
('001722', 377076),
('001723', 744887),
('001724', 368791),
('001725', 755486),
('001726', 828817),
('001727', 343222),
('001728', 358653),
('001729', 589369),
('001730', 289060),
('001731', 718766),
('001732', 850577),
('001733', 271025),
('001734', 747751),
('001735', 509794),
('001736', 872176),
('001737', 757149),
('001738', 708007),
('001739', 738456),
('001740', 691922),
('001741', 349370),
('001742', 676790),
('001743', 121999),
('001744', 742409),
('001745', 639246),
('001746', 491588),
('001747', 592355),
('001748', 517531),
('001749', 565489),
('001750', 85393),
('001751', 341688),
('001752', 419825),
('001753', 874409),
('001754', 21111),
('001755', 197097),
('001756', 158980),
('001757', 424310),
('001758', 477759),
('001759', 99303),
('001760', 628933),
('001761', 643879),
('001762', 724518),
('001763', 895686),
('001764', 257350),
('001765', 73268),
('001766', 496124),
('001767', 829565),
('001768', 485086),
('001769', 291509),
('001770', 354761),
('001771', 581050),
('001772', 458093),
('001773', 780327),
('001774', 548685),
('001775', 804427),
('001776', 304637),
('001777', 863218),
('001778', 604578),
('001779', 500939),
('001780', 90066),
('001781', 463813),
('001782', 784576),
('001783', 747983),
('001784', 647216),
('001785', 107108),
('001786', 640986),
('001787', 690952),
('001788', 251437),
('001789', 715578),
('001790', 59986),
('001791', 49284),
('001792', 615482),
('001793', 290186),
('001794', 873964),
('001795', 198161),
('001796', 290052),
('001797', 651755),
('001798', 167983),
('001799', 850734),
('001800', 790335),
('001801', 261733),
('001802', 334377),
('001803', 453129),
('001804', 760978),
('001805', 4086),
('001806', 647259),
('001807', 243421),
('001808', 782151),
('001809', 305450),
('001810', 516956),
('001811', 785338),
('001812', 223449),
('001813', 459396),
('001814', 791833),
('001815', 536911),
('001816', 534162),
('001817', 305948),
('001818', 71329),
('001819', 59088),
('001820', 318416),
('001821', 589468),
('001822', 30434),
('001823', 435636),
('001824', 338214),
('001825', 99505),
('001826', 161028),
('001827', 640775),
('001828', 642198),
('001829', 210847),
('001830', 22254),
('001831', 327829),
('001832', 605420),
('001833', 657250),
('001834', 8346),
('001835', 410935),
('001836', 726848),
('001837', 881982),
('001838', 750558),
('001839', 794497),
('001840', 300305),
('001841', 67879),
('001842', 147326),
('001843', 498466),
('001844', 105505),
('001845', 244290),
('001846', 529996),
('001847', 3523),
('001848', 102191),
('001849', 830188),
('001850', 122817),
('001851', 535152),
('001852', 56454),
('001853', 85836),
('001854', 361744),
('001855', 693082),
('001856', 788586),
('001857', 844177),
('001858', 237600),
('001859', 458269),
('001860', 358581),
('001861', 709165),
('001862', 533618),
('001863', 270635),
('001864', 393861),
('001865', 431375),
('001866', 383591),
('001867', 674792),
('001868', 729234),
('001869', 883621),
('001870', 43891),
('001871', 833430),
('001872', 358768),
('001873', 373246),
('001874', 213653),
('001875', 405379),
('001876', 244671),
('001877', 457686),
('001878', 17154),
('001879', 819591),
('001880', 795954),
('001881', 6276),
('001882', 759491),
('001883', 113587),
('001884', 545942),
('001885', 123040),
('001886', 42603),
('001887', 153327),
('001888', 56135),
('001889', 211755),
('001890', 172274),
('001891', 655903),
('001892', 225736),
('001893', 862935),
('001894', 609857),
('001895', 689285),
('001896', 711810),
('001897', 274852),
('001898', 493540),
('001899', 33105),
('001900', 642920),
('001901', 484330),
('001902', 698725),
('001903', 518761),
('001904', 157998),
('001905', 193927),
('001906', 795240),
('001907', 278008),
('001908', 120612),
('001909', 87795),
('001910', 395904),
('001911', 464932),
('001912', 310777),
('001913', 405555),
('001914', 402625),
('001915', 728823),
('001916', 239050),
('001917', 822908),
('001918', 663731),
('001919', 896048),
('001920', 273775),
('001921', 897698),
('001922', 879858),
('001923', 353801),
('001924', 180480),
('001925', 136505),
('001926', 52002),
('001927', 339921),
('001928', 533465),
('001929', 704243),
('001930', 153514),
('001931', 28615),
('001932', 132370),
('001933', 107305),
('001934', 780290),
('001935', 233449),
('001936', 764952),
('001937', 812402),
('001938', 723308),
('001939', 230977),
('001940', 618255),
('001941', 376142),
('001942', 767257),
('001943', 137347),
('001944', 222168),
('001945', 768979),
('001946', 848479),
('001947', 442623),
('001948', 465061),
('001949', 542337),
('001950', 593029),
('001951', 459021),
('001952', 400253),
('001953', 281076),
('001954', 88326),
('001955', 797622),
('001956', 264429),
('001957', 107988),
('001958', 408668),
('001959', 306574),
('001960', 472763),
('001961', 823419),
('001962', 416219),
('001963', 500801),
('001964', 496893),
('001965', 472706),
('001966', 699262),
('001967', 200078),
('001968', 407790),
('001969', 376750),
('001970', 306156),
('001971', 456520),
('001972', 31560),
('001973', 13220),
('001974', 498735),
('001975', 720966),
('001976', 321901),
('001977', 407781),
('001978', 229021),
('001979', 545297),
('001980', 188983),
('001981', 632679),
('001982', 815754),
('001983', 756010),
('001984', 827630),
('001985', 677641),
('001986', 746870),
('001987', 333073),
('001988', 552445),
('001989', 446567),
('001990', 361702),
('001991', 820953),
('001992', 621020),
('001993', 221695),
('001994', 462448),
('001995', 403650),
('001996', 634805),
('001997', 664877),
('001998', 37839),
('001999', 393509),
('002000', 329436),
('002001', 464155),
('002002', 805235),
('002003', 442360),
('002004', 179296),
('002005', 817829),
('002006', 80804),
('002007', 209066),
('002008', 326433),
('002009', 90755),
('002010', 30435),
('002011', 658398),
('002012', 669995),
('002013', 496447),
('002014', 94255),
('002015', 748962),
('002016', 853636),
('002017', 456712),
('002018', 574019),
('002019', 9496),
('002020', 676395),
('002021', 157277),
('002022', 386833),
('002023', 745393),
('002024', 53371),
('002025', 691577),
('002026', 824954),
('002027', 701720),
('002028', 240065),
('002029', 819847),
('002030', 563508),
('002031', 37113),
('002032', 367376),
('002033', 426346),
('002034', 846049),
('002035', 59325),
('002036', 393103),
('002037', 615734),
('002038', 156559),
('002039', 631645),
('002040', 851593),
('002041', 587692),
('002042', 333983),
('002043', 297997),
('002044', 156579),
('002045', 719740),
('002046', 589576),
('002047', 692177),
('002048', 218781),
('002049', 249385),
('002050', 792829),
('002051', 394044),
('002052', 198202),
('002053', 467869),
('002054', 267634),
('002055', 502618),
('002056', 785987),
('002057', 333962),
('002058', 287883),
('002059', 654299),
('002060', 765192),
('002061', 177380),
('002062', 599515),
('002063', 683814),
('002064', 339261),
('002065', 445743),
('002066', 173266),
('002067', 606014),
('002068', 281990),
('002069', 649182),
('002070', 447200),
('002071', 566801),
('002072', 210171),
('002073', 440224),
('002074', 155802),
('002075', 217803),
('002076', 121689),
('002077', 475398),
('002078', 497863),
('002079', 57793),
('002080', 648362),
('002081', 281913),
('002082', 834784),
('002083', 256484),
('002084', 676845),
('002085', 379589),
('002086', 776456),
('002087', 288652),
('002088', 183798),
('002089', 248263),
('002090', 606366),
('002091', 325564),
('002092', 333706),
('002093', 234164),
('002094', 569945),
('002095', 364878),
('002096', 784335),
('002097', 441470),
('002098', 415603),
('002099', 549349),
('002100', 38122),
('002101', 302823),
('002102', 744159),
('002103', 525971),
('002104', 243986),
('002105', 165676),
('002106', 99612),
('002107', 879922),
('002108', 882782),
('002109', 18497),
('002110', 545164),
('002111', 102083),
('002112', 298706),
('002113', 73071),
('002114', 240990),
('002115', 391515),
('002116', 288365),
('002117', 492489),
('002118', 732651),
('002119', 305189),
('002120', 202273),
('002121', 419933),
('002122', 467555),
('002123', 112158),
('002124', 732479),
('002125', 552336),
('002126', 51060),
('002127', 538388),
('002128', 372378),
('002129', 253759),
('002130', 459312),
('002131', 850236),
('002132', 200465),
('002133', 839407),
('002134', 753705),
('002135', 402035),
('002136', 71545),
('002137', 336016),
('002138', 298249),
('002139', 774457),
('002140', 784270),
('002141', 643268),
('002142', 606799),
('002143', 727651),
('002144', 185554),
('002145', 307489),
('002146', 132682),
('002147', 231035),
('002148', 298501),
('002149', 227614),
('002150', 535925),
('002151', 342849),
('002152', 648576),
('002153', 897124),
('002154', 678877),
('002155', 803948),
('002156', 267360),
('002157', 40241),
('002158', 420571),
('002159', 733481),
('002160', 691345),
('002161', 455674),
('002162', 217898),
('002163', 650365),
('002164', 330575),
('002165', 63624),
('002166', 607264),
('002167', 142006),
('002168', 897569),
('002169', 819933),
('002170', 449107),
('002171', 414197),
('002172', 149423),
('002173', 505919),
('002174', 311971),
('002175', 575266),
('002176', 816610),
('002177', 641075),
('002178', 571243),
('002179', 300788),
('002180', 100533),
('002181', 435269),
('002182', 13361),
('002183', 128957),
('002184', 759870),
('002185', 330545),
('002186', 162497),
('002187', 250086),
('002188', 636978),
('002189', 158760),
('002190', 563866),
('002191', 753216),
('002192', 88239),
('002193', 770141),
('002194', 402060),
('002195', 699032),
('002196', 72732),
('002197', 252520),
('002198', 617089),
('002199', 511503),
('002200', 397364),
('002201', 874877),
('002202', 878426),
('002203', 254177),
('002204', 312057),
('002205', 7470),
('002206', 30019),
('002207', 398403),
('002208', 441465),
('002209', 511716),
('002210', 302175),
('002211', 853713),
('002212', 99543),
('002213', 49142),
('002214', 330569),
('002215', 19165),
('002216', 513004),
('002217', 114516),
('002218', 286043),
('002219', 247119),
('002220', 854650),
('002221', 804351),
('002222', 853271),
('002223', 25058),
('002224', 30786),
('002225', 230689),
('002226', 641578),
('002227', 461834),
('002228', 183119),
('002229', 65464),
('002230', 758595),
('002231', 443434),
('002232', 735846),
('002233', 376329),
('002234', 867958),
('002235', 412494),
('002236', 129405),
('002237', 455780),
('002238', 255871),
('002239', 293936),
('002240', 55729),
('002241', 539041),
('002242', 679387),
('002243', 728892),
('002244', 6698),
('002245', 322576),
('002246', 602021),
('002247', 808945),
('002248', 504600),
('002249', 508995),
('002250', 462299),
('002251', 382873),
('002252', 465184),
('002253', 385702),
('002254', 368256),
('002255', 433992),
('002256', 840478),
('002257', 812141),
('002258', 378565),
('002259', 334305),
('002260', 862373),
('002261', 793373),
('002262', 482181),
('002263', 441943),
('002264', 809305),
('002265', 863773),
('002266', 733217),
('002267', 717875),
('002268', 206714),
('002269', 468183),
('002270', 776252),
('002271', 282262),
('002272', 29904),
('002273', 814403),
('002274', 284834),
('002275', 603211),
('002276', 345335),
('002277', 840440),
('002278', 504539),
('002279', 566200),
('002280', 263149),
('002281', 103068),
('002282', 193424),
('002283', 717019),
('002284', 201545),
('002285', 108400),
('002286', 289309),
('002287', 673179),
('002288', 174763),
('002289', 338533),
('002290', 99528),
('002291', 342054),
('002292', 631033),
('002293', 731943),
('002294', 10265),
('002295', 71189),
('002296', 749586),
('002297', 845586),
('002298', 869647),
('002299', 701193),
('002300', 124967),
('002301', 849595),
('002302', 383699),
('002303', 44894),
('002304', 570450),
('002305', 44225),
('002306', 752555),
('002307', 41246),
('002308', 406451),
('002309', 174404),
('002310', 363736),
('002311', 762740),
('002312', 519814),
('002313', 802712),
('002314', 666560),
('002315', 745938),
('002316', 224589),
('002317', 109328),
('002318', 552410),
('002319', 446004),
('002320', 398857),
('002321', 629726),
('002322', 457680),
('002323', 134923),
('002324', 67143),
('002325', 604672),
('002326', 32569),
('002327', 512717),
('002328', 106458),
('002329', 533558),
('002330', 123737),
('002331', 708088),
('002332', 427746),
('002333', 146823),
('002334', 438764),
('002335', 100743),
('002336', 199269),
('002337', 600186),
('002338', 592293),
('002339', 512162),
('002340', 390438),
('002341', 476406),
('002342', 705125),
('002343', 293021),
('002344', 854310),
('002345', 187253),
('002346', 493532),
('002347', 464712),
('002348', 85782),
('002349', 484625),
('002350', 887349),
('002351', 261991),
('002352', 15422),
('002353', 520085),
('002354', 636413),
('002355', 694758),
('002356', 891230),
('002357', 564473),
('002358', 577317),
('002359', 11956),
('002360', 156924),
('002361', 157339),
('002362', 709982),
('002363', 30887),
('002364', 514492),
('002365', 382485),
('002366', 869771),
('002367', 314095),
('002368', 893727),
('002369', 603143),
('002370', 540053),
('002371', 856342),
('002372', 286385),
('002373', 855482),
('002374', 324369),
('002375', 677259),
('002376', 450807),
('002377', 52129),
('002378', 70659),
('002379', 141684),
('002380', 490448),
('002381', 668209),
('002382', 18297),
('002383', 726509),
('002384', 151757),
('002385', 805556),
('002386', 500234),
('002387', 342483),
('002388', 609684),
('002389', 804192),
('002390', 65402),
('002391', 487707),
('002392', 59199),
('002393', 323342),
('002394', 543961),
('002395', 482386),
('002396', 177396),
('002397', 674282),
('002398', 108294),
('002399', 316678),
('002400', 877698),
('002401', 362464),
('002402', 47892),
('002403', 575010),
('002404', 488096),
('002405', 584327),
('002406', 422077),
('002407', 367764),
('002408', 358611),
('002409', 676847),
('002410', 584553),
('002411', 551419),
('002412', 92727),
('002413', 234720),
('002414', 519236),
('002415', 802349),
('002416', 314005),
('002417', 756523),
('002418', 451890),
('002419', 862516),
('002420', 196849),
('002421', 42034),
('002422', 832215),
('002423', 562608),
('002424', 225186),
('002425', 714855),
('002426', 15240),
('002427', 464696),
('002428', 747640),
('002429', 298956),
('002430', 755137),
('002431', 288666),
('002432', 654591),
('002433', 812616),
('002434', 53905),
('002435', 744496),
('002436', 278533),
('002437', 614500),
('002438', 121967),
('002439', 705119),
('002440', 870925),
('002441', 218440),
('002442', 365857),
('002443', 637585),
('002444', 147611),
('002445', 575601),
('002446', 772693),
('002447', 563052),
('002448', 714807),
('002449', 369224),
('002450', 436556),
('002451', 560561),
('002452', 692664),
('002453', 282529),
('002454', 65759),
('002455', 347228),
('002456', 822477),
('002457', 209200),
('002458', 613655),
('002459', 654329),
('002460', 735355),
('002461', 760607),
('002462', 549175),
('002463', 118594),
('002464', 361258),
('002465', 761288),
('002466', 525397),
('002467', 475122),
('002468', 198038),
('002469', 351070),
('002470', 108157),
('002471', 850907),
('002472', 857712),
('002473', 609530),
('002474', 494829),
('002475', 115853),
('002476', 601160),
('002477', 829947),
('002478', 168757),
('002479', 826418),
('002480', 583013),
('002481', 719674),
('002482', 799022),
('002483', 615466),
('002484', 336246),
('002485', 428202),
('002486', 100003),
('002487', 836795),
('002488', 895205),
('002489', 316080),
('002490', 571984),
('002491', 255803),
('002492', 669593),
('002493', 339697),
('002494', 640243),
('002495', 247175),
('002496', 243364),
('002497', 259661),
('002498', 272378),
('002499', 58229),
('002500', 245547);

-- 2. 고객잔고 (20개 종목 - 원본 스키마)
INSERT INTO customer_balance (account_number, stock_code, stock_name, quantity, purchase_amount) VALUES
('99911122222', '000001', '삼성전자', 500, 20168397.00),
('99911122222', '000002', 'SK하이닉스', 150, 25087562.00),
('99911122222', '000003', 'NAVER', 80, 63112488.00),
('99911122222', '000004', 'LG화학', 45, 39112599.00),
('99911122222', '000005', '삼성바이오로직스', 25, 13107078.00),
('99911122222', '000006', 'POSCO홀딩스', 120, 3763862.00),
('99911122222', '000007', '기아', 200, 62325367.00),
('99911122222', '000008', '카카오', 180, 14453785.00),
('99911122222', '000009', 'KB금융', 220, 58144628.00),
('99911122222', '000010', '신한지주', 300, 67882102.00),
('99911122222', '000011', 'SK이노베이션', 85, 17239890.00),
('99911122222', '000012', 'SK텔레콤', 160, 58464149.00),
('99911122222', '000013', 'LG전자', 90, 26199586.00),
('99911122222', '000014', '삼성전기', 130, 49918477.00),
('99911122222', '000015', '엔씨소프트', 75, 39820546.00),
('99911122222', '000016', '카카오뱅크', 400, 45142725.00),
('99911122222', '000017', '하나금융지주', 110, 48224526.00),
('99911122222', '000018', '셀트리온', 95, 47505806.00),
('99911122222', '000019', 'LG에너지솔루션', 60, 66000509.00),
('99911122222', '000020', '에코프로비엠', 140, 55998656.00);

-- 3. 매매내역 (930건 - 순차적 고유 PK)
INSERT INTO trading_history (account_number, trading_date, order_number, execution_number, stock_code, buy_sell_code, order_quantity, order_amount) VALUES
('99911122222', '20240317', 'ORD000001', 'EXE000001', '000001', '2', 1, 42522038.00),
('99911122222', '20241016', 'ORD000002', 'EXE000002', '000002', '1', 53, 34741232.00),
('99911122222', '20240321', 'ORD000003', 'EXE000003', '000003', '1', 91, 43743008.00),
('99911122222', '20240620', 'ORD000004', 'EXE000004', '000004', '1', 57, 41457695.00),
('99911122222', '20240605', 'ORD000005', 'EXE000005', '000005', '2', 52, 30745999.00),
('99911122222', '20240106', 'ORD000006', 'EXE000006', '000006', '2', 85, 41582350.00),
('99911122222', '20240821', 'ORD000007', 'EXE000007', '000007', '2', 67, 37171090.00),
('99911122222', '20240311', 'ORD000008', 'EXE000008', '000008', '2', 10, 14422101.00),
('99911122222', '20240507', 'ORD000009', 'EXE000009', '000009', '2', 1, 14275115.00),
('99911122222', '20240617', 'ORD000010', 'EXE000010', '000010', '1', 66, 16246924.00),
('99911122222', '20240715', 'ORD000011', 'EXE000011', '000011', '1', 82, 1458292.00),
('99911122222', '20240904', 'ORD000012', 'EXE000012', '000012', '2', 5, 1128336.00),
('99911122222', '20240226', 'ORD000013', 'EXE000013', '000013', '1', 70, 38595835.00),
('99911122222', '20240505', 'ORD000014', 'EXE000014', '000014', '1', 80, 21196999.00),
('99911122222', '20240128', 'ORD000015', 'EXE000015', '000015', '2', 88, 13541801.00),
('99911122222', '20240222', 'ORD000016', 'EXE000016', '000016', '1', 83, 21619716.00),
('99911122222', '20240505', 'ORD000017', 'EXE000017', '000017', '1', 53, 16671420.00),
('99911122222', '20240930', 'ORD000018', 'EXE000018', '000018', '2', 57, 23190948.00),
('99911122222', '20240415', 'ORD000019', 'EXE000019', '000019', '2', 84, 17368417.00),
('99911122222', '20241006', 'ORD000020', 'EXE000020', '000020', '1', 51, 44852847.00),
('99911122222', '20240122', 'ORD000021', 'EXE000021', '000001', '2', 60, 34234759.00),
('99911122222', '20240606', 'ORD000022', 'EXE000022', '000002', '1', 18, 30047382.00),
('99911122222', '20240430', 'ORD000023', 'EXE000023', '000003', '2', 48, 11856468.00),
('99911122222', '20240323', 'ORD000024', 'EXE000024', '000004', '2', 22, 35057823.00),
('99911122222', '20240421', 'ORD000025', 'EXE000025', '000005', '1', 37, 24213721.00),
('99911122222', '20240528', 'ORD000026', 'EXE000026', '000006', '1', 33, 25489930.00),
('99911122222', '20240527', 'ORD000027', 'EXE000027', '000007', '2', 38, 9675591.00),
('99911122222', '20240816', 'ORD000028', 'EXE000028', '000008', '1', 54, 43513361.00),
('99911122222', '20240407', 'ORD000029', 'EXE000029', '000009', '1', 96, 2711253.00),
('99911122222', '20240706', 'ORD000030', 'EXE000030', '000010', '1', 64, 23474735.00),
('99911122222', '20240220', 'ORD000031', 'EXE000031', '000011', '1', 32, 40796063.00),
('99911122222', '20240204', 'ORD000032', 'EXE000032', '000012', '2', 93, 41217557.00),
('99911122222', '20240508', 'ORD000033', 'EXE000033', '000013', '2', 77, 27363385.00),
('99911122222', '20240527', 'ORD000034', 'EXE000034', '000014', '1', 74, 48802496.00),
('99911122222', '20240727', 'ORD000035', 'EXE000035', '000015', '2', 48, 19990780.00),
('99911122222', '20240408', 'ORD000036', 'EXE000036', '000016', '1', 41, 19688383.00),
('99911122222', '20240622', 'ORD000037', 'EXE000037', '000017', '1', 100, 43366573.00),
('99911122222', '20240827', 'ORD000038', 'EXE000038', '000018', '1', 48, 31783601.00),
('99911122222', '20240111', 'ORD000039', 'EXE000039', '000019', '2', 33, 230546.00),
('99911122222', '20240330', 'ORD000040', 'EXE000040', '000020', '2', 52, 24254373.00),
('99911122222', '20241011', 'ORD000041', 'EXE000041', '000001', '2', 2, 3685787.00),
('99911122222', '20240226', 'ORD000042', 'EXE000042', '000002', '1', 40, 2531097.00),
('99911122222', '20240115', 'ORD000043', 'EXE000043', '000003', '2', 70, 21738922.00),
('99911122222', '20240229', 'ORD000044', 'EXE000044', '000004', '1', 34, 42558998.00),
('99911122222', '20240222', 'ORD000045', 'EXE000045', '000005', '1', 63, 40663806.00),
('99911122222', '20240111', 'ORD000046', 'EXE000046', '000006', '1', 41, 23762651.00),
('99911122222', '20240610', 'ORD000047', 'EXE000047', '000007', '1', 27, 18662105.00),
('99911122222', '20240610', 'ORD000048', 'EXE000048', '000008', '2', 86, 35505594.00),
('99911122222', '20240106', 'ORD000049', 'EXE000049', '000009', '1', 41, 34713447.00),
('99911122222', '20240412', 'ORD000050', 'EXE000050', '000010', '2', 63, 28873402.00),
('99911122222', '20240116', 'ORD000051', 'EXE000051', '000011', '2', 82, 9083686.00),
('99911122222', '20240804', 'ORD000052', 'EXE000052', '000012', '2', 93, 29336205.00),
('99911122222', '20240111', 'ORD000053', 'EXE000053', '000013', '2', 74, 40652447.00),
('99911122222', '20240521', 'ORD000054', 'EXE000054', '000014', '1', 30, 47375039.00),
('99911122222', '20240426', 'ORD000055', 'EXE000055', '000015', '2', 46, 2814817.00),
('99911122222', '20240606', 'ORD000056', 'EXE000056', '000016', '2', 46, 5537788.00),
('99911122222', '20240908', 'ORD000057', 'EXE000057', '000017', '2', 31, 48251312.00),
('99911122222', '20240212', 'ORD000058', 'EXE000058', '000018', '1', 52, 13949039.00),
('99911122222', '20240102', 'ORD000059', 'EXE000059', '000019', '1', 22, 21802054.00),
('99911122222', '20241004', 'ORD000060', 'EXE000060', '000020', '1', 99, 9262153.00),
('99911122222', '20240907', 'ORD000061', 'EXE000061', '000001', '1', 13, 10153059.00),
('99911122222', '20240220', 'ORD000062', 'EXE000062', '000002', '1', 78, 21663030.00),
('99911122222', '20240705', 'ORD000063', 'EXE000063', '000003', '1', 80, 43941625.00),
('99911122222', '20240723', 'ORD000064', 'EXE000064', '000004', '1', 13, 2831887.00),
('99911122222', '20240615', 'ORD000065', 'EXE000065', '000005', '1', 66, 33696216.00),
('99911122222', '20240717', 'ORD000066', 'EXE000066', '000006', '2', 61, 30067627.00),
('99911122222', '20240126', 'ORD000067', 'EXE000067', '000007', '1', 69, 7047495.00),
('99911122222', '20240304', 'ORD000068', 'EXE000068', '000008', '2', 7, 6359874.00),
('99911122222', '20240830', 'ORD000069', 'EXE000069', '000009', '1', 54, 19428262.00),
('99911122222', '20240403', 'ORD000070', 'EXE000070', '000010', '1', 88, 31555739.00),
('99911122222', '20240319', 'ORD000071', 'EXE000071', '000011', '1', 30, 1155593.00),
('99911122222', '20240813', 'ORD000072', 'EXE000072', '000012', '2', 27, 5945132.00),
('99911122222', '20240111', 'ORD000073', 'EXE000073', '000013', '1', 100, 44193344.00),
('99911122222', '20240130', 'ORD000074', 'EXE000074', '000014', '1', 99, 11439616.00),
('99911122222', '20240807', 'ORD000075', 'EXE000075', '000015', '1', 89, 26680563.00),
('99911122222', '20240426', 'ORD000076', 'EXE000076', '000016', '2', 12, 34414478.00),
('99911122222', '20240616', 'ORD000077', 'EXE000077', '000017', '1', 72, 8368027.00),
('99911122222', '20240329', 'ORD000078', 'EXE000078', '000018', '1', 71, 1390819.00),
('99911122222', '20240728', 'ORD000079', 'EXE000079', '000019', '2', 51, 28747916.00),
('99911122222', '20240201', 'ORD000080', 'EXE000080', '000020', '2', 19, 22400569.00),
('99911122222', '20240504', 'ORD000081', 'EXE000081', '000001', '1', 73, 31552395.00),
('99911122222', '20240628', 'ORD000082', 'EXE000082', '000002', '2', 71, 24483432.00),
('99911122222', '20240823', 'ORD000083', 'EXE000083', '000003', '2', 73, 44869478.00),
('99911122222', '20240221', 'ORD000084', 'EXE000084', '000004', '2', 19, 32638967.00),
('99911122222', '20240202', 'ORD000085', 'EXE000085', '000005', '1', 76, 46934932.00),
('99911122222', '20240702', 'ORD000086', 'EXE000086', '000006', '2', 2, 36625172.00),
('99911122222', '20240618', 'ORD000087', 'EXE000087', '000007', '1', 4, 34217746.00),
('99911122222', '20240122', 'ORD000088', 'EXE000088', '000008', '1', 26, 13883419.00),
('99911122222', '20240405', 'ORD000089', 'EXE000089', '000009', '1', 43, 45610759.00),
('99911122222', '20240315', 'ORD000090', 'EXE000090', '000010', '2', 67, 14745989.00),
('99911122222', '20240727', 'ORD000091', 'EXE000091', '000011', '2', 58, 37121371.00),
('99911122222', '20240430', 'ORD000092', 'EXE000092', '000012', '1', 29, 10436351.00),
('99911122222', '20240920', 'ORD000093', 'EXE000093', '000013', '1', 41, 44145007.00),
('99911122222', '20240816', 'ORD000094', 'EXE000094', '000014', '1', 74, 8919374.00),
('99911122222', '20240323', 'ORD000095', 'EXE000095', '000015', '1', 11, 30074004.00),
('99911122222', '20240816', 'ORD000096', 'EXE000096', '000016', '1', 70, 22826494.00),
('99911122222', '20240301', 'ORD000097', 'EXE000097', '000017', '2', 70, 6616670.00),
('99911122222', '20240822', 'ORD000098', 'EXE000098', '000018', '1', 23, 27799073.00),
('99911122222', '20240615', 'ORD000099', 'EXE000099', '000019', '1', 68, 41384169.00),
('99911122222', '20240626', 'ORD000100', 'EXE000100', '000020', '1', 28, 38394036.00),
('99911122222', '20240519', 'ORD000101', 'EXE000101', '000001', '2', 27, 30966182.00),
('99911122222', '20240103', 'ORD000102', 'EXE000102', '000002', '2', 11, 12840846.00),
('99911122222', '20240113', 'ORD000103', 'EXE000103', '000003', '2', 63, 44689681.00),
('99911122222', '20240601', 'ORD000104', 'EXE000104', '000004', '1', 100, 20836707.00),
('99911122222', '20240725', 'ORD000105', 'EXE000105', '000005', '1', 48, 33015016.00),
('99911122222', '20240613', 'ORD000106', 'EXE000106', '000006', '2', 87, 29269091.00),
('99911122222', '20240422', 'ORD000107', 'EXE000107', '000007', '2', 89, 47449826.00),
('99911122222', '20240507', 'ORD000108', 'EXE000108', '000008', '1', 94, 42534668.00),
('99911122222', '20240417', 'ORD000109', 'EXE000109', '000009', '1', 71, 14385351.00),
('99911122222', '20240416', 'ORD000110', 'EXE000110', '000010', '1', 39, 37430498.00),
('99911122222', '20240719', 'ORD000111', 'EXE000111', '000011', '2', 73, 9638220.00),
('99911122222', '20240206', 'ORD000112', 'EXE000112', '000012', '1', 95, 33453100.00),
('99911122222', '20240512', 'ORD000113', 'EXE000113', '000013', '2', 9, 40721606.00),
('99911122222', '20240118', 'ORD000114', 'EXE000114', '000014', '1', 19, 21827401.00),
('99911122222', '20240612', 'ORD000115', 'EXE000115', '000015', '1', 90, 37856254.00),
('99911122222', '20240623', 'ORD000116', 'EXE000116', '000016', '1', 71, 15035696.00),
('99911122222', '20240815', 'ORD000117', 'EXE000117', '000017', '1', 53, 11870952.00),
('99911122222', '20240122', 'ORD000118', 'EXE000118', '000018', '1', 67, 1730556.00),
('99911122222', '20240809', 'ORD000119', 'EXE000119', '000019', '2', 39, 46847742.00),
('99911122222', '20240528', 'ORD000120', 'EXE000120', '000020', '2', 41, 34152371.00),
('99911122222', '20240401', 'ORD000121', 'EXE000121', '000001', '2', 45, 20437142.00),
('99911122222', '20240502', 'ORD000122', 'EXE000122', '000002', '1', 73, 46252743.00),
('99911122222', '20240623', 'ORD000123', 'EXE000123', '000003', '2', 82, 15463189.00),
('99911122222', '20240911', 'ORD000124', 'EXE000124', '000004', '1', 26, 34103074.00),
('99911122222', '20240306', 'ORD000125', 'EXE000125', '000005', '1', 28, 24679639.00),
('99911122222', '20240727', 'ORD000126', 'EXE000126', '000006', '2', 46, 11580974.00),
('99911122222', '20240816', 'ORD000127', 'EXE000127', '000007', '1', 10, 15980706.00),
('99911122222', '20240312', 'ORD000128', 'EXE000128', '000008', '1', 58, 3713273.00),
('99911122222', '20241014', 'ORD000129', 'EXE000129', '000009', '2', 64, 21799216.00),
('99911122222', '20240304', 'ORD000130', 'EXE000130', '000010', '2', 66, 48003160.00),
('99911122222', '20240307', 'ORD000131', 'EXE000131', '000011', '2', 1, 5564122.00),
('99911122222', '20240517', 'ORD000132', 'EXE000132', '000012', '1', 42, 5353407.00),
('99911122222', '20240819', 'ORD000133', 'EXE000133', '000013', '2', 44, 40058934.00),
('99911122222', '20241024', 'ORD000134', 'EXE000134', '000014', '2', 2, 637403.00),
('99911122222', '20240116', 'ORD000135', 'EXE000135', '000015', '1', 45, 15824027.00),
('99911122222', '20240904', 'ORD000136', 'EXE000136', '000016', '1', 17, 47920049.00),
('99911122222', '20240213', 'ORD000137', 'EXE000137', '000017', '1', 63, 12623536.00),
('99911122222', '20240529', 'ORD000138', 'EXE000138', '000018', '1', 23, 37975428.00),
('99911122222', '20240518', 'ORD000139', 'EXE000139', '000019', '2', 51, 32224357.00),
('99911122222', '20240903', 'ORD000140', 'EXE000140', '000020', '1', 73, 3728946.00),
('99911122222', '20240222', 'ORD000141', 'EXE000141', '000001', '1', 70, 9069567.00),
('99911122222', '20240923', 'ORD000142', 'EXE000142', '000002', '1', 12, 12034931.00),
('99911122222', '20240603', 'ORD000143', 'EXE000143', '000003', '1', 71, 40221404.00),
('99911122222', '20240405', 'ORD000144', 'EXE000144', '000004', '1', 60, 3357633.00),
('99911122222', '20240618', 'ORD000145', 'EXE000145', '000005', '1', 90, 43604587.00),
('99911122222', '20241017', 'ORD000146', 'EXE000146', '000006', '2', 7, 44455933.00),
('99911122222', '20240512', 'ORD000147', 'EXE000147', '000007', '2', 52, 43043536.00),
('99911122222', '20240510', 'ORD000148', 'EXE000148', '000008', '1', 82, 26408852.00),
('99911122222', '20241019', 'ORD000149', 'EXE000149', '000009', '1', 32, 17296398.00),
('99911122222', '20240504', 'ORD000150', 'EXE000150', '000010', '2', 31, 24353372.00),
('99911122222', '20240602', 'ORD000151', 'EXE000151', '000011', '2', 44, 36505392.00),
('99911122222', '20240717', 'ORD000152', 'EXE000152', '000012', '1', 1, 28370974.00),
('99911122222', '20240703', 'ORD000153', 'EXE000153', '000013', '1', 61, 42389823.00),
('99911122222', '20240813', 'ORD000154', 'EXE000154', '000014', '1', 17, 2335082.00),
('99911122222', '20240329', 'ORD000155', 'EXE000155', '000015', '2', 47, 39736974.00),
('99911122222', '20240118', 'ORD000156', 'EXE000156', '000016', '1', 20, 26954868.00),
('99911122222', '20240229', 'ORD000157', 'EXE000157', '000017', '2', 4, 40751123.00),
('99911122222', '20240215', 'ORD000158', 'EXE000158', '000018', '1', 50, 34466470.00),
('99911122222', '20240613', 'ORD000159', 'EXE000159', '000019', '2', 88, 37332934.00),
('99911122222', '20240227', 'ORD000160', 'EXE000160', '000020', '2', 28, 37160877.00),
('99911122222', '20240305', 'ORD000161', 'EXE000161', '000001', '1', 98, 49238149.00),
('99911122222', '20240208', 'ORD000162', 'EXE000162', '000002', '1', 46, 2154627.00),
('99911122222', '20240912', 'ORD000163', 'EXE000163', '000003', '1', 40, 16678717.00),
('99911122222', '20240201', 'ORD000164', 'EXE000164', '000004', '2', 52, 41700324.00),
('99911122222', '20241013', 'ORD000165', 'EXE000165', '000005', '2', 58, 6969624.00),
('99911122222', '20240815', 'ORD000166', 'EXE000166', '000006', '1', 58, 44996599.00),
('99911122222', '20241004', 'ORD000167', 'EXE000167', '000007', '2', 74, 25994663.00),
('99911122222', '20240724', 'ORD000168', 'EXE000168', '000008', '2', 8, 37922766.00),
('99911122222', '20240910', 'ORD000169', 'EXE000169', '000009', '1', 44, 7599301.00),
('99911122222', '20240518', 'ORD000170', 'EXE000170', '000010', '1', 67, 7117194.00),
('99911122222', '20240324', 'ORD000171', 'EXE000171', '000011', '2', 68, 3433929.00),
('99911122222', '20240922', 'ORD000172', 'EXE000172', '000012', '2', 100, 34249307.00),
('99911122222', '20240621', 'ORD000173', 'EXE000173', '000013', '1', 91, 8096891.00),
('99911122222', '20240127', 'ORD000174', 'EXE000174', '000014', '2', 27, 18149870.00),
('99911122222', '20241004', 'ORD000175', 'EXE000175', '000015', '2', 70, 38611424.00),
('99911122222', '20240421', 'ORD000176', 'EXE000176', '000016', '2', 61, 49381252.00),
('99911122222', '20240229', 'ORD000177', 'EXE000177', '000017', '2', 22, 12903170.00),
('99911122222', '20240823', 'ORD000178', 'EXE000178', '000018', '1', 77, 47253374.00),
('99911122222', '20240422', 'ORD000179', 'EXE000179', '000019', '2', 55, 38625790.00),
('99911122222', '20241009', 'ORD000180', 'EXE000180', '000020', '1', 88, 24669529.00),
('99911122222', '20240912', 'ORD000181', 'EXE000181', '000001', '1', 2, 20205273.00),
('99911122222', '20240903', 'ORD000182', 'EXE000182', '000002', '1', 5, 20730383.00),
('99911122222', '20240817', 'ORD000183', 'EXE000183', '000003', '1', 3, 26335726.00),
('99911122222', '20240528', 'ORD000184', 'EXE000184', '000004', '1', 87, 13920704.00),
('99911122222', '20240103', 'ORD000185', 'EXE000185', '000005', '2', 42, 32582392.00),
('99911122222', '20240809', 'ORD000186', 'EXE000186', '000006', '1', 78, 11881094.00),
('99911122222', '20240423', 'ORD000187', 'EXE000187', '000007', '2', 10, 10093167.00),
('99911122222', '20240907', 'ORD000188', 'EXE000188', '000008', '1', 27, 6791754.00),
('99911122222', '20240810', 'ORD000189', 'EXE000189', '000009', '1', 4, 5882040.00),
('99911122222', '20240116', 'ORD000190', 'EXE000190', '000010', '1', 18, 46801787.00),
('99911122222', '20241016', 'ORD000191', 'EXE000191', '000011', '1', 52, 41264021.00),
('99911122222', '20240513', 'ORD000192', 'EXE000192', '000012', '2', 65, 3355024.00),
('99911122222', '20240208', 'ORD000193', 'EXE000193', '000013', '1', 33, 15164062.00),
('99911122222', '20240205', 'ORD000194', 'EXE000194', '000014', '1', 99, 7853427.00),
('99911122222', '20240330', 'ORD000195', 'EXE000195', '000015', '2', 90, 35536582.00),
('99911122222', '20240724', 'ORD000196', 'EXE000196', '000016', '2', 84, 33268870.00),
('99911122222', '20240225', 'ORD000197', 'EXE000197', '000017', '1', 64, 15085071.00),
('99911122222', '20240926', 'ORD000198', 'EXE000198', '000018', '1', 13, 31638887.00),
('99911122222', '20240118', 'ORD000199', 'EXE000199', '000019', '2', 11, 6006249.00),
('99911122222', '20240127', 'ORD000200', 'EXE000200', '000020', '2', 55, 21430793.00),
('99911122222', '20240925', 'ORD000201', 'EXE000201', '000001', '2', 56, 35442999.00),
('99911122222', '20240526', 'ORD000202', 'EXE000202', '000002', '1', 49, 45344314.00),
('99911122222', '20240128', 'ORD000203', 'EXE000203', '000003', '2', 27, 37667114.00),
('99911122222', '20240401', 'ORD000204', 'EXE000204', '000004', '1', 26, 9075128.00),
('99911122222', '20240123', 'ORD000205', 'EXE000205', '000005', '2', 89, 29912773.00),
('99911122222', '20240302', 'ORD000206', 'EXE000206', '000006', '2', 24, 16766601.00),
('99911122222', '20240129', 'ORD000207', 'EXE000207', '000007', '2', 56, 3192406.00),
('99911122222', '20240610', 'ORD000208', 'EXE000208', '000008', '2', 86, 17580286.00),
('99911122222', '20240527', 'ORD000209', 'EXE000209', '000009', '2', 91, 39036269.00),
('99911122222', '20240911', 'ORD000210', 'EXE000210', '000010', '2', 21, 46223685.00),
('99911122222', '20241014', 'ORD000211', 'EXE000211', '000011', '2', 76, 23070022.00),
('99911122222', '20240103', 'ORD000212', 'EXE000212', '000012', '2', 84, 43985505.00),
('99911122222', '20240112', 'ORD000213', 'EXE000213', '000013', '1', 42, 49815457.00),
('99911122222', '20240618', 'ORD000214', 'EXE000214', '000014', '1', 20, 27628950.00),
('99911122222', '20240619', 'ORD000215', 'EXE000215', '000015', '1', 79, 23704175.00),
('99911122222', '20240816', 'ORD000216', 'EXE000216', '000016', '1', 12, 3095052.00),
('99911122222', '20240722', 'ORD000217', 'EXE000217', '000017', '1', 81, 22951866.00),
('99911122222', '20240507', 'ORD000218', 'EXE000218', '000018', '2', 8, 36666519.00),
('99911122222', '20240509', 'ORD000219', 'EXE000219', '000019', '2', 8, 30722360.00),
('99911122222', '20240102', 'ORD000220', 'EXE000220', '000020', '2', 100, 29051196.00),
('99911122222', '20240811', 'ORD000221', 'EXE000221', '000001', '2', 17, 8806276.00),
('99911122222', '20240408', 'ORD000222', 'EXE000222', '000002', '1', 12, 24725239.00),
('99911122222', '20240126', 'ORD000223', 'EXE000223', '000003', '1', 75, 32048272.00),
('99911122222', '20240411', 'ORD000224', 'EXE000224', '000004', '1', 95, 24138040.00),
('99911122222', '20240322', 'ORD000225', 'EXE000225', '000005', '2', 93, 11213945.00),
('99911122222', '20240513', 'ORD000226', 'EXE000226', '000006', '1', 99, 42833334.00),
('99911122222', '20240728', 'ORD000227', 'EXE000227', '000007', '2', 94, 45980237.00),
('99911122222', '20240221', 'ORD000228', 'EXE000228', '000008', '1', 5, 28485054.00),
('99911122222', '20240812', 'ORD000229', 'EXE000229', '000009', '1', 43, 36665901.00),
('99911122222', '20240401', 'ORD000230', 'EXE000230', '000010', '1', 69, 1327214.00),
('99911122222', '20240424', 'ORD000231', 'EXE000231', '000011', '2', 26, 32541366.00),
('99911122222', '20240418', 'ORD000232', 'EXE000232', '000012', '1', 10, 1810953.00),
('99911122222', '20240610', 'ORD000233', 'EXE000233', '000013', '2', 31, 23922125.00),
('99911122222', '20240817', 'ORD000234', 'EXE000234', '000014', '2', 94, 49675810.00),
('99911122222', '20240131', 'ORD000235', 'EXE000235', '000015', '2', 49, 13171706.00),
('99911122222', '20240105', 'ORD000236', 'EXE000236', '000016', '1', 69, 33630168.00),
('99911122222', '20240121', 'ORD000237', 'EXE000237', '000017', '1', 30, 30764368.00),
('99911122222', '20240319', 'ORD000238', 'EXE000238', '000018', '2', 43, 31946584.00),
('99911122222', '20240801', 'ORD000239', 'EXE000239', '000019', '1', 91, 38256913.00),
('99911122222', '20240131', 'ORD000240', 'EXE000240', '000020', '1', 51, 47563714.00),
('99911122222', '20240222', 'ORD000241', 'EXE000241', '000001', '1', 87, 39327248.00),
('99911122222', '20240914', 'ORD000242', 'EXE000242', '000002', '1', 53, 46961347.00),
('99911122222', '20240518', 'ORD000243', 'EXE000243', '000003', '1', 35, 17084915.00),
('99911122222', '20240117', 'ORD000244', 'EXE000244', '000004', '1', 56, 28317811.00),
('99911122222', '20240219', 'ORD000245', 'EXE000245', '000005', '1', 18, 34992222.00),
('99911122222', '20240303', 'ORD000246', 'EXE000246', '000006', '1', 83, 49649959.00),
('99911122222', '20240126', 'ORD000247', 'EXE000247', '000007', '2', 1, 18499831.00),
('99911122222', '20240625', 'ORD000248', 'EXE000248', '000008', '1', 26, 35390708.00),
('99911122222', '20240217', 'ORD000249', 'EXE000249', '000009', '2', 79, 20458683.00),
('99911122222', '20240103', 'ORD000250', 'EXE000250', '000010', '2', 6, 12697645.00),
('99911122222', '20240721', 'ORD000251', 'EXE000251', '000011', '2', 28, 13434410.00),
('99911122222', '20240629', 'ORD000252', 'EXE000252', '000012', '1', 64, 12260271.00),
('99911122222', '20240614', 'ORD000253', 'EXE000253', '000013', '2', 84, 41844102.00),
('99911122222', '20240821', 'ORD000254', 'EXE000254', '000014', '1', 89, 20101450.00),
('99911122222', '20240708', 'ORD000255', 'EXE000255', '000015', '1', 10, 945238.00),
('99911122222', '20240715', 'ORD000256', 'EXE000256', '000016', '1', 82, 47109790.00),
('99911122222', '20240112', 'ORD000257', 'EXE000257', '000017', '2', 9, 28650653.00),
('99911122222', '20240505', 'ORD000258', 'EXE000258', '000018', '2', 15, 14850989.00),
('99911122222', '20241022', 'ORD000259', 'EXE000259', '000019', '2', 16, 36409682.00),
('99911122222', '20240724', 'ORD000260', 'EXE000260', '000020', '1', 73, 32505141.00),
('99911122222', '20240525', 'ORD000261', 'EXE000261', '000001', '1', 25, 28398130.00),
('99911122222', '20240913', 'ORD000262', 'EXE000262', '000002', '1', 71, 22214704.00),
('99911122222', '20240209', 'ORD000263', 'EXE000263', '000003', '1', 12, 40327221.00),
('99911122222', '20240720', 'ORD000264', 'EXE000264', '000004', '1', 94, 12210459.00),
('99911122222', '20241015', 'ORD000265', 'EXE000265', '000005', '2', 85, 20651080.00),
('99911122222', '20240626', 'ORD000266', 'EXE000266', '000006', '2', 77, 49748429.00),
('99911122222', '20240601', 'ORD000267', 'EXE000267', '000007', '1', 45, 11721624.00),
('99911122222', '20240617', 'ORD000268', 'EXE000268', '000008', '2', 31, 132311.00),
('99911122222', '20240616', 'ORD000269', 'EXE000269', '000009', '2', 31, 10402729.00),
('99911122222', '20240828', 'ORD000270', 'EXE000270', '000010', '2', 27, 6371872.00),
('99911122222', '20240917', 'ORD000271', 'EXE000271', '000011', '2', 19, 42253457.00),
('99911122222', '20240821', 'ORD000272', 'EXE000272', '000012', '1', 14, 26486476.00),
('99911122222', '20240518', 'ORD000273', 'EXE000273', '000013', '1', 38, 49742968.00),
('99911122222', '20240105', 'ORD000274', 'EXE000274', '000014', '2', 27, 37902609.00),
('99911122222', '20240925', 'ORD000275', 'EXE000275', '000015', '2', 90, 36456080.00),
('99911122222', '20240719', 'ORD000276', 'EXE000276', '000016', '1', 92, 33612195.00),
('99911122222', '20240202', 'ORD000277', 'EXE000277', '000017', '2', 90, 32068960.00),
('99911122222', '20240517', 'ORD000278', 'EXE000278', '000018', '1', 51, 36504630.00),
('99911122222', '20240913', 'ORD000279', 'EXE000279', '000019', '1', 25, 43861762.00),
('99911122222', '20241024', 'ORD000280', 'EXE000280', '000020', '1', 1, 40983738.00),
('99911122222', '20240131', 'ORD000281', 'EXE000281', '000001', '2', 26, 37068907.00),
('99911122222', '20240604', 'ORD000282', 'EXE000282', '000002', '2', 88, 36889880.00),
('99911122222', '20240213', 'ORD000283', 'EXE000283', '000003', '1', 72, 1769904.00),
('99911122222', '20240223', 'ORD000284', 'EXE000284', '000004', '2', 78, 12047482.00),
('99911122222', '20240204', 'ORD000285', 'EXE000285', '000005', '1', 34, 22706332.00),
('99911122222', '20240419', 'ORD000286', 'EXE000286', '000006', '1', 53, 8372185.00),
('99911122222', '20240321', 'ORD000287', 'EXE000287', '000007', '2', 36, 30883048.00),
('99911122222', '20240611', 'ORD000288', 'EXE000288', '000008', '2', 5, 12817254.00),
('99911122222', '20240827', 'ORD000289', 'EXE000289', '000009', '2', 63, 25368776.00),
('99911122222', '20240601', 'ORD000290', 'EXE000290', '000010', '2', 29, 9212919.00),
('99911122222', '20240404', 'ORD000291', 'EXE000291', '000011', '1', 20, 36673196.00),
('99911122222', '20240922', 'ORD000292', 'EXE000292', '000012', '1', 39, 5290416.00),
('99911122222', '20240412', 'ORD000293', 'EXE000293', '000013', '2', 93, 196210.00),
('99911122222', '20240421', 'ORD000294', 'EXE000294', '000014', '2', 89, 46113205.00),
('99911122222', '20240405', 'ORD000295', 'EXE000295', '000015', '1', 36, 28304356.00),
('99911122222', '20240717', 'ORD000296', 'EXE000296', '000016', '1', 10, 41029321.00),
('99911122222', '20240225', 'ORD000297', 'EXE000297', '000017', '2', 83, 21582361.00),
('99911122222', '20240701', 'ORD000298', 'EXE000298', '000018', '2', 15, 4071271.00),
('99911122222', '20241023', 'ORD000299', 'EXE000299', '000019', '1', 23, 41825247.00),
('99911122222', '20240106', 'ORD000300', 'EXE000300', '000020', '2', 29, 25704816.00),
('99911122222', '20240424', 'ORD000301', 'EXE000301', '000001', '2', 7, 30262826.00),
('99911122222', '20240812', 'ORD000302', 'EXE000302', '000002', '1', 74, 14492079.00),
('99911122222', '20240416', 'ORD000303', 'EXE000303', '000003', '2', 6, 8038979.00),
('99911122222', '20240817', 'ORD000304', 'EXE000304', '000004', '2', 51, 14454248.00),
('99911122222', '20240219', 'ORD000305', 'EXE000305', '000005', '2', 9, 34644838.00),
('99911122222', '20240115', 'ORD000306', 'EXE000306', '000006', '2', 82, 8729361.00),
('99911122222', '20240607', 'ORD000307', 'EXE000307', '000007', '1', 3, 38463552.00),
('99911122222', '20240614', 'ORD000308', 'EXE000308', '000008', '1', 13, 20395888.00),
('99911122222', '20240103', 'ORD000309', 'EXE000309', '000009', '2', 69, 5889054.00),
('99911122222', '20240202', 'ORD000310', 'EXE000310', '000010', '2', 36, 21101340.00),
('99911122222', '20240601', 'ORD000311', 'EXE000311', '000011', '1', 91, 5007956.00),
('99911122222', '20240229', 'ORD000312', 'EXE000312', '000012', '1', 72, 26724570.00),
('99911122222', '20240323', 'ORD000313', 'EXE000313', '000013', '2', 11, 25827121.00),
('99911122222', '20240504', 'ORD000314', 'EXE000314', '000014', '2', 77, 48754091.00),
('99911122222', '20241024', 'ORD000315', 'EXE000315', '000015', '1', 94, 36375744.00),
('99911122222', '20240321', 'ORD000316', 'EXE000316', '000016', '2', 54, 26105948.00),
('99911122222', '20240519', 'ORD000317', 'EXE000317', '000017', '1', 64, 4328336.00),
('99911122222', '20240302', 'ORD000318', 'EXE000318', '000018', '1', 24, 32679697.00),
('99911122222', '20240927', 'ORD000319', 'EXE000319', '000019', '2', 81, 6663024.00),
('99911122222', '20240515', 'ORD000320', 'EXE000320', '000020', '1', 17, 13904902.00),
('99911122222', '20241011', 'ORD000321', 'EXE000321', '000001', '2', 8, 44318960.00),
('99911122222', '20241017', 'ORD000322', 'EXE000322', '000002', '2', 62, 32967729.00),
('99911122222', '20240509', 'ORD000323', 'EXE000323', '000003', '1', 60, 45549151.00),
('99911122222', '20240227', 'ORD000324', 'EXE000324', '000004', '1', 19, 4117499.00),
('99911122222', '20241026', 'ORD000325', 'EXE000325', '000005', '1', 23, 10180917.00),
('99911122222', '20240119', 'ORD000326', 'EXE000326', '000006', '1', 27, 8557471.00),
('99911122222', '20240114', 'ORD000327', 'EXE000327', '000007', '2', 54, 14722761.00),
('99911122222', '20240611', 'ORD000328', 'EXE000328', '000008', '2', 90, 9439298.00),
('99911122222', '20240827', 'ORD000329', 'EXE000329', '000009', '1', 55, 3652502.00),
('99911122222', '20240314', 'ORD000330', 'EXE000330', '000010', '1', 76, 28195673.00),
('99911122222', '20240423', 'ORD000331', 'EXE000331', '000011', '1', 26, 35096717.00),
('99911122222', '20240309', 'ORD000332', 'EXE000332', '000012', '2', 28, 6641896.00),
('99911122222', '20240214', 'ORD000333', 'EXE000333', '000013', '1', 84, 15581640.00),
('99911122222', '20240830', 'ORD000334', 'EXE000334', '000014', '1', 95, 13444518.00),
('99911122222', '20240408', 'ORD000335', 'EXE000335', '000015', '2', 25, 1925362.00),
('99911122222', '20240610', 'ORD000336', 'EXE000336', '000016', '2', 13, 38925416.00),
('99911122222', '20240519', 'ORD000337', 'EXE000337', '000017', '2', 68, 46360343.00),
('99911122222', '20240227', 'ORD000338', 'EXE000338', '000018', '2', 87, 44268984.00),
('99911122222', '20240831', 'ORD000339', 'EXE000339', '000019', '1', 61, 24313514.00),
('99911122222', '20240616', 'ORD000340', 'EXE000340', '000020', '2', 84, 38035678.00),
('99911122222', '20240609', 'ORD000341', 'EXE000341', '000001', '1', 66, 24833051.00),
('99911122222', '20240603', 'ORD000342', 'EXE000342', '000002', '2', 75, 28520110.00),
('99911122222', '20240214', 'ORD000343', 'EXE000343', '000003', '2', 28, 1945474.00),
('99911122222', '20240426', 'ORD000344', 'EXE000344', '000004', '1', 45, 39386560.00),
('99911122222', '20240111', 'ORD000345', 'EXE000345', '000005', '2', 85, 10636312.00),
('99911122222', '20240211', 'ORD000346', 'EXE000346', '000006', '1', 28, 4511372.00),
('99911122222', '20240413', 'ORD000347', 'EXE000347', '000007', '1', 91, 21186570.00),
('99911122222', '20241004', 'ORD000348', 'EXE000348', '000008', '2', 83, 46424537.00),
('99911122222', '20240412', 'ORD000349', 'EXE000349', '000009', '2', 41, 30982554.00),
('99911122222', '20240628', 'ORD000350', 'EXE000350', '000010', '2', 99, 37987213.00),
('99911122222', '20240514', 'ORD000351', 'EXE000351', '000011', '2', 82, 19207577.00),
('99911122222', '20240119', 'ORD000352', 'EXE000352', '000012', '2', 26, 4301736.00),
('99911122222', '20240403', 'ORD000353', 'EXE000353', '000013', '1', 20, 2576311.00),
('99911122222', '20241021', 'ORD000354', 'EXE000354', '000014', '1', 53, 24608441.00),
('99911122222', '20240827', 'ORD000355', 'EXE000355', '000015', '1', 26, 26559555.00),
('99911122222', '20240209', 'ORD000356', 'EXE000356', '000016', '2', 51, 7816746.00),
('99911122222', '20240620', 'ORD000357', 'EXE000357', '000017', '1', 81, 25910884.00),
('99911122222', '20240503', 'ORD000358', 'EXE000358', '000018', '1', 18, 29737987.00),
('99911122222', '20241008', 'ORD000359', 'EXE000359', '000019', '2', 21, 18156491.00),
('99911122222', '20240524', 'ORD000360', 'EXE000360', '000020', '2', 74, 6845745.00),
('99911122222', '20241020', 'ORD000361', 'EXE000361', '000001', '2', 22, 23564678.00),
('99911122222', '20240711', 'ORD000362', 'EXE000362', '000002', '2', 85, 7013505.00),
('99911122222', '20240327', 'ORD000363', 'EXE000363', '000003', '2', 55, 26100204.00),
('99911122222', '20240803', 'ORD000364', 'EXE000364', '000004', '2', 55, 21017340.00),
('99911122222', '20240923', 'ORD000365', 'EXE000365', '000005', '2', 54, 17313701.00),
('99911122222', '20240123', 'ORD000366', 'EXE000366', '000006', '2', 30, 19236257.00),
('99911122222', '20240706', 'ORD000367', 'EXE000367', '000007', '1', 66, 20304133.00),
('99911122222', '20240429', 'ORD000368', 'EXE000368', '000008', '2', 17, 40290357.00),
('99911122222', '20240809', 'ORD000369', 'EXE000369', '000009', '2', 69, 47843454.00),
('99911122222', '20240618', 'ORD000370', 'EXE000370', '000010', '1', 91, 48633194.00),
('99911122222', '20240607', 'ORD000371', 'EXE000371', '000011', '2', 78, 47310543.00),
('99911122222', '20240914', 'ORD000372', 'EXE000372', '000012', '1', 9, 37793382.00),
('99911122222', '20240211', 'ORD000373', 'EXE000373', '000013', '2', 77, 35607378.00),
('99911122222', '20240906', 'ORD000374', 'EXE000374', '000014', '2', 39, 4823361.00),
('99911122222', '20240805', 'ORD000375', 'EXE000375', '000015', '2', 89, 16941445.00),
('99911122222', '20241009', 'ORD000376', 'EXE000376', '000016', '1', 73, 22930549.00),
('99911122222', '20241027', 'ORD000377', 'EXE000377', '000017', '2', 67, 40861191.00),
('99911122222', '20241004', 'ORD000378', 'EXE000378', '000018', '1', 5, 13835441.00),
('99911122222', '20240320', 'ORD000379', 'EXE000379', '000019', '2', 15, 26322261.00),
('99911122222', '20240508', 'ORD000380', 'EXE000380', '000020', '2', 41, 21583096.00),
('99911122222', '20240203', 'ORD000381', 'EXE000381', '000001', '2', 9, 34476042.00),
('99911122222', '20240919', 'ORD000382', 'EXE000382', '000002', '1', 27, 43754972.00),
('99911122222', '20241008', 'ORD000383', 'EXE000383', '000003', '1', 65, 17638933.00),
('99911122222', '20240413', 'ORD000384', 'EXE000384', '000004', '1', 7, 45413704.00),
('99911122222', '20240329', 'ORD000385', 'EXE000385', '000005', '2', 39, 48595582.00),
('99911122222', '20240630', 'ORD000386', 'EXE000386', '000006', '1', 94, 30475929.00),
('99911122222', '20240719', 'ORD000387', 'EXE000387', '000007', '1', 1, 17890447.00),
('99911122222', '20240704', 'ORD000388', 'EXE000388', '000008', '1', 48, 5639054.00),
('99911122222', '20240301', 'ORD000389', 'EXE000389', '000009', '1', 59, 15072802.00),
('99911122222', '20240530', 'ORD000390', 'EXE000390', '000010', '2', 6, 48313248.00),
('99911122222', '20240418', 'ORD000391', 'EXE000391', '000011', '2', 84, 2242346.00),
('99911122222', '20240507', 'ORD000392', 'EXE000392', '000012', '2', 12, 34397478.00),
('99911122222', '20240812', 'ORD000393', 'EXE000393', '000013', '1', 91, 39815774.00),
('99911122222', '20240720', 'ORD000394', 'EXE000394', '000014', '2', 30, 1240122.00),
('99911122222', '20240610', 'ORD000395', 'EXE000395', '000015', '1', 90, 5813438.00),
('99911122222', '20240816', 'ORD000396', 'EXE000396', '000016', '1', 84, 15704530.00),
('99911122222', '20240124', 'ORD000397', 'EXE000397', '000017', '1', 33, 37122073.00),
('99911122222', '20240922', 'ORD000398', 'EXE000398', '000018', '1', 10, 2381097.00),
('99911122222', '20240522', 'ORD000399', 'EXE000399', '000019', '2', 32, 15525608.00),
('99911122222', '20240730', 'ORD000400', 'EXE000400', '000020', '1', 6, 18400555.00),
('99911122222', '20240605', 'ORD000401', 'EXE000401', '000001', '1', 34, 36079698.00),
('99911122222', '20240405', 'ORD000402', 'EXE000402', '000002', '1', 77, 48902865.00),
('99911122222', '20240626', 'ORD000403', 'EXE000403', '000003', '2', 47, 6712243.00),
('99911122222', '20240314', 'ORD000404', 'EXE000404', '000004', '2', 40, 23064804.00),
('99911122222', '20240616', 'ORD000405', 'EXE000405', '000005', '2', 10, 42050664.00),
('99911122222', '20240227', 'ORD000406', 'EXE000406', '000006', '1', 5, 32033303.00),
('99911122222', '20240410', 'ORD000407', 'EXE000407', '000007', '1', 74, 34393682.00),
('99911122222', '20240714', 'ORD000408', 'EXE000408', '000008', '2', 15, 1937237.00),
('99911122222', '20241007', 'ORD000409', 'EXE000409', '000009', '1', 44, 21255183.00),
('99911122222', '20240306', 'ORD000410', 'EXE000410', '000010', '1', 56, 21254282.00),
('99911122222', '20240415', 'ORD000411', 'EXE000411', '000011', '2', 77, 45631104.00),
('99911122222', '20240522', 'ORD000412', 'EXE000412', '000012', '2', 11, 42908890.00),
('99911122222', '20240627', 'ORD000413', 'EXE000413', '000013', '1', 77, 7359231.00),
('99911122222', '20240420', 'ORD000414', 'EXE000414', '000014', '2', 93, 15816765.00),
('99911122222', '20241008', 'ORD000415', 'EXE000415', '000015', '2', 82, 39156815.00),
('99911122222', '20240206', 'ORD000416', 'EXE000416', '000016', '1', 48, 37542309.00),
('99911122222', '20240219', 'ORD000417', 'EXE000417', '000017', '1', 67, 8659884.00),
('99911122222', '20240730', 'ORD000418', 'EXE000418', '000018', '2', 6, 36144549.00),
('99911122222', '20241001', 'ORD000419', 'EXE000419', '000019', '2', 80, 47536429.00),
('99911122222', '20240216', 'ORD000420', 'EXE000420', '000020', '2', 18, 15621394.00),
('99911122222', '20240209', 'ORD000421', 'EXE000421', '000001', '2', 12, 25176025.00),
('99911122222', '20240720', 'ORD000422', 'EXE000422', '000002', '2', 34, 43867000.00),
('99911122222', '20240520', 'ORD000423', 'EXE000423', '000003', '1', 18, 26260106.00),
('99911122222', '20240708', 'ORD000424', 'EXE000424', '000004', '2', 96, 38595211.00),
('99911122222', '20240913', 'ORD000425', 'EXE000425', '000005', '2', 14, 7582158.00),
('99911122222', '20240717', 'ORD000426', 'EXE000426', '000006', '1', 93, 23719195.00),
('99911122222', '20240628', 'ORD000427', 'EXE000427', '000007', '1', 85, 27136640.00),
('99911122222', '20240222', 'ORD000428', 'EXE000428', '000008', '1', 14, 28653356.00),
('99911122222', '20240810', 'ORD000429', 'EXE000429', '000009', '1', 34, 1327063.00),
('99911122222', '20240808', 'ORD000430', 'EXE000430', '000010', '2', 5, 30219119.00),
('99911122222', '20240404', 'ORD000431', 'EXE000431', '000011', '2', 15, 29726374.00),
('99911122222', '20240713', 'ORD000432', 'EXE000432', '000012', '2', 56, 47024066.00),
('99911122222', '20240723', 'ORD000433', 'EXE000433', '000013', '1', 97, 13093389.00),
('99911122222', '20240724', 'ORD000434', 'EXE000434', '000014', '1', 68, 21709071.00),
('99911122222', '20240830', 'ORD000435', 'EXE000435', '000015', '2', 13, 23955477.00),
('99911122222', '20240615', 'ORD000436', 'EXE000436', '000016', '2', 45, 34006954.00),
('99911122222', '20240824', 'ORD000437', 'EXE000437', '000017', '2', 80, 5260577.00),
('99911122222', '20240101', 'ORD000438', 'EXE000438', '000018', '1', 30, 3332257.00),
('99911122222', '20240503', 'ORD000439', 'EXE000439', '000019', '2', 99, 23459248.00),
('99911122222', '20240107', 'ORD000440', 'EXE000440', '000020', '1', 28, 32351643.00),
('99911122222', '20240320', 'ORD000441', 'EXE000441', '000001', '1', 99, 4502857.00),
('99911122222', '20240507', 'ORD000442', 'EXE000442', '000002', '2', 72, 44146945.00),
('99911122222', '20240505', 'ORD000443', 'EXE000443', '000003', '1', 69, 38633660.00),
('99911122222', '20240815', 'ORD000444', 'EXE000444', '000004', '1', 43, 8826140.00),
('99911122222', '20240512', 'ORD000445', 'EXE000445', '000005', '2', 32, 43650116.00),
('99911122222', '20240828', 'ORD000446', 'EXE000446', '000006', '2', 78, 40515604.00),
('99911122222', '20240924', 'ORD000447', 'EXE000447', '000007', '2', 85, 38378811.00),
('99911122222', '20240629', 'ORD000448', 'EXE000448', '000008', '2', 74, 12728543.00),
('99911122222', '20240125', 'ORD000449', 'EXE000449', '000009', '1', 46, 20917254.00),
('99911122222', '20240206', 'ORD000450', 'EXE000450', '000010', '2', 34, 27479072.00),
('99911122222', '20240128', 'ORD000451', 'EXE000451', '000011', '2', 1, 21201812.00),
('99911122222', '20240425', 'ORD000452', 'EXE000452', '000012', '1', 97, 3894354.00),
('99911122222', '20240712', 'ORD000453', 'EXE000453', '000013', '1', 45, 40605332.00),
('99911122222', '20240617', 'ORD000454', 'EXE000454', '000014', '2', 73, 45023730.00),
('99911122222', '20240527', 'ORD000455', 'EXE000455', '000015', '1', 41, 23999867.00),
('99911122222', '20241021', 'ORD000456', 'EXE000456', '000016', '1', 1, 35430050.00),
('99911122222', '20240904', 'ORD000457', 'EXE000457', '000017', '1', 64, 8389635.00),
('99911122222', '20240511', 'ORD000458', 'EXE000458', '000018', '1', 76, 26554688.00),
('99911122222', '20240207', 'ORD000459', 'EXE000459', '000019', '2', 8, 8644632.00),
('99911122222', '20240223', 'ORD000460', 'EXE000460', '000020', '1', 81, 31922573.00),
('99911122222', '20240520', 'ORD000461', 'EXE000461', '000001', '2', 96, 29980162.00),
('99911122222', '20240829', 'ORD000462', 'EXE000462', '000002', '2', 24, 19371903.00),
('99911122222', '20240120', 'ORD000463', 'EXE000463', '000003', '1', 99, 13186416.00),
('99911122222', '20240703', 'ORD000464', 'EXE000464', '000004', '1', 5, 39975476.00),
('99911122222', '20240107', 'ORD000465', 'EXE000465', '000005', '1', 65, 13908196.00),
('99911122222', '20240424', 'ORD000466', 'EXE000466', '000006', '1', 47, 12953151.00),
('99911122222', '20240119', 'ORD000467', 'EXE000467', '000007', '2', 58, 40781792.00),
('99911122222', '20240315', 'ORD000468', 'EXE000468', '000008', '2', 83, 28408052.00),
('99911122222', '20240419', 'ORD000469', 'EXE000469', '000009', '2', 21, 31998053.00),
('99911122222', '20240419', 'ORD000470', 'EXE000470', '000010', '2', 73, 48186758.00),
('99911122222', '20240219', 'ORD000471', 'EXE000471', '000011', '2', 82, 47865728.00),
('99911122222', '20240628', 'ORD000472', 'EXE000472', '000012', '2', 86, 25495012.00),
('99911122222', '20240128', 'ORD000473', 'EXE000473', '000013', '2', 24, 35030928.00),
('99911122222', '20240608', 'ORD000474', 'EXE000474', '000014', '1', 71, 7510926.00),
('99911122222', '20240723', 'ORD000475', 'EXE000475', '000015', '2', 71, 37887616.00),
('99911122222', '20240612', 'ORD000476', 'EXE000476', '000016', '1', 52, 46821853.00),
('99911122222', '20241004', 'ORD000477', 'EXE000477', '000017', '2', 50, 12521870.00),
('99911122222', '20241017', 'ORD000478', 'EXE000478', '000018', '2', 74, 46390756.00),
('99911122222', '20240727', 'ORD000479', 'EXE000479', '000019', '1', 98, 14139005.00),
('99911122222', '20240808', 'ORD000480', 'EXE000480', '000020', '2', 91, 21751117.00),
('99911122222', '20240331', 'ORD000481', 'EXE000481', '000001', '2', 48, 34561019.00),
('99911122222', '20240320', 'ORD000482', 'EXE000482', '000002', '2', 16, 47968108.00),
('99911122222', '20240610', 'ORD000483', 'EXE000483', '000003', '2', 68, 29441727.00),
('99911122222', '20240105', 'ORD000484', 'EXE000484', '000004', '2', 96, 10105762.00),
('99911122222', '20240401', 'ORD000485', 'EXE000485', '000005', '1', 63, 14069252.00),
('99911122222', '20241023', 'ORD000486', 'EXE000486', '000006', '1', 91, 41691002.00),
('99911122222', '20240708', 'ORD000487', 'EXE000487', '000007', '2', 69, 15463363.00),
('99911122222', '20240211', 'ORD000488', 'EXE000488', '000008', '1', 13, 5225988.00),
('99911122222', '20241005', 'ORD000489', 'EXE000489', '000009', '2', 49, 10154899.00),
('99911122222', '20240324', 'ORD000490', 'EXE000490', '000010', '1', 57, 33725682.00),
('99911122222', '20240210', 'ORD000491', 'EXE000491', '000011', '1', 85, 7959998.00),
('99911122222', '20240609', 'ORD000492', 'EXE000492', '000012', '2', 55, 32939163.00),
('99911122222', '20240924', 'ORD000493', 'EXE000493', '000013', '1', 26, 44637817.00),
('99911122222', '20240205', 'ORD000494', 'EXE000494', '000014', '1', 9, 36641589.00),
('99911122222', '20241003', 'ORD000495', 'EXE000495', '000015', '1', 73, 4065775.00),
('99911122222', '20240303', 'ORD000496', 'EXE000496', '000016', '2', 36, 5922684.00),
('99911122222', '20240207', 'ORD000497', 'EXE000497', '000017', '2', 14, 20962171.00),
('99911122222', '20240423', 'ORD000498', 'EXE000498', '000018', '1', 99, 36278160.00),
('99911122222', '20240427', 'ORD000499', 'EXE000499', '000019', '1', 42, 14440095.00),
('99911122222', '20240827', 'ORD000500', 'EXE000500', '000020', '2', 43, 31705022.00),
('99911122222', '20240916', 'ORD000501', 'EXE000501', '000001', '1', 31, 20487111.00),
('99911122222', '20240621', 'ORD000502', 'EXE000502', '000002', '1', 12, 30409291.00),
('99911122222', '20240817', 'ORD000503', 'EXE000503', '000003', '1', 59, 20301335.00),
('99911122222', '20240529', 'ORD000504', 'EXE000504', '000004', '2', 4, 34990337.00),
('99911122222', '20240721', 'ORD000505', 'EXE000505', '000005', '2', 66, 45085065.00),
('99911122222', '20240530', 'ORD000506', 'EXE000506', '000006', '1', 41, 6907230.00),
('99911122222', '20240326', 'ORD000507', 'EXE000507', '000007', '2', 7, 10772649.00),
('99911122222', '20240806', 'ORD000508', 'EXE000508', '000008', '2', 28, 41158672.00),
('99911122222', '20240506', 'ORD000509', 'EXE000509', '000009', '2', 52, 770476.00),
('99911122222', '20240819', 'ORD000510', 'EXE000510', '000010', '2', 20, 47816864.00),
('99911122222', '20240715', 'ORD000511', 'EXE000511', '000011', '2', 43, 26108974.00),
('99911122222', '20240222', 'ORD000512', 'EXE000512', '000012', '2', 47, 5525771.00),
('99911122222', '20240829', 'ORD000513', 'EXE000513', '000013', '1', 35, 33822750.00),
('99911122222', '20241002', 'ORD000514', 'EXE000514', '000014', '2', 56, 27190788.00),
('99911122222', '20240913', 'ORD000515', 'EXE000515', '000015', '2', 23, 40989056.00),
('99911122222', '20240222', 'ORD000516', 'EXE000516', '000016', '2', 50, 2092704.00),
('99911122222', '20240815', 'ORD000517', 'EXE000517', '000017', '1', 84, 17868836.00),
('99911122222', '20240618', 'ORD000518', 'EXE000518', '000018', '2', 26, 14858774.00),
('99911122222', '20240523', 'ORD000519', 'EXE000519', '000019', '1', 15, 19522863.00),
('99911122222', '20240427', 'ORD000520', 'EXE000520', '000020', '2', 14, 31144313.00),
('99911122222', '20240316', 'ORD000521', 'EXE000521', '000001', '1', 52, 19689089.00),
('99911122222', '20240926', 'ORD000522', 'EXE000522', '000002', '1', 40, 10329863.00),
('99911122222', '20240612', 'ORD000523', 'EXE000523', '000003', '2', 49, 14006845.00),
('99911122222', '20240228', 'ORD000524', 'EXE000524', '000004', '2', 55, 36844724.00),
('99911122222', '20240612', 'ORD000525', 'EXE000525', '000005', '1', 86, 25898544.00),
('99911122222', '20241011', 'ORD000526', 'EXE000526', '000006', '1', 36, 7166833.00),
('99911122222', '20240423', 'ORD000527', 'EXE000527', '000007', '2', 86, 2218834.00),
('99911122222', '20240114', 'ORD000528', 'EXE000528', '000008', '1', 75, 10846218.00),
('99911122222', '20240203', 'ORD000529', 'EXE000529', '000009', '2', 4, 46265216.00),
('99911122222', '20240301', 'ORD000530', 'EXE000530', '000010', '1', 96, 2797826.00),
('99911122222', '20240106', 'ORD000531', 'EXE000531', '000011', '1', 26, 24918168.00),
('99911122222', '20240404', 'ORD000532', 'EXE000532', '000012', '1', 11, 25842565.00),
('99911122222', '20240122', 'ORD000533', 'EXE000533', '000013', '2', 23, 31586886.00),
('99911122222', '20240610', 'ORD000534', 'EXE000534', '000014', '1', 70, 13945044.00),
('99911122222', '20240707', 'ORD000535', 'EXE000535', '000015', '2', 24, 42629101.00),
('99911122222', '20240928', 'ORD000536', 'EXE000536', '000016', '1', 37, 6797166.00),
('99911122222', '20240419', 'ORD000537', 'EXE000537', '000017', '2', 59, 5954711.00),
('99911122222', '20240513', 'ORD000538', 'EXE000538', '000018', '1', 47, 32141808.00),
('99911122222', '20240831', 'ORD000539', 'EXE000539', '000019', '1', 47, 16628593.00),
('99911122222', '20240505', 'ORD000540', 'EXE000540', '000020', '2', 26, 48068127.00),
('99911122222', '20240802', 'ORD000541', 'EXE000541', '000001', '1', 50, 32095400.00),
('99911122222', '20240205', 'ORD000542', 'EXE000542', '000002', '2', 92, 37842083.00),
('99911122222', '20240630', 'ORD000543', 'EXE000543', '000003', '1', 78, 8120876.00),
('99911122222', '20240529', 'ORD000544', 'EXE000544', '000004', '1', 58, 7229777.00),
('99911122222', '20240912', 'ORD000545', 'EXE000545', '000005', '1', 83, 28589821.00),
('99911122222', '20240106', 'ORD000546', 'EXE000546', '000006', '1', 58, 27923699.00),
('99911122222', '20241014', 'ORD000547', 'EXE000547', '000007', '1', 41, 29399622.00),
('99911122222', '20240410', 'ORD000548', 'EXE000548', '000008', '1', 35, 39458449.00),
('99911122222', '20240715', 'ORD000549', 'EXE000549', '000009', '2', 12, 4698453.00),
('99911122222', '20240321', 'ORD000550', 'EXE000550', '000010', '1', 6, 19290703.00),
('99911122222', '20240810', 'ORD000551', 'EXE000551', '000011', '2', 73, 21822294.00),
('99911122222', '20240705', 'ORD000552', 'EXE000552', '000012', '2', 78, 30383019.00),
('99911122222', '20240625', 'ORD000553', 'EXE000553', '000013', '1', 75, 18010555.00),
('99911122222', '20240828', 'ORD000554', 'EXE000554', '000014', '2', 88, 6214667.00),
('99911122222', '20240625', 'ORD000555', 'EXE000555', '000015', '2', 31, 32690509.00),
('99911122222', '20240314', 'ORD000556', 'EXE000556', '000016', '1', 66, 29860441.00),
('99911122222', '20240421', 'ORD000557', 'EXE000557', '000017', '2', 70, 41002196.00),
('99911122222', '20240321', 'ORD000558', 'EXE000558', '000018', '2', 16, 28311579.00),
('99911122222', '20240602', 'ORD000559', 'EXE000559', '000019', '1', 95, 12868176.00),
('99911122222', '20240326', 'ORD000560', 'EXE000560', '000020', '1', 38, 17604663.00),
('99911122222', '20241001', 'ORD000561', 'EXE000561', '000001', '2', 51, 36299666.00),
('99911122222', '20240611', 'ORD000562', 'EXE000562', '000002', '1', 53, 24457458.00),
('99911122222', '20240809', 'ORD000563', 'EXE000563', '000003', '2', 35, 37703644.00),
('99911122222', '20240617', 'ORD000564', 'EXE000564', '000004', '1', 64, 40045044.00),
('99911122222', '20240205', 'ORD000565', 'EXE000565', '000005', '2', 36, 49624128.00),
('99911122222', '20240412', 'ORD000566', 'EXE000566', '000006', '2', 71, 1985216.00),
('99911122222', '20240806', 'ORD000567', 'EXE000567', '000007', '1', 29, 21340772.00),
('99911122222', '20240721', 'ORD000568', 'EXE000568', '000008', '1', 68, 12128900.00),
('99911122222', '20240128', 'ORD000569', 'EXE000569', '000009', '1', 98, 1627033.00),
('99911122222', '20240818', 'ORD000570', 'EXE000570', '000010', '1', 64, 49660715.00),
('99911122222', '20240903', 'ORD000571', 'EXE000571', '000011', '2', 58, 3212313.00),
('99911122222', '20240801', 'ORD000572', 'EXE000572', '000012', '2', 15, 13426250.00),
('99911122222', '20240130', 'ORD000573', 'EXE000573', '000013', '2', 14, 49941123.00),
('99911122222', '20240206', 'ORD000574', 'EXE000574', '000014', '2', 55, 24418491.00),
('99911122222', '20240401', 'ORD000575', 'EXE000575', '000015', '2', 9, 7147982.00),
('99911122222', '20240917', 'ORD000576', 'EXE000576', '000016', '2', 30, 2506078.00),
('99911122222', '20241025', 'ORD000577', 'EXE000577', '000017', '1', 17, 34200761.00),
('99911122222', '20241012', 'ORD000578', 'EXE000578', '000018', '2', 51, 42360169.00),
('99911122222', '20240729', 'ORD000579', 'EXE000579', '000019', '2', 41, 5320682.00),
('99911122222', '20240606', 'ORD000580', 'EXE000580', '000020', '2', 13, 2570507.00),
('99911122222', '20240929', 'ORD000581', 'EXE000581', '000001', '1', 30, 9947129.00),
('99911122222', '20240619', 'ORD000582', 'EXE000582', '000002', '1', 98, 4985848.00),
('99911122222', '20240816', 'ORD000583', 'EXE000583', '000003', '1', 37, 1080032.00),
('99911122222', '20240930', 'ORD000584', 'EXE000584', '000004', '1', 34, 39782469.00),
('99911122222', '20240929', 'ORD000585', 'EXE000585', '000005', '1', 56, 23437891.00),
('99911122222', '20240120', 'ORD000586', 'EXE000586', '000006', '1', 97, 24181627.00),
('99911122222', '20240925', 'ORD000587', 'EXE000587', '000007', '1', 93, 45422621.00),
('99911122222', '20240615', 'ORD000588', 'EXE000588', '000008', '1', 69, 35841254.00),
('99911122222', '20240826', 'ORD000589', 'EXE000589', '000009', '1', 20, 44517534.00),
('99911122222', '20240729', 'ORD000590', 'EXE000590', '000010', '1', 78, 17860948.00),
('99911122222', '20240827', 'ORD000591', 'EXE000591', '000011', '2', 71, 1799178.00),
('99911122222', '20240423', 'ORD000592', 'EXE000592', '000012', '2', 92, 6577941.00),
('99911122222', '20240625', 'ORD000593', 'EXE000593', '000013', '1', 45, 42802384.00),
('99911122222', '20241005', 'ORD000594', 'EXE000594', '000014', '1', 57, 41001735.00),
('99911122222', '20240516', 'ORD000595', 'EXE000595', '000015', '1', 6, 21501733.00),
('99911122222', '20241022', 'ORD000596', 'EXE000596', '000016', '1', 9, 3562983.00),
('99911122222', '20240622', 'ORD000597', 'EXE000597', '000017', '1', 94, 38235998.00),
('99911122222', '20240927', 'ORD000598', 'EXE000598', '000018', '2', 28, 29244467.00),
('99911122222', '20240712', 'ORD000599', 'EXE000599', '000019', '1', 78, 49446679.00),
('99911122222', '20240205', 'ORD000600', 'EXE000600', '000020', '1', 47, 7958054.00),
('99911122222', '20240102', 'ORD000601', 'EXE000601', '000001', '2', 6, 41622222.00),
('99911122222', '20240814', 'ORD000602', 'EXE000602', '000002', '2', 43, 7908698.00),
('99911122222', '20240704', 'ORD000603', 'EXE000603', '000003', '1', 66, 14536697.00),
('99911122222', '20240207', 'ORD000604', 'EXE000604', '000004', '1', 87, 15086171.00),
('99911122222', '20240213', 'ORD000605', 'EXE000605', '000005', '2', 76, 37018511.00),
('99911122222', '20240910', 'ORD000606', 'EXE000606', '000006', '2', 72, 27908301.00),
('99911122222', '20240225', 'ORD000607', 'EXE000607', '000007', '2', 59, 3933893.00),
('99911122222', '20241024', 'ORD000608', 'EXE000608', '000008', '2', 40, 45946964.00),
('99911122222', '20240629', 'ORD000609', 'EXE000609', '000009', '2', 69, 16984992.00),
('99911122222', '20240106', 'ORD000610', 'EXE000610', '000010', '1', 65, 20189895.00),
('99911122222', '20241015', 'ORD000611', 'EXE000611', '000011', '2', 77, 30661353.00),
('99911122222', '20240523', 'ORD000612', 'EXE000612', '000012', '2', 81, 11286384.00),
('99911122222', '20240705', 'ORD000613', 'EXE000613', '000013', '1', 68, 45191907.00),
('99911122222', '20240717', 'ORD000614', 'EXE000614', '000014', '2', 97, 40359584.00),
('99911122222', '20240112', 'ORD000615', 'EXE000615', '000015', '1', 40, 9554067.00),
('99911122222', '20240208', 'ORD000616', 'EXE000616', '000016', '2', 2, 45812788.00),
('99911122222', '20240924', 'ORD000617', 'EXE000617', '000017', '2', 81, 21814441.00),
('99911122222', '20240315', 'ORD000618', 'EXE000618', '000018', '2', 59, 10707368.00),
('99911122222', '20241016', 'ORD000619', 'EXE000619', '000019', '1', 3, 4012501.00),
('99911122222', '20240207', 'ORD000620', 'EXE000620', '000020', '2', 39, 41413326.00),
('99911122222', '20240924', 'ORD000621', 'EXE000621', '000001', '2', 92, 9837475.00),
('99911122222', '20241014', 'ORD000622', 'EXE000622', '000002', '1', 24, 33565749.00),
('99911122222', '20240629', 'ORD000623', 'EXE000623', '000003', '2', 49, 2140112.00),
('99911122222', '20240305', 'ORD000624', 'EXE000624', '000004', '1', 88, 12943114.00),
('99911122222', '20240518', 'ORD000625', 'EXE000625', '000005', '1', 18, 37883577.00),
('99911122222', '20240511', 'ORD000626', 'EXE000626', '000006', '2', 34, 5304535.00),
('99911122222', '20240729', 'ORD000627', 'EXE000627', '000007', '2', 56, 39764470.00),
('99911122222', '20241002', 'ORD000628', 'EXE000628', '000008', '2', 24, 3572430.00),
('99911122222', '20240204', 'ORD000629', 'EXE000629', '000009', '1', 65, 39646006.00),
('99911122222', '20240414', 'ORD000630', 'EXE000630', '000010', '2', 99, 21312002.00),
('99911122222', '20241014', 'ORD000631', 'EXE000631', '000011', '1', 97, 48541850.00),
('99911122222', '20240420', 'ORD000632', 'EXE000632', '000012', '2', 37, 14684676.00),
('99911122222', '20240720', 'ORD000633', 'EXE000633', '000013', '1', 27, 48031769.00),
('99911122222', '20240511', 'ORD000634', 'EXE000634', '000014', '2', 50, 13920242.00),
('99911122222', '20240508', 'ORD000635', 'EXE000635', '000015', '1', 31, 626007.00),
('99911122222', '20240327', 'ORD000636', 'EXE000636', '000016', '2', 97, 1016985.00),
('99911122222', '20240601', 'ORD000637', 'EXE000637', '000017', '1', 97, 8760872.00),
('99911122222', '20240502', 'ORD000638', 'EXE000638', '000018', '1', 56, 24415478.00),
('99911122222', '20240103', 'ORD000639', 'EXE000639', '000019', '1', 47, 26770560.00),
('99911122222', '20240401', 'ORD000640', 'EXE000640', '000020', '1', 74, 4339920.00),
('99911122222', '20240716', 'ORD000641', 'EXE000641', '000001', '2', 5, 20911967.00),
('99911122222', '20240423', 'ORD000642', 'EXE000642', '000002', '1', 63, 30754661.00),
('99911122222', '20241006', 'ORD000643', 'EXE000643', '000003', '1', 100, 11131820.00),
('99911122222', '20240607', 'ORD000644', 'EXE000644', '000004', '2', 20, 30737412.00),
('99911122222', '20240903', 'ORD000645', 'EXE000645', '000005', '2', 65, 14207823.00),
('99911122222', '20240708', 'ORD000646', 'EXE000646', '000006', '1', 56, 19693203.00),
('99911122222', '20240928', 'ORD000647', 'EXE000647', '000007', '2', 47, 35554495.00),
('99911122222', '20240215', 'ORD000648', 'EXE000648', '000008', '1', 91, 6952742.00),
('99911122222', '20240730', 'ORD000649', 'EXE000649', '000009', '1', 31, 47254488.00),
('99911122222', '20240402', 'ORD000650', 'EXE000650', '000010', '1', 63, 29712475.00),
('99911122222', '20240226', 'ORD000651', 'EXE000651', '000011', '2', 36, 5417799.00),
('99911122222', '20241017', 'ORD000652', 'EXE000652', '000012', '1', 40, 37102027.00),
('99911122222', '20240128', 'ORD000653', 'EXE000653', '000013', '1', 18, 9627755.00),
('99911122222', '20240517', 'ORD000654', 'EXE000654', '000014', '2', 13, 23424697.00),
('99911122222', '20240628', 'ORD000655', 'EXE000655', '000015', '2', 15, 30362075.00),
('99911122222', '20240610', 'ORD000656', 'EXE000656', '000016', '1', 11, 14935206.00),
('99911122222', '20240313', 'ORD000657', 'EXE000657', '000017', '1', 85, 45032812.00),
('99911122222', '20240211', 'ORD000658', 'EXE000658', '000018', '1', 97, 13655796.00),
('99911122222', '20240113', 'ORD000659', 'EXE000659', '000019', '2', 71, 38375516.00),
('99911122222', '20240524', 'ORD000660', 'EXE000660', '000020', '1', 27, 17400840.00),
('99911122222', '20240705', 'ORD000661', 'EXE000661', '000001', '1', 87, 1885501.00),
('99911122222', '20240517', 'ORD000662', 'EXE000662', '000002', '2', 88, 22076670.00),
('99911122222', '20240428', 'ORD000663', 'EXE000663', '000003', '1', 53, 31256206.00),
('99911122222', '20240511', 'ORD000664', 'EXE000664', '000004', '2', 53, 26179103.00),
('99911122222', '20240917', 'ORD000665', 'EXE000665', '000005', '2', 32, 10407773.00),
('99911122222', '20240812', 'ORD000666', 'EXE000666', '000006', '2', 45, 4927648.00),
('99911122222', '20240531', 'ORD000667', 'EXE000667', '000007', '2', 58, 4438933.00),
('99911122222', '20240109', 'ORD000668', 'EXE000668', '000008', '2', 27, 4849458.00),
('99911122222', '20241011', 'ORD000669', 'EXE000669', '000009', '2', 63, 4629793.00),
('99911122222', '20240531', 'ORD000670', 'EXE000670', '000010', '2', 22, 47779749.00),
('99911122222', '20240215', 'ORD000671', 'EXE000671', '000011', '2', 36, 18290443.00),
('99911122222', '20240920', 'ORD000672', 'EXE000672', '000012', '1', 24, 25223289.00),
('99911122222', '20240906', 'ORD000673', 'EXE000673', '000013', '1', 37, 13790027.00),
('99911122222', '20240826', 'ORD000674', 'EXE000674', '000014', '1', 40, 26163016.00),
('99911122222', '20240304', 'ORD000675', 'EXE000675', '000015', '1', 46, 44280429.00),
('99911122222', '20240519', 'ORD000676', 'EXE000676', '000016', '1', 30, 27160668.00),
('99911122222', '20240114', 'ORD000677', 'EXE000677', '000017', '2', 92, 4944986.00),
('99911122222', '20240612', 'ORD000678', 'EXE000678', '000018', '2', 97, 30222399.00),
('99911122222', '20240205', 'ORD000679', 'EXE000679', '000019', '1', 72, 23847271.00),
('99911122222', '20240625', 'ORD000680', 'EXE000680', '000020', '1', 37, 19866623.00),
('99911122222', '20240225', 'ORD000681', 'EXE000681', '000001', '2', 21, 15513905.00),
('99911122222', '20240804', 'ORD000682', 'EXE000682', '000002', '1', 84, 33556423.00),
('99911122222', '20240809', 'ORD000683', 'EXE000683', '000003', '1', 40, 30469650.00),
('99911122222', '20240901', 'ORD000684', 'EXE000684', '000004', '2', 65, 2958371.00),
('99911122222', '20240917', 'ORD000685', 'EXE000685', '000005', '2', 54, 22532865.00),
('99911122222', '20240330', 'ORD000686', 'EXE000686', '000006', '2', 3, 15953487.00),
('99911122222', '20241013', 'ORD000687', 'EXE000687', '000007', '1', 9, 34769686.00),
('99911122222', '20240131', 'ORD000688', 'EXE000688', '000008', '1', 14, 30460212.00),
('99911122222', '20240228', 'ORD000689', 'EXE000689', '000009', '1', 32, 13784817.00),
('99911122222', '20240220', 'ORD000690', 'EXE000690', '000010', '2', 32, 48371896.00),
('99911122222', '20240817', 'ORD000691', 'EXE000691', '000011', '1', 66, 37129971.00),
('99911122222', '20240408', 'ORD000692', 'EXE000692', '000012', '1', 48, 5501195.00),
('99911122222', '20240828', 'ORD000693', 'EXE000693', '000013', '2', 92, 49392143.00),
('99911122222', '20241011', 'ORD000694', 'EXE000694', '000014', '1', 80, 33978372.00),
('99911122222', '20240902', 'ORD000695', 'EXE000695', '000015', '2', 5, 27456491.00),
('99911122222', '20240502', 'ORD000696', 'EXE000696', '000016', '2', 56, 41668050.00),
('99911122222', '20240502', 'ORD000697', 'EXE000697', '000017', '2', 15, 13825248.00),
('99911122222', '20240503', 'ORD000698', 'EXE000698', '000018', '1', 48, 40426851.00),
('99911122222', '20240424', 'ORD000699', 'EXE000699', '000019', '1', 85, 43182263.00),
('99911122222', '20241011', 'ORD000700', 'EXE000700', '000020', '1', 51, 36709095.00),
('99911122222', '20240725', 'ORD000701', 'EXE000701', '000001', '1', 67, 33130831.00),
('99911122222', '20240217', 'ORD000702', 'EXE000702', '000002', '2', 6, 24209600.00),
('99911122222', '20240219', 'ORD000703', 'EXE000703', '000003', '2', 96, 22209526.00),
('99911122222', '20240528', 'ORD000704', 'EXE000704', '000004', '1', 76, 3409468.00),
('99911122222', '20240422', 'ORD000705', 'EXE000705', '000005', '1', 44, 34298853.00),
('99911122222', '20240510', 'ORD000706', 'EXE000706', '000006', '1', 14, 45509271.00),
('99911122222', '20240818', 'ORD000707', 'EXE000707', '000007', '2', 41, 34350641.00),
('99911122222', '20240127', 'ORD000708', 'EXE000708', '000008', '1', 67, 49969217.00),
('99911122222', '20240904', 'ORD000709', 'EXE000709', '000009', '1', 52, 43263950.00),
('99911122222', '20240601', 'ORD000710', 'EXE000710', '000010', '2', 34, 27979496.00),
('99911122222', '20240726', 'ORD000711', 'EXE000711', '000011', '2', 26, 47567664.00),
('99911122222', '20240614', 'ORD000712', 'EXE000712', '000012', '1', 98, 37254122.00),
('99911122222', '20240910', 'ORD000713', 'EXE000713', '000013', '2', 78, 38672219.00),
('99911122222', '20240429', 'ORD000714', 'EXE000714', '000014', '2', 10, 27384539.00),
('99911122222', '20240827', 'ORD000715', 'EXE000715', '000015', '1', 43, 29573235.00),
('99911122222', '20240326', 'ORD000716', 'EXE000716', '000016', '2', 41, 35448082.00),
('99911122222', '20240710', 'ORD000717', 'EXE000717', '000017', '1', 59, 12193086.00),
('99911122222', '20240621', 'ORD000718', 'EXE000718', '000018', '2', 31, 31393372.00),
('99911122222', '20241006', 'ORD000719', 'EXE000719', '000019', '2', 86, 8182686.00),
('99911122222', '20240707', 'ORD000720', 'EXE000720', '000020', '2', 88, 18946763.00),
('99911122222', '20240324', 'ORD000721', 'EXE000721', '000001', '2', 44, 47162819.00),
('99911122222', '20240208', 'ORD000722', 'EXE000722', '000002', '2', 16, 48342455.00),
('99911122222', '20240801', 'ORD000723', 'EXE000723', '000003', '1', 11, 15454288.00),
('99911122222', '20240413', 'ORD000724', 'EXE000724', '000004', '1', 10, 46219412.00),
('99911122222', '20240517', 'ORD000725', 'EXE000725', '000005', '1', 86, 32779883.00),
('99911122222', '20240316', 'ORD000726', 'EXE000726', '000006', '2', 30, 19140095.00),
('99911122222', '20240430', 'ORD000727', 'EXE000727', '000007', '2', 43, 27044970.00),
('99911122222', '20240610', 'ORD000728', 'EXE000728', '000008', '2', 56, 6651512.00),
('99911122222', '20240813', 'ORD000729', 'EXE000729', '000009', '1', 19, 18339008.00),
('99911122222', '20240114', 'ORD000730', 'EXE000730', '000010', '2', 88, 35727661.00),
('99911122222', '20240901', 'ORD000731', 'EXE000731', '000011', '2', 98, 1347637.00),
('99911122222', '20240123', 'ORD000732', 'EXE000732', '000012', '2', 12, 15536351.00),
('99911122222', '20240229', 'ORD000733', 'EXE000733', '000013', '1', 64, 6765427.00),
('99911122222', '20240531', 'ORD000734', 'EXE000734', '000014', '2', 58, 1865568.00),
('99911122222', '20240602', 'ORD000735', 'EXE000735', '000015', '1', 71, 20101975.00),
('99911122222', '20240708', 'ORD000736', 'EXE000736', '000016', '2', 38, 49246641.00),
('99911122222', '20240603', 'ORD000737', 'EXE000737', '000017', '2', 41, 15418605.00),
('99911122222', '20240908', 'ORD000738', 'EXE000738', '000018', '2', 65, 22439853.00),
('99911122222', '20240718', 'ORD000739', 'EXE000739', '000019', '2', 10, 20396123.00),
('99911122222', '20240922', 'ORD000740', 'EXE000740', '000020', '1', 53, 13516764.00),
('99911122222', '20240711', 'ORD000741', 'EXE000741', '000001', '1', 47, 30373330.00),
('99911122222', '20240901', 'ORD000742', 'EXE000742', '000002', '1', 59, 31741526.00),
('99911122222', '20240204', 'ORD000743', 'EXE000743', '000003', '1', 84, 47111909.00),
('99911122222', '20240615', 'ORD000744', 'EXE000744', '000004', '1', 22, 44428456.00),
('99911122222', '20240201', 'ORD000745', 'EXE000745', '000005', '2', 60, 25644427.00),
('99911122222', '20240919', 'ORD000746', 'EXE000746', '000006', '2', 46, 17181342.00),
('99911122222', '20241015', 'ORD000747', 'EXE000747', '000007', '1', 8, 5831934.00),
('99911122222', '20240125', 'ORD000748', 'EXE000748', '000008', '2', 82, 39860243.00),
('99911122222', '20240602', 'ORD000749', 'EXE000749', '000009', '1', 30, 47761207.00),
('99911122222', '20241003', 'ORD000750', 'EXE000750', '000010', '2', 60, 950600.00),
('99911122222', '20240817', 'ORD000751', 'EXE000751', '000011', '2', 96, 2338117.00),
('99911122222', '20240726', 'ORD000752', 'EXE000752', '000012', '2', 92, 29309355.00),
('99911122222', '20240104', 'ORD000753', 'EXE000753', '000013', '2', 38, 37860958.00),
('99911122222', '20240111', 'ORD000754', 'EXE000754', '000014', '2', 63, 30591889.00),
('99911122222', '20240824', 'ORD000755', 'EXE000755', '000015', '1', 67, 27909525.00),
('99911122222', '20240227', 'ORD000756', 'EXE000756', '000016', '2', 20, 21425315.00),
('99911122222', '20240225', 'ORD000757', 'EXE000757', '000017', '2', 90, 4761973.00),
('99911122222', '20240417', 'ORD000758', 'EXE000758', '000018', '2', 5, 38068294.00),
('99911122222', '20240722', 'ORD000759', 'EXE000759', '000019', '2', 33, 4685965.00),
('99911122222', '20240906', 'ORD000760', 'EXE000760', '000020', '2', 6, 49223839.00),
('99911122222', '20240416', 'ORD000761', 'EXE000761', '000001', '2', 88, 35907038.00),
('99911122222', '20240228', 'ORD000762', 'EXE000762', '000002', '2', 87, 42419630.00),
('99911122222', '20240726', 'ORD000763', 'EXE000763', '000003', '2', 2, 30476426.00),
('99911122222', '20240822', 'ORD000764', 'EXE000764', '000004', '1', 36, 40073169.00),
('99911122222', '20240516', 'ORD000765', 'EXE000765', '000005', '2', 44, 11846278.00),
('99911122222', '20240510', 'ORD000766', 'EXE000766', '000006', '1', 96, 18827908.00),
('99911122222', '20241016', 'ORD000767', 'EXE000767', '000007', '2', 89, 29860442.00),
('99911122222', '20240214', 'ORD000768', 'EXE000768', '000008', '2', 74, 49634923.00),
('99911122222', '20240212', 'ORD000769', 'EXE000769', '000009', '2', 83, 31446150.00),
('99911122222', '20240506', 'ORD000770', 'EXE000770', '000010', '2', 3, 16456821.00),
('99911122222', '20240602', 'ORD000771', 'EXE000771', '000011', '1', 68, 22283112.00),
('99911122222', '20240101', 'ORD000772', 'EXE000772', '000012', '1', 31, 35508796.00),
('99911122222', '20240704', 'ORD000773', 'EXE000773', '000013', '2', 22, 38904226.00),
('99911122222', '20241017', 'ORD000774', 'EXE000774', '000014', '2', 39, 2893107.00),
('99911122222', '20240206', 'ORD000775', 'EXE000775', '000015', '1', 31, 7123617.00),
('99911122222', '20240311', 'ORD000776', 'EXE000776', '000016', '1', 52, 39017121.00),
('99911122222', '20240123', 'ORD000777', 'EXE000777', '000017', '1', 28, 41373551.00),
('99911122222', '20240509', 'ORD000778', 'EXE000778', '000018', '1', 54, 22287700.00),
('99911122222', '20240524', 'ORD000779', 'EXE000779', '000019', '1', 50, 8960702.00),
('99911122222', '20240101', 'ORD000780', 'EXE000780', '000020', '2', 46, 32837480.00),
('99911122222', '20240514', 'ORD000781', 'EXE000781', '000001', '2', 40, 40849729.00),
('99911122222', '20240810', 'ORD000782', 'EXE000782', '000002', '2', 56, 29550996.00),
('99911122222', '20240929', 'ORD000783', 'EXE000783', '000003', '1', 81, 41467432.00),
('99911122222', '20240522', 'ORD000784', 'EXE000784', '000004', '1', 41, 40761997.00),
('99911122222', '20240911', 'ORD000785', 'EXE000785', '000005', '2', 14, 4642866.00),
('99911122222', '20240510', 'ORD000786', 'EXE000786', '000006', '1', 72, 25357445.00),
('99911122222', '20240618', 'ORD000787', 'EXE000787', '000007', '1', 38, 19157814.00),
('99911122222', '20240906', 'ORD000788', 'EXE000788', '000008', '1', 39, 45634307.00),
('99911122222', '20240402', 'ORD000789', 'EXE000789', '000009', '2', 83, 1639625.00),
('99911122222', '20240921', 'ORD000790', 'EXE000790', '000010', '1', 60, 33439585.00),
('99911122222', '20241010', 'ORD000791', 'EXE000791', '000011', '2', 15, 19993504.00),
('99911122222', '20240514', 'ORD000792', 'EXE000792', '000012', '2', 30, 13509096.00),
('99911122222', '20240408', 'ORD000793', 'EXE000793', '000013', '1', 9, 40985782.00),
('99911122222', '20240705', 'ORD000794', 'EXE000794', '000014', '1', 50, 48508585.00),
('99911122222', '20240510', 'ORD000795', 'EXE000795', '000015', '2', 75, 6907500.00),
('99911122222', '20240520', 'ORD000796', 'EXE000796', '000016', '1', 68, 49465184.00),
('99911122222', '20241002', 'ORD000797', 'EXE000797', '000017', '1', 31, 9128927.00),
('99911122222', '20240603', 'ORD000798', 'EXE000798', '000018', '2', 38, 21202230.00),
('99911122222', '20240904', 'ORD000799', 'EXE000799', '000019', '1', 24, 24857681.00),
('99911122222', '20240708', 'ORD000800', 'EXE000800', '000020', '2', 21, 32774489.00),
('99911122222', '20240426', 'ORD000801', 'EXE000801', '000001', '2', 59, 39819336.00),
('99911122222', '20240506', 'ORD000802', 'EXE000802', '000002', '1', 7, 45211902.00),
('99911122222', '20240927', 'ORD000803', 'EXE000803', '000003', '2', 46, 39161228.00),
('99911122222', '20240915', 'ORD000804', 'EXE000804', '000004', '2', 39, 40487548.00),
('99911122222', '20240521', 'ORD000805', 'EXE000805', '000005', '2', 36, 40744572.00),
('99911122222', '20241019', 'ORD000806', 'EXE000806', '000006', '2', 58, 33993269.00),
('99911122222', '20240630', 'ORD000807', 'EXE000807', '000007', '2', 80, 9889155.00),
('99911122222', '20240510', 'ORD000808', 'EXE000808', '000008', '1', 35, 11758060.00),
('99911122222', '20240218', 'ORD000809', 'EXE000809', '000009', '1', 22, 25397760.00),
('99911122222', '20240131', 'ORD000810', 'EXE000810', '000010', '1', 74, 46509601.00),
('99911122222', '20240720', 'ORD000811', 'EXE000811', '000011', '1', 94, 18971830.00),
('99911122222', '20240903', 'ORD000812', 'EXE000812', '000012', '2', 16, 4649110.00),
('99911122222', '20240312', 'ORD000813', 'EXE000813', '000013', '2', 72, 20914315.00),
('99911122222', '20240719', 'ORD000814', 'EXE000814', '000014', '2', 15, 33405312.00),
('99911122222', '20240110', 'ORD000815', 'EXE000815', '000015', '1', 77, 5845774.00),
('99911122222', '20240425', 'ORD000816', 'EXE000816', '000016', '2', 82, 5689709.00),
('99911122222', '20240608', 'ORD000817', 'EXE000817', '000017', '2', 95, 41273687.00),
('99911122222', '20240516', 'ORD000818', 'EXE000818', '000018', '1', 57, 28665705.00),
('99911122222', '20240129', 'ORD000819', 'EXE000819', '000019', '1', 90, 7675240.00),
('99911122222', '20240301', 'ORD000820', 'EXE000820', '000020', '2', 20, 16366020.00),
('99911122222', '20240317', 'ORD000821', 'EXE000821', '000001', '1', 5, 27748933.00),
('99911122222', '20240611', 'ORD000822', 'EXE000822', '000002', '1', 1, 36299562.00),
('99911122222', '20240202', 'ORD000823', 'EXE000823', '000003', '2', 63, 30628805.00),
('99911122222', '20240621', 'ORD000824', 'EXE000824', '000004', '2', 64, 21771591.00),
('99911122222', '20240511', 'ORD000825', 'EXE000825', '000005', '2', 79, 29463349.00),
('99911122222', '20240830', 'ORD000826', 'EXE000826', '000006', '1', 17, 12284131.00),
('99911122222', '20241006', 'ORD000827', 'EXE000827', '000007', '1', 83, 21098151.00),
('99911122222', '20240414', 'ORD000828', 'EXE000828', '000008', '1', 40, 19674497.00),
('99911122222', '20240315', 'ORD000829', 'EXE000829', '000009', '2', 40, 24061864.00),
('99911122222', '20240312', 'ORD000830', 'EXE000830', '000010', '1', 28, 14802972.00),
('99911122222', '20240405', 'ORD000831', 'EXE000831', '000011', '2', 64, 27312074.00),
('99911122222', '20240726', 'ORD000832', 'EXE000832', '000012', '1', 17, 49876470.00),
('99911122222', '20240109', 'ORD000833', 'EXE000833', '000013', '2', 48, 5118247.00),
('99911122222', '20240130', 'ORD000834', 'EXE000834', '000014', '1', 81, 34504545.00),
('99911122222', '20240806', 'ORD000835', 'EXE000835', '000015', '1', 100, 26780897.00),
('99911122222', '20240206', 'ORD000836', 'EXE000836', '000016', '1', 69, 31922953.00),
('99911122222', '20240620', 'ORD000837', 'EXE000837', '000017', '2', 32, 3745461.00),
('99911122222', '20240831', 'ORD000838', 'EXE000838', '000018', '1', 50, 13403319.00),
('99911122222', '20240706', 'ORD000839', 'EXE000839', '000019', '1', 35, 33497258.00),
('99911122222', '20240618', 'ORD000840', 'EXE000840', '000020', '2', 58, 20509259.00),
('99911122222', '20240923', 'ORD000841', 'EXE000841', '000001', '2', 60, 48062386.00),
('99911122222', '20240330', 'ORD000842', 'EXE000842', '000002', '2', 45, 42175461.00),
('99911122222', '20240521', 'ORD000843', 'EXE000843', '000003', '1', 69, 811182.00),
('99911122222', '20240902', 'ORD000844', 'EXE000844', '000004', '2', 26, 22118190.00),
('99911122222', '20240724', 'ORD000845', 'EXE000845', '000005', '1', 86, 42358158.00),
('99911122222', '20241013', 'ORD000846', 'EXE000846', '000006', '1', 61, 46062662.00),
('99911122222', '20240317', 'ORD000847', 'EXE000847', '000007', '2', 95, 29227703.00),
('99911122222', '20240725', 'ORD000848', 'EXE000848', '000008', '2', 6, 16091108.00),
('99911122222', '20240330', 'ORD000849', 'EXE000849', '000009', '2', 42, 48441700.00),
('99911122222', '20240524', 'ORD000850', 'EXE000850', '000010', '1', 38, 14609682.00),
('99911122222', '20240510', 'ORD000851', 'EXE000851', '000011', '2', 73, 26737293.00),
('99911122222', '20240812', 'ORD000852', 'EXE000852', '000012', '2', 56, 10397418.00),
('99911122222', '20240713', 'ORD000853', 'EXE000853', '000013', '1', 96, 3042221.00),
('99911122222', '20240605', 'ORD000854', 'EXE000854', '000014', '1', 29, 41295573.00),
('99911122222', '20240714', 'ORD000855', 'EXE000855', '000015', '2', 50, 19411639.00),
('99911122222', '20240104', 'ORD000856', 'EXE000856', '000016', '2', 46, 40146305.00),
('99911122222', '20240904', 'ORD000857', 'EXE000857', '000017', '2', 35, 9779397.00),
('99911122222', '20240204', 'ORD000858', 'EXE000858', '000018', '2', 86, 3552818.00),
('99911122222', '20240701', 'ORD000859', 'EXE000859', '000019', '2', 40, 5427120.00),
('99911122222', '20240408', 'ORD000860', 'EXE000860', '000020', '2', 77, 35837911.00),
('99911122222', '20240502', 'ORD000861', 'EXE000861', '000001', '2', 2, 46163586.00),
('99911122222', '20241007', 'ORD000862', 'EXE000862', '000002', '1', 11, 22808934.00),
('99911122222', '20240407', 'ORD000863', 'EXE000863', '000003', '2', 71, 30940078.00),
('99911122222', '20240222', 'ORD000864', 'EXE000864', '000004', '1', 13, 570118.00),
('99911122222', '20240323', 'ORD000865', 'EXE000865', '000005', '2', 94, 12136370.00),
('99911122222', '20240102', 'ORD000866', 'EXE000866', '000006', '1', 26, 11326742.00),
('99911122222', '20240222', 'ORD000867', 'EXE000867', '000007', '2', 54, 18019828.00),
('99911122222', '20240730', 'ORD000868', 'EXE000868', '000008', '2', 68, 30957651.00),
('99911122222', '20241027', 'ORD000869', 'EXE000869', '000009', '2', 28, 31544427.00),
('99911122222', '20240412', 'ORD000870', 'EXE000870', '000010', '2', 13, 40667935.00),
('99911122222', '20240504', 'ORD000871', 'EXE000871', '000011', '2', 5, 21884833.00),
('99911122222', '20240815', 'ORD000872', 'EXE000872', '000012', '2', 44, 4977510.00),
('99911122222', '20240213', 'ORD000873', 'EXE000873', '000013', '2', 64, 42856243.00),
('99911122222', '20240714', 'ORD000874', 'EXE000874', '000014', '2', 44, 44311322.00),
('99911122222', '20240816', 'ORD000875', 'EXE000875', '000015', '2', 30, 20663294.00),
('99911122222', '20240407', 'ORD000876', 'EXE000876', '000016', '2', 8, 24562199.00),
('99911122222', '20240713', 'ORD000877', 'EXE000877', '000017', '2', 30, 39875778.00),
('99911122222', '20240101', 'ORD000878', 'EXE000878', '000018', '2', 92, 23030692.00),
('99911122222', '20240827', 'ORD000879', 'EXE000879', '000019', '2', 94, 44556646.00),
('99911122222', '20240812', 'ORD000880', 'EXE000880', '000020', '1', 30, 2233379.00),
('99911122222', '20240605', 'ORD000881', 'EXE000881', '000001', '1', 86, 40251936.00),
('99911122222', '20240420', 'ORD000882', 'EXE000882', '000002', '2', 16, 3847157.00),
('99911122222', '20240408', 'ORD000883', 'EXE000883', '000003', '2', 63, 13144691.00),
('99911122222', '20240228', 'ORD000884', 'EXE000884', '000004', '2', 34, 46936511.00),
('99911122222', '20240819', 'ORD000885', 'EXE000885', '000005', '2', 63, 41753830.00),
('99911122222', '20240707', 'ORD000886', 'EXE000886', '000006', '2', 98, 23065802.00),
('99911122222', '20240510', 'ORD000887', 'EXE000887', '000007', '2', 40, 7537388.00),
('99911122222', '20240605', 'ORD000888', 'EXE000888', '000008', '2', 40, 2937710.00),
('99911122222', '20240725', 'ORD000889', 'EXE000889', '000009', '1', 57, 32667237.00),
('99911122222', '20240921', 'ORD000890', 'EXE000890', '000010', '2', 5, 18201354.00),
('99911122222', '20240315', 'ORD000891', 'EXE000891', '000011', '1', 72, 19273022.00),
('99911122222', '20240417', 'ORD000892', 'EXE000892', '000012', '2', 82, 29789685.00),
('99911122222', '20240802', 'ORD000893', 'EXE000893', '000013', '1', 79, 12397447.00),
('99911122222', '20240624', 'ORD000894', 'EXE000894', '000014', '2', 78, 45003247.00),
('99911122222', '20240104', 'ORD000895', 'EXE000895', '000015', '1', 99, 4577039.00),
('99911122222', '20240426', 'ORD000896', 'EXE000896', '000016', '1', 77, 48190761.00),
('99911122222', '20240822', 'ORD000897', 'EXE000897', '000017', '2', 49, 37954682.00),
('99911122222', '20240111', 'ORD000898', 'EXE000898', '000018', '1', 13, 39844617.00),
('99911122222', '20240525', 'ORD000899', 'EXE000899', '000019', '1', 25, 13519580.00),
('99911122222', '20241013', 'ORD000900', 'EXE000900', '000020', '2', 12, 17712008.00),
('99911122222', '20240809', 'ORD000901', 'EXE000901', '000001', '1', 9, 21694584.00),
('99911122222', '20240227', 'ORD000902', 'EXE000902', '000002', '2', 15, 37790592.00),
('99911122222', '20240324', 'ORD000903', 'EXE000903', '000003', '1', 94, 46024521.00),
('99911122222', '20240114', 'ORD000904', 'EXE000904', '000004', '1', 12, 34186292.00),
('99911122222', '20240419', 'ORD000905', 'EXE000905', '000005', '2', 41, 45019987.00),
('99911122222', '20240517', 'ORD000906', 'EXE000906', '000006', '2', 41, 202315.00),
('99911122222', '20240702', 'ORD000907', 'EXE000907', '000007', '1', 35, 36237109.00),
('99911122222', '20240711', 'ORD000908', 'EXE000908', '000008', '1', 12, 9768899.00),
('99911122222', '20240415', 'ORD000909', 'EXE000909', '000009', '2', 99, 24487730.00),
('99911122222', '20240528', 'ORD000910', 'EXE000910', '000010', '1', 9, 7970462.00),
('99911122222', '20240510', 'ORD000911', 'EXE000911', '000011', '1', 77, 18129430.00),
('99911122222', '20240122', 'ORD000912', 'EXE000912', '000012', '2', 40, 35083582.00),
('99911122222', '20240817', 'ORD000913', 'EXE000913', '000013', '2', 72, 18571959.00),
('99911122222', '20240703', 'ORD000914', 'EXE000914', '000014', '1', 52, 30503488.00),
('99911122222', '20240104', 'ORD000915', 'EXE000915', '000015', '2', 97, 25196790.00),
('99911122222', '20240318', 'ORD000916', 'EXE000916', '000016', '1', 59, 1854226.00),
('99911122222', '20240111', 'ORD000917', 'EXE000917', '000017', '2', 6, 36084602.00),
('99911122222', '20240514', 'ORD000918', 'EXE000918', '000018', '1', 82, 19655319.00),
('99911122222', '20240928', 'ORD000919', 'EXE000919', '000019', '2', 38, 45755475.00),
('99911122222', '20240713', 'ORD000920', 'EXE000920', '000020', '1', 88, 12883830.00),
('99911122222', '20240228', 'ORD000921', 'EXE000921', '000001', '2', 62, 20601853.00),
('99911122222', '20240523', 'ORD000922', 'EXE000922', '000002', '2', 54, 36377554.00),
('99911122222', '20240611', 'ORD000923', 'EXE000923', '000003', '1', 75, 30768591.00),
('99911122222', '20240822', 'ORD000924', 'EXE000924', '000004', '2', 70, 47463122.00),
('99911122222', '20240713', 'ORD000925', 'EXE000925', '000005', '2', 32, 9456483.00),
('99911122222', '20240406', 'ORD000926', 'EXE000926', '000006', '2', 80, 46300793.00),
('99911122222', '20240724', 'ORD000927', 'EXE000927', '000007', '2', 67, 42112180.00),
('99911122222', '20240514', 'ORD000928', 'EXE000928', '000008', '1', 74, 10625795.00),
('99911122222', '20240331', 'ORD000929', 'EXE000929', '000009', '2', 16, 22155204.00),
('99911122222', '20240106', 'ORD000930', 'EXE000930', '000010', '2', 36, 528751.00);

-- 4. 리밸런싱마스터 (15개)
INSERT INTO rebalancing_master (rebalancing_strategy_code, rebalancing_name, rebalancing_description, risk_level, investment_style, keyword1, keyword2, keyword3) VALUES
('CONSERVATIVE_01', '안정형 포트폴리오', '안전자산 중심의 보수적 투자 전략', '저위험', '지수추종', '안정성', '보수적', '저위험'),
('BALANCED_01', '균형형 포트폴리오', '주식과 채권의 균형잡힌 분산투자', '중위험', '지수추종', '균형', '분산투자', '중위험'),
('GROWTH_01', '성장형 포트폴리오', '성장주 중심의 적극적 투자 전략', '고위험', '성장투자', '성장성', '적극적', '고수익'),
('DIVIDEND_01', '배당형 포트폴리오', '배당수익을 중시하는 안정적 수익 추구', '저위험', '배당투자', '배당', '수익', '안정적'),
('TECH_01', 'IT기술주 포트폴리오', 'IT 기술주에 집중 투자하는 전략', '고위험', '테마/모멘텀', '기술주', 'IT', '혁신'),
('GLOBAL_01', '글로벌 포트폴리오', '해외 주식 분산투자를 통한 글로벌 전략', '중위험', '지수추종', '글로벌', '해외투자', '분산'),
('ESG_01', 'ESG 포트폴리오', '지속가능경영 기업 중심 투자', '중위험', '가치투자', '지속가능', '친환경', 'ESG'),
('SMALL_CAP_01', '중소형주 포트폴리오', '중소형 성장주 중심 투자 전략', '고위험', '성장투자', '중소형주', '성장', '고성장'),
('VALUE_01', '가치투자 포트폴리오', '저평가된 우량주 중심 투자', '중위험', '가치투자', '가치투자', '저평가', '우량주'),
('SECTOR_01', '섹터별 포트폴리오', '업종별 분산투자 전략', '중위험', '테마/모멘텀', '섹터', '업종분산', '다양화'),
('MOMENTUM_01', '모멘텀 포트폴리오', '상승 추세 종목 중심 투자', '초고위험', '테마/모멘텀', '모멘텀', '추세', '상승세'),
('DEFENSIVE_01', '방어형 포트폴리오', '경기방어주 중심의 안정적 투자', '초저위험', '배당투자', '방어', '경기방어주', '안정'),
('INCOME_01', '수익형 포트폴리오', '정기적 수익창출을 목적으로 하는 전략', '저위험', '배당투자', '수익창출', '정기수익', '안정수익'),
('EMERGING_01', '이머징 포트폴리오', '신흥시장 투자를 통한 고성장 추구', '초고위험', '성장투자', '신흥시장', '고성장', '이머징'),
('HYBRID_01', '하이브리드 포트폴리오', '여러 전략을 혼합한 복합 투자 전략', '중위험', '퀀트/시스템트레이딩', '복합전략', '하이브리드', '다전략');

-- 5. 리밸런싱분석 (15개, 전략별 분석)
INSERT INTO rebalancing_analysis (rebalancing_strategy_code, expected_return, volatility, max_drawdown, investor_preference) VALUES
('CONSERVATIVE_01', 16.84, 11.33, 16.82, 3),
('BALANCED_01', 15.45, 11.75, 8.7, 1),
('GROWTH_01', 13.46, 18.76, 26.73, 4),
('DIVIDEND_01', 17.0, 24.03, 8.19, 2),
('TECH_01', 4.12, 20.28, 28.26, 2),
('GLOBAL_01', 6.04, 18.63, 7.5, 2),
('ESG_01', 8.29, 16.35, 21.19, 2),
('SMALL_CAP_01', 9.43, 10.56, 8.31, 4),
('VALUE_01', 15.33, 10.3, 5.4, 5),
('SECTOR_01', 12.16, 10.43, 34.37, 3),
('MOMENTUM_01', 9.96, 10.05, 21.48, 5),
('DEFENSIVE_01', 4.49, 8.58, 3.52, 2),
('INCOME_01', 5.08, 23.54, 6.32, 4),
('EMERGING_01', 7.04, 13.3, 8.63, 5),
('HYBRID_01', 18.21, 8.26, 18.27, 4);

-- 6. 고객전략 (1개)
INSERT INTO customer_strategy (account_number, rebalancing_strategy_code, rebalancing_cycle, allowed_deviation, rebalancing_yn) VALUES
('99911122222', 'BALANCED_01', 30, 5.00, 'Y');

-- ========================================
-- 3단계: 입력 완료 확인
-- ========================================

-- 테이블별 데이터 건수 확인
SELECT 'stock_current_price' as table_name, COUNT(*) as row_count FROM stock_current_price
UNION ALL
SELECT 'customer_balance' as table_name, COUNT(*) as row_count FROM customer_balance
UNION ALL
SELECT 'trading_history' as table_name, COUNT(*) as row_count FROM trading_history
UNION ALL
SELECT 'rebalancing_master' as table_name, COUNT(*) as row_count FROM rebalancing_master
UNION ALL
SELECT 'rebalancing_analysis' as table_name, COUNT(*) as row_count FROM rebalancing_analysis
UNION ALL
SELECT 'customer_strategy' as table_name, COUNT(*) as row_count FROM customer_strategy;

-- 원본 테이블 구조 확인
DESCRIBE customer_balance;

-- 완료 메시지
SELECT '🎉 원본 스키마로 모든 데이터 입력이 성공적으로 완료되었습니다!' as result;

