-- 완전한 데이터베이스 정리 및 새 데이터 입력 스크립트
-- 생성일시: 2025-09-10 15:35:52

USE kpsdb;

-- ========================================
-- 1단계: 기존 데이터 완전 삭제
-- ========================================

-- 외래키 제약조건 임시 해제
SET FOREIGN_KEY_CHECKS = 0;

-- 기존 데이터 모두 삭제
DELETE FROM rebalancing_analysis;
DELETE FROM customer_strategy; 
DELETE FROM customer_balance;
DELETE FROM trading_history;
DELETE FROM rebalancing_master;
DELETE FROM stock_current_price;

-- 외래키 제약조건 복원
SET FOREIGN_KEY_CHECKS = 1;

-- ========================================
-- 2단계: 새 데이터 입력
-- ========================================

-- 1. 종목현재가 (2,500개 - 순차적 중복 없음 보장)
INSERT INTO stock_current_price (stock_code, current_price) VALUES
('000001', 157898),
('000002', 149085),
('000003', 371223),
('000004', 286309),
('000005', 208881),
('000006', 291581),
('000007', 720517),
('000008', 452466),
('000009', 634588),
('000010', 442057),
('000011', 681993),
('000012', 887230),
('000013', 223803),
('000014', 835002),
('000015', 895924),
('000016', 826683),
('000017', 394276),
('000018', 663618),
('000019', 79407),
('000020', 856919),
('000021', 313746),
('000022', 760373),
('000023', 806917),
('000024', 34533),
('000025', 725983),
('000026', 385929),
('000027', 768308),
('000028', 689192),
('000029', 8752),
('000030', 829695),
('000031', 857734),
('000032', 325562),
('000033', 231032),
('000034', 139725),
('000035', 850014),
('000036', 890116),
('000037', 834298),
('000038', 281244),
('000039', 48458),
('000040', 200863),
('000041', 290273),
('000042', 190123),
('000043', 880940),
('000044', 50543),
('000045', 895447),
('000046', 571408),
('000047', 762277),
('000048', 853542),
('000049', 149281),
('000050', 58311),
('000051', 790041),
('000052', 129122),
('000053', 445769),
('000054', 699217),
('000055', 603590),
('000056', 78056),
('000057', 828295),
('000058', 536113),
('000059', 4157),
('000060', 802405),
('000061', 64811),
('000062', 820531),
('000063', 512698),
('000064', 220121),
('000065', 198717),
('000066', 20787),
('000067', 729757),
('000068', 626443),
('000069', 451720),
('000070', 301436),
('000071', 189817),
('000072', 482648),
('000073', 582312),
('000074', 669528),
('000075', 491277),
('000076', 758772),
('000077', 274837),
('000078', 796682),
('000079', 219758),
('000080', 516440),
('000081', 600116),
('000082', 770350),
('000083', 536450),
('000084', 278208),
('000085', 828557),
('000086', 86242),
('000087', 191362),
('000088', 123479),
('000089', 781313),
('000090', 362733),
('000091', 26659),
('000092', 678555),
('000093', 217995),
('000094', 577347),
('000095', 366333),
('000096', 335399),
('000097', 448602),
('000098', 437804),
('000099', 512825),
('000100', 271074),
('000101', 338914),
('000102', 591472),
('000103', 761914),
('000104', 449709),
('000105', 96548),
('000106', 699813),
('000107', 571308),
('000108', 545636),
('000109', 884082),
('000110', 476842),
('000111', 139275),
('000112', 796334),
('000113', 280395),
('000114', 470151),
('000115', 242794),
('000116', 192332),
('000117', 78069),
('000118', 869591),
('000119', 865755),
('000120', 769920),
('000121', 443845),
('000122', 37508),
('000123', 812733),
('000124', 420758),
('000125', 799438),
('000126', 315229),
('000127', 804187),
('000128', 684841),
('000129', 351026),
('000130', 421235),
('000131', 763616),
('000132', 227282),
('000133', 476365),
('000134', 651725),
('000135', 691223),
('000136', 725426),
('000137', 281158),
('000138', 708185),
('000139', 131375),
('000140', 356054),
('000141', 597901),
('000142', 76135),
('000143', 698212),
('000144', 330089),
('000145', 849419),
('000146', 631736),
('000147', 321807),
('000148', 57154),
('000149', 477554),
('000150', 388132),
('000151', 547993),
('000152', 464573),
('000153', 131213),
('000154', 254290),
('000155', 660383),
('000156', 606940),
('000157', 629099),
('000158', 882780),
('000159', 601985),
('000160', 694757),
('000161', 271510),
('000162', 358537),
('000163', 394810),
('000164', 227513),
('000165', 229998),
('000166', 181533),
('000167', 495322),
('000168', 292002),
('000169', 322402),
('000170', 244937),
('000171', 137474),
('000172', 636331),
('000173', 624257),
('000174', 30619),
('000175', 381136),
('000176', 285132),
('000177', 84137),
('000178', 487266),
('000179', 153704),
('000180', 185494),
('000181', 505104),
('000182', 378522),
('000183', 799441),
('000184', 81081),
('000185', 235324),
('000186', 125019),
('000187', 894451),
('000188', 14364),
('000189', 675671),
('000190', 664708),
('000191', 667155),
('000192', 259242),
('000193', 263299),
('000194', 191882),
('000195', 362419),
('000196', 712177),
('000197', 406580),
('000198', 177281),
('000199', 721001),
('000200', 179697),
('000201', 505661),
('000202', 612711),
('000203', 775043),
('000204', 592994),
('000205', 210761),
('000206', 735869),
('000207', 377967),
('000208', 597263),
('000209', 506780),
('000210', 243779),
('000211', 433257),
('000212', 399005),
('000213', 408848),
('000214', 368032),
('000215', 551308),
('000216', 462647),
('000217', 291726),
('000218', 472778),
('000219', 70401),
('000220', 623836),
('000221', 173642),
('000222', 802874),
('000223', 221640),
('000224', 81752),
('000225', 856797),
('000226', 442400),
('000227', 303461),
('000228', 220010),
('000229', 195420),
('000230', 665998),
('000231', 263111),
('000232', 167313),
('000233', 872559),
('000234', 294040),
('000235', 812761),
('000236', 550912),
('000237', 581556),
('000238', 22443),
('000239', 365161),
('000240', 703895),
('000241', 543519),
('000242', 577381),
('000243', 51688),
('000244', 446250),
('000245', 512203),
('000246', 543957),
('000247', 775595),
('000248', 802467),
('000249', 116563),
('000250', 158738),
('000251', 87350),
('000252', 743795),
('000253', 315788),
('000254', 583130),
('000255', 386520),
('000256', 356682),
('000257', 825757),
('000258', 324844),
('000259', 150209),
('000260', 351392),
('000261', 710707),
('000262', 48278),
('000263', 667958),
('000264', 94374),
('000265', 679993),
('000266', 466971),
('000267', 170021),
('000268', 73673),
('000269', 224912),
('000270', 411477),
('000271', 132661),
('000272', 5083),
('000273', 142208),
('000274', 11297),
('000275', 584014),
('000276', 769661),
('000277', 28860),
('000278', 747608),
('000279', 257100),
('000280', 157186),
('000281', 601080),
('000282', 643194),
('000283', 416875),
('000284', 361086),
('000285', 90639),
('000286', 818245),
('000287', 93585),
('000288', 618603),
('000289', 530809),
('000290', 13590),
('000291', 71607),
('000292', 523331),
('000293', 96742),
('000294', 22236),
('000295', 242172),
('000296', 193843),
('000297', 96025),
('000298', 669466),
('000299', 404075),
('000300', 275096),
('000301', 560198),
('000302', 495915),
('000303', 253001),
('000304', 272131),
('000305', 190497),
('000306', 729790),
('000307', 621686),
('000308', 267016),
('000309', 401753),
('000310', 86870),
('000311', 54652),
('000312', 829453),
('000313', 858785),
('000314', 416049),
('000315', 221903),
('000316', 184502),
('000317', 874961),
('000318', 845604),
('000319', 571208),
('000320', 798964),
('000321', 2722),
('000322', 605383),
('000323', 687529),
('000324', 388857),
('000325', 104804),
('000326', 358940),
('000327', 895581),
('000328', 340970),
('000329', 653921),
('000330', 607707),
('000331', 824691),
('000332', 335098),
('000333', 45444),
('000334', 415268),
('000335', 10828),
('000336', 888989),
('000337', 816461),
('000338', 291387),
('000339', 492924),
('000340', 677263),
('000341', 174753),
('000342', 155768),
('000343', 129787),
('000344', 404833),
('000345', 578241),
('000346', 642309),
('000347', 878911),
('000348', 577988),
('000349', 328417),
('000350', 319635),
('000351', 125166),
('000352', 777588),
('000353', 610590),
('000354', 560527),
('000355', 440834),
('000356', 859909),
('000357', 506391),
('000358', 632560),
('000359', 519223),
('000360', 749003),
('000361', 185108),
('000362', 87092),
('000363', 366235),
('000364', 586158),
('000365', 206030),
('000366', 632888),
('000367', 657314),
('000368', 220088),
('000369', 35223),
('000370', 775365),
('000371', 512712),
('000372', 808655),
('000373', 495362),
('000374', 184808),
('000375', 596064),
('000376', 738089),
('000377', 12882),
('000378', 778999),
('000379', 753344),
('000380', 712039),
('000381', 687862),
('000382', 294125),
('000383', 619590),
('000384', 251078),
('000385', 332867),
('000386', 437815),
('000387', 191706),
('000388', 77218),
('000389', 357844),
('000390', 231409),
('000391', 431962),
('000392', 822647),
('000393', 48410),
('000394', 411266),
('000395', 273554),
('000396', 425289),
('000397', 897798),
('000398', 735372),
('000399', 75876),
('000400', 270709),
('000401', 537925),
('000402', 438573),
('000403', 799799),
('000404', 544437),
('000405', 539540),
('000406', 614595),
('000407', 204818),
('000408', 94733),
('000409', 258982),
('000410', 804258),
('000411', 770265),
('000412', 866761),
('000413', 278564),
('000414', 251709),
('000415', 93893),
('000416', 794593),
('000417', 716978),
('000418', 603124),
('000419', 129443),
('000420', 398735),
('000421', 38828),
('000422', 276199),
('000423', 647411),
('000424', 666793),
('000425', 635533),
('000426', 648202),
('000427', 888968),
('000428', 848832),
('000429', 160876),
('000430', 512454),
('000431', 717259),
('000432', 223933),
('000433', 92345),
('000434', 467691),
('000435', 742222),
('000436', 658079),
('000437', 48600),
('000438', 451413),
('000439', 205148),
('000440', 358163),
('000441', 321249),
('000442', 764406),
('000443', 209998),
('000444', 198366),
('000445', 448721),
('000446', 648136),
('000447', 45792),
('000448', 654925),
('000449', 473810),
('000450', 759195),
('000451', 175853),
('000452', 649328),
('000453', 413175),
('000454', 361720),
('000455', 852320),
('000456', 818219),
('000457', 718670),
('000458', 287440),
('000459', 401950),
('000460', 757982),
('000461', 520942),
('000462', 738702),
('000463', 345883),
('000464', 162219),
('000465', 381731),
('000466', 385124),
('000467', 763605),
('000468', 169882),
('000469', 737091),
('000470', 12535),
('000471', 262748),
('000472', 703795),
('000473', 217027),
('000474', 199176),
('000475', 595107),
('000476', 224469),
('000477', 300294),
('000478', 474547),
('000479', 61389),
('000480', 417969),
('000481', 198780),
('000482', 797225),
('000483', 582450),
('000484', 442625),
('000485', 117957),
('000486', 490263),
('000487', 871075),
('000488', 56777),
('000489', 30311),
('000490', 625162),
('000491', 601110),
('000492', 510032),
('000493', 493222),
('000494', 852991),
('000495', 757048),
('000496', 249933),
('000497', 31696),
('000498', 388759),
('000499', 533354),
('000500', 416692),
('000501', 448489),
('000502', 674778),
('000503', 879912),
('000504', 471503),
('000505', 241188),
('000506', 310870),
('000507', 464005),
('000508', 883649),
('000509', 868146),
('000510', 465176),
('000511', 620966),
('000512', 728097),
('000513', 849991),
('000514', 472418),
('000515', 879183),
('000516', 873096),
('000517', 872641),
('000518', 445804),
('000519', 142183),
('000520', 859944),
('000521', 833603),
('000522', 833265),
('000523', 549120),
('000524', 68890),
('000525', 480572),
('000526', 235131),
('000527', 233459),
('000528', 118123),
('000529', 566409),
('000530', 114991),
('000531', 281619),
('000532', 658817),
('000533', 643531),
('000534', 592026),
('000535', 521331),
('000536', 610828),
('000537', 752710),
('000538', 90299),
('000539', 840677),
('000540', 805512),
('000541', 822060),
('000542', 595125),
('000543', 200231),
('000544', 287622),
('000545', 87728),
('000546', 28101),
('000547', 602063),
('000548', 199271),
('000549', 573109),
('000550', 217806),
('000551', 592609),
('000552', 507383),
('000553', 690502),
('000554', 269416),
('000555', 882898),
('000556', 653386),
('000557', 180235),
('000558', 169265),
('000559', 668123),
('000560', 300239),
('000561', 771815),
('000562', 549495),
('000563', 280178),
('000564', 69677),
('000565', 111058),
('000566', 821990),
('000567', 72240),
('000568', 105729),
('000569', 750434),
('000570', 331503),
('000571', 441488),
('000572', 187747),
('000573', 654927),
('000574', 516248),
('000575', 555172),
('000576', 606664),
('000577', 872201),
('000578', 238028),
('000579', 239406),
('000580', 803585),
('000581', 493073),
('000582', 788644),
('000583', 124795),
('000584', 624392),
('000585', 660568),
('000586', 465374),
('000587', 703693),
('000588', 601216),
('000589', 809448),
('000590', 89150),
('000591', 835298),
('000592', 531071),
('000593', 485582),
('000594', 428610),
('000595', 349511),
('000596', 208622),
('000597', 498689),
('000598', 179789),
('000599', 687906),
('000600', 145685),
('000601', 453316),
('000602', 300304),
('000603', 367535),
('000604', 860505),
('000605', 813363),
('000606', 233523),
('000607', 238042),
('000608', 618983),
('000609', 312750),
('000610', 33526),
('000611', 217640),
('000612', 374532),
('000613', 442215),
('000614', 653177),
('000615', 459892),
('000616', 150293),
('000617', 657686),
('000618', 6599),
('000619', 265506),
('000620', 282012),
('000621', 99266),
('000622', 757299),
('000623', 691872),
('000624', 675137),
('000625', 835401),
('000626', 458228),
('000627', 67148),
('000628', 511191),
('000629', 357646),
('000630', 569909),
('000631', 182581),
('000632', 242711),
('000633', 133226),
('000634', 833724),
('000635', 589105),
('000636', 721500),
('000637', 342519),
('000638', 351273),
('000639', 262585),
('000640', 118709),
('000641', 170224),
('000642', 135239),
('000643', 313272),
('000644', 137337),
('000645', 501385),
('000646', 365370),
('000647', 69371),
('000648', 318813),
('000649', 420888),
('000650', 164950),
('000651', 543404),
('000652', 499917),
('000653', 198781),
('000654', 286280),
('000655', 783865),
('000656', 793225),
('000657', 456922),
('000658', 351534),
('000659', 626150),
('000660', 708715),
('000661', 447972),
('000662', 203461),
('000663', 74309),
('000664', 157200),
('000665', 393687),
('000666', 278955),
('000667', 553965),
('000668', 274275),
('000669', 562498),
('000670', 67171),
('000671', 322718),
('000672', 830942),
('000673', 657607),
('000674', 871501),
('000675', 262456),
('000676', 885839),
('000677', 374301),
('000678', 274225),
('000679', 629982),
('000680', 757621),
('000681', 556665),
('000682', 472939),
('000683', 298403),
('000684', 487024),
('000685', 679554),
('000686', 569933),
('000687', 50752),
('000688', 219058),
('000689', 226017),
('000690', 787348),
('000691', 369616),
('000692', 39368),
('000693', 403699),
('000694', 868988),
('000695', 792365),
('000696', 683957),
('000697', 173978),
('000698', 661748),
('000699', 128350),
('000700', 95783),
('000701', 459362),
('000702', 579399),
('000703', 731877),
('000704', 313418),
('000705', 291190),
('000706', 821051),
('000707', 322819),
('000708', 810969),
('000709', 448828),
('000710', 39689),
('000711', 490915),
('000712', 704502),
('000713', 9366),
('000714', 64924),
('000715', 619287),
('000716', 286706),
('000717', 509664),
('000718', 808997),
('000719', 28287),
('000720', 290498),
('000721', 597069),
('000722', 530375),
('000723', 30185),
('000724', 759821),
('000725', 679710),
('000726', 636648),
('000727', 25001),
('000728', 21467),
('000729', 431174),
('000730', 14226),
('000731', 230303),
('000732', 150810),
('000733', 204033),
('000734', 704157),
('000735', 744993),
('000736', 231323),
('000737', 580661),
('000738', 710341),
('000739', 654256),
('000740', 267179),
('000741', 292227),
('000742', 658417),
('000743', 319600),
('000744', 412979),
('000745', 721278),
('000746', 798929),
('000747', 464371),
('000748', 484975),
('000749', 336533),
('000750', 43247),
('000751', 561379),
('000752', 426203),
('000753', 604800),
('000754', 369316),
('000755', 425806),
('000756', 561219),
('000757', 245748),
('000758', 894803),
('000759', 363298),
('000760', 147606),
('000761', 566994),
('000762', 525738),
('000763', 868752),
('000764', 271294),
('000765', 864475),
('000766', 874706),
('000767', 371902),
('000768', 596004),
('000769', 435545),
('000770', 506108),
('000771', 732396),
('000772', 48082),
('000773', 501370),
('000774', 775714),
('000775', 368108),
('000776', 393203),
('000777', 511798),
('000778', 457148),
('000779', 795561),
('000780', 542712),
('000781', 432666),
('000782', 333554),
('000783', 297812),
('000784', 19026),
('000785', 313948),
('000786', 59916),
('000787', 739966),
('000788', 627792),
('000789', 524680),
('000790', 759698),
('000791', 135499),
('000792', 38948),
('000793', 682197),
('000794', 866663),
('000795', 800597),
('000796', 551030),
('000797', 616331),
('000798', 575703),
('000799', 43484),
('000800', 642685),
('000801', 697478),
('000802', 390699),
('000803', 261363),
('000804', 194998),
('000805', 262650),
('000806', 355671),
('000807', 436909),
('000808', 428657),
('000809', 343081),
('000810', 405884),
('000811', 534443),
('000812', 24725),
('000813', 671118),
('000814', 286103),
('000815', 682210),
('000816', 893568),
('000817', 40429),
('000818', 658394),
('000819', 678273),
('000820', 391790),
('000821', 593635),
('000822', 328458),
('000823', 31322),
('000824', 842198),
('000825', 852003),
('000826', 464625),
('000827', 525989),
('000828', 563653),
('000829', 461078),
('000830', 465810),
('000831', 524515),
('000832', 898443),
('000833', 274896),
('000834', 162679),
('000835', 179374),
('000836', 248136),
('000837', 739410),
('000838', 732602),
('000839', 275283),
('000840', 845350),
('000841', 805633),
('000842', 738158),
('000843', 859070),
('000844', 211080),
('000845', 142925),
('000846', 244028),
('000847', 447037),
('000848', 848875),
('000849', 124888),
('000850', 764187),
('000851', 853039),
('000852', 130337),
('000853', 184757),
('000854', 771974),
('000855', 616114),
('000856', 889808),
('000857', 419497),
('000858', 690994),
('000859', 447865),
('000860', 191547),
('000861', 158748),
('000862', 662204),
('000863', 593756),
('000864', 595047),
('000865', 379783),
('000866', 83339),
('000867', 815321),
('000868', 855040),
('000869', 836848),
('000870', 441584),
('000871', 299610),
('000872', 575175),
('000873', 848853),
('000874', 128781),
('000875', 267123),
('000876', 362563),
('000877', 76431),
('000878', 139879),
('000879', 76853),
('000880', 89144),
('000881', 869213),
('000882', 40791),
('000883', 245518),
('000884', 515788),
('000885', 535334),
('000886', 732382),
('000887', 160041),
('000888', 96106),
('000889', 682415),
('000890', 64295),
('000891', 853903),
('000892', 395547),
('000893', 452323),
('000894', 734750),
('000895', 859413),
('000896', 432467),
('000897', 251512),
('000898', 733014),
('000899', 182996),
('000900', 237273),
('000901', 54016),
('000902', 605574),
('000903', 238767),
('000904', 896876),
('000905', 646294),
('000906', 625457),
('000907', 221671),
('000908', 6686),
('000909', 608441),
('000910', 528392),
('000911', 550796),
('000912', 418500),
('000913', 641728),
('000914', 154922),
('000915', 593297),
('000916', 18568),
('000917', 825257),
('000918', 495907),
('000919', 843457),
('000920', 610006),
('000921', 869883),
('000922', 310799),
('000923', 139778),
('000924', 493144),
('000925', 713970),
('000926', 48911),
('000927', 657872),
('000928', 48952),
('000929', 582617),
('000930', 350845),
('000931', 858774),
('000932', 363979),
('000933', 515660),
('000934', 745056),
('000935', 248141),
('000936', 824377),
('000937', 456924),
('000938', 579063),
('000939', 813768),
('000940', 575896),
('000941', 740535),
('000942', 668808),
('000943', 518084),
('000944', 177141),
('000945', 44957),
('000946', 801280),
('000947', 740438),
('000948', 689882),
('000949', 205423),
('000950', 359589),
('000951', 503099),
('000952', 453951),
('000953', 459155),
('000954', 360184),
('000955', 18524),
('000956', 363946),
('000957', 445833),
('000958', 221977),
('000959', 828996),
('000960', 420164),
('000961', 354875),
('000962', 142157),
('000963', 358636),
('000964', 21235),
('000965', 660398),
('000966', 244317),
('000967', 763896),
('000968', 837667),
('000969', 781795),
('000970', 468890),
('000971', 169841),
('000972', 717863),
('000973', 715002),
('000974', 491445),
('000975', 658183),
('000976', 248837),
('000977', 659697),
('000978', 414018),
('000979', 352849),
('000980', 85714),
('000981', 583498),
('000982', 413817),
('000983', 782361),
('000984', 339102),
('000985', 309206),
('000986', 521288),
('000987', 363574),
('000988', 382807),
('000989', 770121),
('000990', 384114),
('000991', 95824),
('000992', 82013),
('000993', 815851),
('000994', 370392),
('000995', 847165),
('000996', 8139),
('000997', 853256),
('000998', 735761),
('000999', 499856),
('001000', 115927),
('001001', 132623),
('001002', 538039),
('001003', 743082),
('001004', 492992),
('001005', 161345),
('001006', 529183),
('001007', 545697),
('001008', 228384),
('001009', 666725),
('001010', 194554),
('001011', 465078),
('001012', 799108),
('001013', 226172),
('001014', 436536),
('001015', 748466),
('001016', 336010),
('001017', 664747),
('001018', 650924),
('001019', 707024),
('001020', 258166),
('001021', 142770),
('001022', 436143),
('001023', 507758),
('001024', 812062),
('001025', 509143),
('001026', 151366),
('001027', 705266),
('001028', 256368),
('001029', 405319),
('001030', 877684),
('001031', 247140),
('001032', 76310),
('001033', 587065),
('001034', 673505),
('001035', 629970),
('001036', 549076),
('001037', 720309),
('001038', 694372),
('001039', 895207),
('001040', 526439),
('001041', 718609),
('001042', 103071),
('001043', 808382),
('001044', 262992),
('001045', 527744),
('001046', 224476),
('001047', 166484),
('001048', 792147),
('001049', 751060),
('001050', 271022),
('001051', 478863),
('001052', 13904),
('001053', 870094),
('001054', 31074),
('001055', 797846),
('001056', 633328),
('001057', 92488),
('001058', 739395),
('001059', 479569),
('001060', 859762),
('001061', 189210),
('001062', 616875),
('001063', 453212),
('001064', 504425),
('001065', 133716),
('001066', 887085),
('001067', 58933),
('001068', 735488),
('001069', 836900),
('001070', 499080),
('001071', 507959),
('001072', 202281),
('001073', 613276),
('001074', 309408),
('001075', 649187),
('001076', 887942),
('001077', 732104),
('001078', 824550),
('001079', 137666),
('001080', 871305),
('001081', 61579),
('001082', 283547),
('001083', 196327),
('001084', 621769),
('001085', 381269),
('001086', 156735),
('001087', 370770),
('001088', 759916),
('001089', 242550),
('001090', 889794),
('001091', 163616),
('001092', 13966),
('001093', 439301),
('001094', 162759),
('001095', 154009),
('001096', 140412),
('001097', 713541),
('001098', 547423),
('001099', 421816),
('001100', 889000),
('001101', 723383),
('001102', 781101),
('001103', 12452),
('001104', 628386),
('001105', 265248),
('001106', 730493),
('001107', 150896),
('001108', 67112),
('001109', 765007),
('001110', 392100),
('001111', 90562),
('001112', 613985),
('001113', 72091),
('001114', 211540),
('001115', 134670),
('001116', 367012),
('001117', 397160),
('001118', 313573),
('001119', 595307),
('001120', 65207),
('001121', 257969),
('001122', 730306),
('001123', 725735),
('001124', 407847),
('001125', 507377),
('001126', 711239),
('001127', 606890),
('001128', 710057),
('001129', 440008),
('001130', 219229),
('001131', 704088),
('001132', 621442),
('001133', 899668),
('001134', 530586),
('001135', 409781),
('001136', 801190),
('001137', 736174),
('001138', 609785),
('001139', 546972),
('001140', 211097),
('001141', 30730),
('001142', 40366),
('001143', 27866),
('001144', 315523),
('001145', 814166),
('001146', 404312),
('001147', 761447),
('001148', 661465),
('001149', 328317),
('001150', 610308),
('001151', 398827),
('001152', 479344),
('001153', 703238),
('001154', 859951),
('001155', 133713),
('001156', 476398),
('001157', 853396),
('001158', 39906),
('001159', 525617),
('001160', 7986),
('001161', 352779),
('001162', 596347),
('001163', 324164),
('001164', 314770),
('001165', 388478),
('001166', 849963),
('001167', 843625),
('001168', 820326),
('001169', 182526),
('001170', 506494),
('001171', 255925),
('001172', 862876),
('001173', 722993),
('001174', 599301),
('001175', 220575),
('001176', 202034),
('001177', 151172),
('001178', 752799),
('001179', 42413),
('001180', 137231),
('001181', 522324),
('001182', 806377),
('001183', 306916),
('001184', 464267),
('001185', 663493),
('001186', 881460),
('001187', 344096),
('001188', 195812),
('001189', 501964),
('001190', 455646),
('001191', 621546),
('001192', 379848),
('001193', 610709),
('001194', 114696),
('001195', 660007),
('001196', 851533),
('001197', 397288),
('001198', 262842),
('001199', 252308),
('001200', 107536),
('001201', 123668),
('001202', 163722),
('001203', 546936),
('001204', 435694),
('001205', 714636),
('001206', 30754),
('001207', 455979),
('001208', 850423),
('001209', 331432),
('001210', 701886),
('001211', 24134),
('001212', 37476),
('001213', 433618),
('001214', 689291),
('001215', 43505),
('001216', 299081),
('001217', 564818),
('001218', 366833),
('001219', 523660),
('001220', 429553),
('001221', 166888),
('001222', 377445),
('001223', 674744),
('001224', 360154),
('001225', 857071),
('001226', 203567),
('001227', 153902),
('001228', 112971),
('001229', 402636),
('001230', 457088),
('001231', 271052),
('001232', 4308),
('001233', 122173),
('001234', 334728),
('001235', 211701),
('001236', 461700),
('001237', 120451),
('001238', 287646),
('001239', 50839),
('001240', 418461),
('001241', 829060),
('001242', 535564),
('001243', 787339),
('001244', 532098),
('001245', 171292),
('001246', 514566),
('001247', 108876),
('001248', 773188),
('001249', 867990),
('001250', 206612),
('001251', 793536),
('001252', 117861),
('001253', 259672),
('001254', 866063),
('001255', 654166),
('001256', 871687),
('001257', 155003),
('001258', 884126),
('001259', 470774),
('001260', 276158),
('001261', 76660),
('001262', 408637),
('001263', 747657),
('001264', 57390),
('001265', 642263),
('001266', 224658),
('001267', 132999),
('001268', 396561),
('001269', 771130),
('001270', 436344),
('001271', 802743),
('001272', 480658),
('001273', 318146),
('001274', 313468),
('001275', 343268),
('001276', 335720),
('001277', 161637),
('001278', 439166),
('001279', 696592),
('001280', 207853),
('001281', 430120),
('001282', 528989),
('001283', 536232),
('001284', 78960),
('001285', 173832),
('001286', 227461),
('001287', 18906),
('001288', 848115),
('001289', 358153),
('001290', 444235),
('001291', 227479),
('001292', 894131),
('001293', 226175),
('001294', 776106),
('001295', 896542),
('001296', 245150),
('001297', 110122),
('001298', 258227),
('001299', 460059),
('001300', 295161),
('001301', 41374),
('001302', 213251),
('001303', 699921),
('001304', 17913),
('001305', 748657),
('001306', 781097),
('001307', 114636),
('001308', 543429),
('001309', 150907),
('001310', 893516),
('001311', 536821),
('001312', 544799),
('001313', 295547),
('001314', 255156),
('001315', 466279),
('001316', 426599),
('001317', 405894),
('001318', 659028),
('001319', 647859),
('001320', 469847),
('001321', 660773),
('001322', 839744),
('001323', 612561),
('001324', 894118),
('001325', 340609),
('001326', 838039),
('001327', 74177),
('001328', 59621),
('001329', 688210),
('001330', 282244),
('001331', 595710),
('001332', 859400),
('001333', 81018),
('001334', 332673),
('001335', 52808),
('001336', 656997),
('001337', 444793),
('001338', 752562),
('001339', 183449),
('001340', 375528),
('001341', 345822),
('001342', 698162),
('001343', 392451),
('001344', 556102),
('001345', 205038),
('001346', 704171),
('001347', 344856),
('001348', 678334),
('001349', 399913),
('001350', 118459),
('001351', 406649),
('001352', 135435),
('001353', 862460),
('001354', 497889),
('001355', 602971),
('001356', 380735),
('001357', 4657),
('001358', 715407),
('001359', 669423),
('001360', 75879),
('001361', 89499),
('001362', 814516),
('001363', 570699),
('001364', 470305),
('001365', 775916),
('001366', 467165),
('001367', 637119),
('001368', 467933),
('001369', 819493),
('001370', 336917),
('001371', 137949),
('001372', 120581),
('001373', 766130),
('001374', 331719),
('001375', 239770),
('001376', 395501),
('001377', 52330),
('001378', 832562),
('001379', 741475),
('001380', 484627),
('001381', 63893),
('001382', 721259),
('001383', 431967),
('001384', 579589),
('001385', 660757),
('001386', 794896),
('001387', 736555),
('001388', 407397),
('001389', 79097),
('001390', 577374),
('001391', 283778),
('001392', 822283),
('001393', 623392),
('001394', 685853),
('001395', 398420),
('001396', 633417),
('001397', 688169),
('001398', 453216),
('001399', 324994),
('001400', 507881),
('001401', 581319),
('001402', 520483),
('001403', 530566),
('001404', 515939),
('001405', 534646),
('001406', 168946),
('001407', 86153),
('001408', 848800),
('001409', 740149),
('001410', 707784),
('001411', 201808),
('001412', 555288),
('001413', 505889),
('001414', 576758),
('001415', 798504),
('001416', 426094),
('001417', 484022),
('001418', 716832),
('001419', 201772),
('001420', 604366),
('001421', 29830),
('001422', 50551),
('001423', 591866),
('001424', 629640),
('001425', 264111),
('001426', 325789),
('001427', 632650),
('001428', 353103),
('001429', 217512),
('001430', 103674),
('001431', 238509),
('001432', 506238),
('001433', 158661),
('001434', 779357),
('001435', 317872),
('001436', 622385),
('001437', 734770),
('001438', 332111),
('001439', 65846),
('001440', 539493),
('001441', 700245),
('001442', 174967),
('001443', 168860),
('001444', 354402),
('001445', 103386),
('001446', 237037),
('001447', 336073),
('001448', 402828),
('001449', 15989),
('001450', 389450),
('001451', 32034),
('001452', 547033),
('001453', 755799),
('001454', 527104),
('001455', 709017),
('001456', 31516),
('001457', 81895),
('001458', 273866),
('001459', 749819),
('001460', 221362),
('001461', 350380),
('001462', 442185),
('001463', 340598),
('001464', 705761),
('001465', 605668),
('001466', 460838),
('001467', 133036),
('001468', 106855),
('001469', 618960),
('001470', 577298),
('001471', 825435),
('001472', 540932),
('001473', 460198),
('001474', 704037),
('001475', 591612),
('001476', 158570),
('001477', 808499),
('001478', 871935),
('001479', 557536),
('001480', 751010),
('001481', 757070),
('001482', 756549),
('001483', 239708),
('001484', 611516),
('001485', 3534),
('001486', 58088),
('001487', 491571),
('001488', 284405),
('001489', 454179),
('001490', 45315),
('001491', 535261),
('001492', 304185),
('001493', 4628),
('001494', 816469),
('001495', 742539),
('001496', 444309),
('001497', 877477),
('001498', 564206),
('001499', 840576),
('001500', 739750),
('001501', 646360),
('001502', 271127),
('001503', 177025),
('001504', 175770),
('001505', 754944),
('001506', 732726),
('001507', 804953),
('001508', 392538),
('001509', 302664),
('001510', 243378),
('001511', 55941),
('001512', 358665),
('001513', 148555),
('001514', 338137),
('001515', 806649),
('001516', 464155),
('001517', 878985),
('001518', 433660),
('001519', 810934),
('001520', 412419),
('001521', 476663),
('001522', 618931),
('001523', 68842),
('001524', 817598),
('001525', 346511),
('001526', 712674),
('001527', 402492),
('001528', 571417),
('001529', 183012),
('001530', 475815),
('001531', 603487),
('001532', 220432),
('001533', 57922),
('001534', 461265),
('001535', 185022),
('001536', 265128),
('001537', 214086),
('001538', 390312),
('001539', 275977),
('001540', 744901),
('001541', 38748),
('001542', 684478),
('001543', 157465),
('001544', 894161),
('001545', 12335),
('001546', 34679),
('001547', 622193),
('001548', 41656),
('001549', 553203),
('001550', 576063),
('001551', 246903),
('001552', 123880),
('001553', 198601),
('001554', 685735),
('001555', 285088),
('001556', 554684),
('001557', 416514),
('001558', 757384),
('001559', 743548),
('001560', 8117),
('001561', 691055),
('001562', 255415),
('001563', 243944),
('001564', 712503),
('001565', 802754),
('001566', 17961),
('001567', 453759),
('001568', 668820),
('001569', 214190),
('001570', 153206),
('001571', 509440),
('001572', 675598),
('001573', 288965),
('001574', 795811),
('001575', 276944),
('001576', 173528),
('001577', 300441),
('001578', 226277),
('001579', 236531),
('001580', 325713),
('001581', 46742),
('001582', 698020),
('001583', 244714),
('001584', 849543),
('001585', 721382),
('001586', 645682),
('001587', 363085),
('001588', 756404),
('001589', 460581),
('001590', 864142),
('001591', 449065),
('001592', 443083),
('001593', 549002),
('001594', 380124),
('001595', 875398),
('001596', 756532),
('001597', 93163),
('001598', 410353),
('001599', 201539),
('001600', 187566),
('001601', 461820),
('001602', 48109),
('001603', 685873),
('001604', 653944),
('001605', 653566),
('001606', 470637),
('001607', 712770),
('001608', 832942),
('001609', 47608),
('001610', 489038),
('001611', 688507),
('001612', 209278),
('001613', 670740),
('001614', 334096),
('001615', 439294),
('001616', 197685),
('001617', 56278),
('001618', 28628),
('001619', 877160),
('001620', 548824),
('001621', 627693),
('001622', 365060),
('001623', 856072),
('001624', 853440),
('001625', 80738),
('001626', 486130),
('001627', 552731),
('001628', 513688),
('001629', 543938),
('001630', 303360),
('001631', 12147),
('001632', 256101),
('001633', 683108),
('001634', 142761),
('001635', 889432),
('001636', 31026),
('001637', 619021),
('001638', 40833),
('001639', 425304),
('001640', 291910),
('001641', 458126),
('001642', 185740),
('001643', 784492),
('001644', 107021),
('001645', 225220),
('001646', 743889),
('001647', 764735),
('001648', 195946),
('001649', 107427),
('001650', 506013),
('001651', 195666),
('001652', 688739),
('001653', 640065),
('001654', 655324),
('001655', 45051),
('001656', 673642),
('001657', 764950),
('001658', 267122),
('001659', 54011),
('001660', 185375),
('001661', 10012),
('001662', 29165),
('001663', 546594),
('001664', 630151),
('001665', 513240),
('001666', 757720),
('001667', 512604),
('001668', 213499),
('001669', 842585),
('001670', 616159),
('001671', 33941),
('001672', 280680),
('001673', 731494),
('001674', 400956),
('001675', 149274),
('001676', 356033),
('001677', 439185),
('001678', 272688),
('001679', 850649),
('001680', 261754),
('001681', 589650),
('001682', 704468),
('001683', 34317),
('001684', 625184),
('001685', 42549),
('001686', 465076),
('001687', 667819),
('001688', 832772),
('001689', 583446),
('001690', 330658),
('001691', 892220),
('001692', 374317),
('001693', 519128),
('001694', 433686),
('001695', 696008),
('001696', 411670),
('001697', 834681),
('001698', 198217),
('001699', 109093),
('001700', 748461),
('001701', 581718),
('001702', 641106),
('001703', 514330),
('001704', 475753),
('001705', 120680),
('001706', 435831),
('001707', 545425),
('001708', 169703),
('001709', 37349),
('001710', 744389),
('001711', 581295),
('001712', 285685),
('001713', 256080),
('001714', 260285),
('001715', 346145),
('001716', 414593),
('001717', 580061),
('001718', 14479),
('001719', 493120),
('001720', 218595),
('001721', 571858),
('001722', 784320),
('001723', 184843),
('001724', 399956),
('001725', 225685),
('001726', 535537),
('001727', 684498),
('001728', 685928),
('001729', 5404),
('001730', 703328),
('001731', 520948),
('001732', 758168),
('001733', 100174),
('001734', 438563),
('001735', 221552),
('001736', 201628),
('001737', 608063),
('001738', 200368),
('001739', 234266),
('001740', 384025),
('001741', 120449),
('001742', 531719),
('001743', 678010),
('001744', 194308),
('001745', 741211),
('001746', 431668),
('001747', 265986),
('001748', 733575),
('001749', 634114),
('001750', 782962),
('001751', 79517),
('001752', 686724),
('001753', 750038),
('001754', 150743),
('001755', 202231),
('001756', 190739),
('001757', 834335),
('001758', 10087),
('001759', 595411),
('001760', 870862),
('001761', 392425),
('001762', 651233),
('001763', 510531),
('001764', 548370),
('001765', 172484),
('001766', 717960),
('001767', 825113),
('001768', 55950),
('001769', 592714),
('001770', 161185),
('001771', 830108),
('001772', 309395),
('001773', 700402),
('001774', 311202),
('001775', 624355),
('001776', 887888),
('001777', 645843),
('001778', 528883),
('001779', 240482),
('001780', 586516),
('001781', 868636),
('001782', 235508),
('001783', 463772),
('001784', 299119),
('001785', 638682),
('001786', 17405),
('001787', 700837),
('001788', 421501),
('001789', 842012),
('001790', 298804),
('001791', 370091),
('001792', 61069),
('001793', 375931),
('001794', 830258),
('001795', 454673),
('001796', 227792),
('001797', 445350),
('001798', 221422),
('001799', 463880),
('001800', 151377),
('001801', 507841),
('001802', 774595),
('001803', 48744),
('001804', 520629),
('001805', 711708),
('001806', 322749),
('001807', 213280),
('001808', 452263),
('001809', 142885),
('001810', 634669),
('001811', 604749),
('001812', 181224),
('001813', 158460),
('001814', 254954),
('001815', 562492),
('001816', 347162),
('001817', 271806),
('001818', 885330),
('001819', 188035),
('001820', 281591),
('001821', 220203),
('001822', 531762),
('001823', 880446),
('001824', 891420),
('001825', 147175),
('001826', 394354),
('001827', 693904),
('001828', 353896),
('001829', 197087),
('001830', 570729),
('001831', 435571),
('001832', 331484),
('001833', 508982),
('001834', 638248),
('001835', 184282),
('001836', 822904),
('001837', 37508),
('001838', 893965),
('001839', 325359),
('001840', 324004),
('001841', 477038),
('001842', 273433),
('001843', 198043),
('001844', 807558),
('001845', 707565),
('001846', 835311),
('001847', 70669),
('001848', 758451),
('001849', 850095),
('001850', 604679),
('001851', 620721),
('001852', 541490),
('001853', 31178),
('001854', 161395),
('001855', 708814),
('001856', 718912),
('001857', 763296),
('001858', 412024),
('001859', 611482),
('001860', 460103),
('001861', 14234),
('001862', 261217),
('001863', 128415),
('001864', 388537),
('001865', 202158),
('001866', 845174),
('001867', 609864),
('001868', 291680),
('001869', 131472),
('001870', 441180),
('001871', 639870),
('001872', 412285),
('001873', 719370),
('001874', 418914),
('001875', 110929),
('001876', 604483),
('001877', 898986),
('001878', 436496),
('001879', 156340),
('001880', 285159),
('001881', 644847),
('001882', 726252),
('001883', 718873),
('001884', 136646),
('001885', 507190),
('001886', 90795),
('001887', 322061),
('001888', 884927),
('001889', 101706),
('001890', 716653),
('001891', 461103),
('001892', 131380),
('001893', 178638),
('001894', 4341),
('001895', 310993),
('001896', 437709),
('001897', 363677),
('001898', 622147),
('001899', 116297),
('001900', 123901),
('001901', 659692),
('001902', 882062),
('001903', 315835),
('001904', 593041),
('001905', 285339),
('001906', 257567),
('001907', 804952),
('001908', 42055),
('001909', 330834),
('001910', 726722),
('001911', 450299),
('001912', 566914),
('001913', 828465),
('001914', 174614),
('001915', 626875),
('001916', 173958),
('001917', 48830),
('001918', 564118),
('001919', 486711),
('001920', 532048),
('001921', 607108),
('001922', 476775),
('001923', 364583),
('001924', 428537),
('001925', 226628),
('001926', 705360),
('001927', 659318),
('001928', 684211),
('001929', 26791),
('001930', 280350),
('001931', 55586),
('001932', 450782),
('001933', 765893),
('001934', 853816),
('001935', 862848),
('001936', 315105),
('001937', 283778),
('001938', 794694),
('001939', 815929),
('001940', 674641),
('001941', 67715),
('001942', 821721),
('001943', 21154),
('001944', 513642),
('001945', 764788),
('001946', 246070),
('001947', 446797),
('001948', 86123),
('001949', 287833),
('001950', 190601),
('001951', 830886),
('001952', 634415),
('001953', 292056),
('001954', 116556),
('001955', 630529),
('001956', 223072),
('001957', 570427),
('001958', 362105),
('001959', 104218),
('001960', 448799),
('001961', 413884),
('001962', 427700),
('001963', 835578),
('001964', 657578),
('001965', 501943),
('001966', 635180),
('001967', 205607),
('001968', 796777),
('001969', 603980),
('001970', 604890),
('001971', 339465),
('001972', 890728),
('001973', 611317),
('001974', 286022),
('001975', 474690),
('001976', 876746),
('001977', 677410),
('001978', 552996),
('001979', 514917),
('001980', 868636),
('001981', 818131),
('001982', 392762),
('001983', 412113),
('001984', 548356),
('001985', 222928),
('001986', 560752),
('001987', 32229),
('001988', 766334),
('001989', 48573),
('001990', 370552),
('001991', 764634),
('001992', 387009),
('001993', 23172),
('001994', 747449),
('001995', 336666),
('001996', 140650),
('001997', 287110),
('001998', 378449),
('001999', 859072),
('002000', 254473),
('002001', 83073),
('002002', 702609),
('002003', 522317),
('002004', 698532),
('002005', 372747),
('002006', 223224),
('002007', 862594),
('002008', 312991),
('002009', 536857),
('002010', 673671),
('002011', 757741),
('002012', 494790),
('002013', 547799),
('002014', 71087),
('002015', 692438),
('002016', 772836),
('002017', 587630),
('002018', 299844),
('002019', 329537),
('002020', 16630),
('002021', 777527),
('002022', 62162),
('002023', 694460),
('002024', 731124),
('002025', 873561),
('002026', 629262),
('002027', 215292),
('002028', 789279),
('002029', 222204),
('002030', 150000),
('002031', 874621),
('002032', 528123),
('002033', 115885),
('002034', 804142),
('002035', 17802),
('002036', 815916),
('002037', 820897),
('002038', 302282),
('002039', 221063),
('002040', 727557),
('002041', 470664),
('002042', 247373),
('002043', 117516),
('002044', 75526),
('002045', 247164),
('002046', 462611),
('002047', 704375),
('002048', 276502),
('002049', 753144),
('002050', 12754),
('002051', 225792),
('002052', 120433),
('002053', 151754),
('002054', 300069),
('002055', 550272),
('002056', 105951),
('002057', 684813),
('002058', 770496),
('002059', 768449),
('002060', 102501),
('002061', 632999),
('002062', 817126),
('002063', 226550),
('002064', 874143),
('002065', 220424),
('002066', 393741),
('002067', 142412),
('002068', 781516),
('002069', 629283),
('002070', 780447),
('002071', 701417),
('002072', 460865),
('002073', 234413),
('002074', 160922),
('002075', 622706),
('002076', 97607),
('002077', 815209),
('002078', 483749),
('002079', 389014),
('002080', 369652),
('002081', 178023),
('002082', 515082),
('002083', 670990),
('002084', 704122),
('002085', 271578),
('002086', 254572),
('002087', 492052),
('002088', 76466),
('002089', 432300),
('002090', 167673),
('002091', 635993),
('002092', 210775),
('002093', 729077),
('002094', 626709),
('002095', 591973),
('002096', 703059),
('002097', 451643),
('002098', 32090),
('002099', 218281),
('002100', 880310),
('002101', 728753),
('002102', 518102),
('002103', 644368),
('002104', 75293),
('002105', 631153),
('002106', 204237),
('002107', 675919),
('002108', 147187),
('002109', 133452),
('002110', 857727),
('002111', 250060),
('002112', 778992),
('002113', 781971),
('002114', 849036),
('002115', 770174),
('002116', 358079),
('002117', 145716),
('002118', 660553),
('002119', 800266),
('002120', 441130),
('002121', 87373),
('002122', 592609),
('002123', 438862),
('002124', 45487),
('002125', 734199),
('002126', 401981),
('002127', 562663),
('002128', 158855),
('002129', 11936),
('002130', 459471),
('002131', 82855),
('002132', 668075),
('002133', 25028),
('002134', 224467),
('002135', 400806),
('002136', 791057),
('002137', 273210),
('002138', 87869),
('002139', 665992),
('002140', 653430),
('002141', 380652),
('002142', 622258),
('002143', 790014),
('002144', 83858),
('002145', 471833),
('002146', 547731),
('002147', 867400),
('002148', 262993),
('002149', 680430),
('002150', 736097),
('002151', 392837),
('002152', 85677),
('002153', 818915),
('002154', 750229),
('002155', 154138),
('002156', 652851),
('002157', 542959),
('002158', 33492),
('002159', 175633),
('002160', 13413),
('002161', 262159),
('002162', 175319),
('002163', 158414),
('002164', 134111),
('002165', 440592),
('002166', 686031),
('002167', 145416),
('002168', 478678),
('002169', 435401),
('002170', 878667),
('002171', 748523),
('002172', 444091),
('002173', 257981),
('002174', 766010),
('002175', 90072),
('002176', 376752),
('002177', 35510),
('002178', 239852),
('002179', 533868),
('002180', 210023),
('002181', 21043),
('002182', 231992),
('002183', 866496),
('002184', 416683),
('002185', 220137),
('002186', 142560),
('002187', 610451),
('002188', 864255),
('002189', 155119),
('002190', 784017),
('002191', 367421),
('002192', 718815),
('002193', 791746),
('002194', 876835),
('002195', 403507),
('002196', 445831),
('002197', 453846),
('002198', 328046),
('002199', 524286),
('002200', 761735),
('002201', 777839),
('002202', 731477),
('002203', 561930),
('002204', 749417),
('002205', 648143),
('002206', 32958),
('002207', 285099),
('002208', 296753),
('002209', 489227),
('002210', 199816),
('002211', 710968),
('002212', 219523),
('002213', 151164),
('002214', 781244),
('002215', 341003),
('002216', 107218),
('002217', 518493),
('002218', 504146),
('002219', 650681),
('002220', 111264),
('002221', 625753),
('002222', 726991),
('002223', 362381),
('002224', 184269),
('002225', 341070),
('002226', 323919),
('002227', 751164),
('002228', 589565),
('002229', 572229),
('002230', 404130),
('002231', 581756),
('002232', 738530),
('002233', 644926),
('002234', 648872),
('002235', 545937),
('002236', 301311),
('002237', 738072),
('002238', 193050),
('002239', 779955),
('002240', 318460),
('002241', 256477),
('002242', 447742),
('002243', 504382),
('002244', 868505),
('002245', 584270),
('002246', 822989),
('002247', 240690),
('002248', 454447),
('002249', 114953),
('002250', 569718),
('002251', 316457),
('002252', 591723),
('002253', 90209),
('002254', 577340),
('002255', 666530),
('002256', 362706),
('002257', 272672),
('002258', 116455),
('002259', 161484),
('002260', 509584),
('002261', 268931),
('002262', 246489),
('002263', 883085),
('002264', 266592),
('002265', 491710),
('002266', 867419),
('002267', 577490),
('002268', 745892),
('002269', 397676),
('002270', 401144),
('002271', 777066),
('002272', 362775),
('002273', 272524),
('002274', 493496),
('002275', 323925),
('002276', 768522),
('002277', 844672),
('002278', 490695),
('002279', 47061),
('002280', 1764),
('002281', 22693),
('002282', 604170),
('002283', 597788),
('002284', 617956),
('002285', 603118),
('002286', 589392),
('002287', 464228),
('002288', 394245),
('002289', 555829),
('002290', 548821),
('002291', 232403),
('002292', 742620),
('002293', 792161),
('002294', 741139),
('002295', 354665),
('002296', 865238),
('002297', 268451),
('002298', 687334),
('002299', 521218),
('002300', 827293),
('002301', 697134),
('002302', 813588),
('002303', 797659),
('002304', 621697),
('002305', 350966),
('002306', 717647),
('002307', 745912),
('002308', 250181),
('002309', 288496),
('002310', 599735),
('002311', 452867),
('002312', 865125),
('002313', 693210),
('002314', 103229),
('002315', 128411),
('002316', 131708),
('002317', 639455),
('002318', 248228),
('002319', 528320),
('002320', 332050),
('002321', 76054),
('002322', 629049),
('002323', 728118),
('002324', 88056),
('002325', 523649),
('002326', 897322),
('002327', 879248),
('002328', 477316),
('002329', 138011),
('002330', 67012),
('002331', 223721),
('002332', 815692),
('002333', 856575),
('002334', 622790),
('002335', 35429),
('002336', 802283),
('002337', 753240),
('002338', 264002),
('002339', 764058),
('002340', 769479),
('002341', 390629),
('002342', 616197),
('002343', 491631),
('002344', 402708),
('002345', 320711),
('002346', 545858),
('002347', 868154),
('002348', 763969),
('002349', 811400),
('002350', 379526),
('002351', 448324),
('002352', 585386),
('002353', 4750),
('002354', 127999),
('002355', 601585),
('002356', 511136),
('002357', 427965),
('002358', 92177),
('002359', 254958),
('002360', 701069),
('002361', 262051),
('002362', 321998),
('002363', 651893),
('002364', 226415),
('002365', 516231),
('002366', 118739),
('002367', 516442),
('002368', 899159),
('002369', 680048),
('002370', 895133),
('002371', 555289),
('002372', 685947),
('002373', 830572),
('002374', 747832),
('002375', 746604),
('002376', 826456),
('002377', 252884),
('002378', 307835),
('002379', 612704),
('002380', 216874),
('002381', 139335),
('002382', 171813),
('002383', 119276),
('002384', 766580),
('002385', 638074),
('002386', 423535),
('002387', 878472),
('002388', 561525),
('002389', 861878),
('002390', 899972),
('002391', 81612),
('002392', 164876),
('002393', 134423),
('002394', 523836),
('002395', 420539),
('002396', 483971),
('002397', 389653),
('002398', 674042),
('002399', 210841),
('002400', 697759),
('002401', 40646),
('002402', 654431),
('002403', 880387),
('002404', 83369),
('002405', 899955),
('002406', 266249),
('002407', 245496),
('002408', 621811),
('002409', 228781),
('002410', 257416),
('002411', 497456),
('002412', 749380),
('002413', 897296),
('002414', 11881),
('002415', 450843),
('002416', 415182),
('002417', 2422),
('002418', 649182),
('002419', 517656),
('002420', 765410),
('002421', 756864),
('002422', 265392),
('002423', 813875),
('002424', 330983),
('002425', 708490),
('002426', 669957),
('002427', 328097),
('002428', 332619),
('002429', 277823),
('002430', 244041),
('002431', 341412),
('002432', 653675),
('002433', 784820),
('002434', 387167),
('002435', 845580),
('002436', 262750),
('002437', 313040),
('002438', 877342),
('002439', 793392),
('002440', 128862),
('002441', 804856),
('002442', 134226),
('002443', 476466),
('002444', 265659),
('002445', 269744),
('002446', 674432),
('002447', 567037),
('002448', 468618),
('002449', 175274),
('002450', 473122),
('002451', 16684),
('002452', 782470),
('002453', 584818),
('002454', 258658),
('002455', 827687),
('002456', 835922),
('002457', 762173),
('002458', 127274),
('002459', 823226),
('002460', 361438),
('002461', 83676),
('002462', 791985),
('002463', 82774),
('002464', 376400),
('002465', 869749),
('002466', 886868),
('002467', 805008),
('002468', 779358),
('002469', 390321),
('002470', 165852),
('002471', 804857),
('002472', 641586),
('002473', 576022),
('002474', 209163),
('002475', 76269),
('002476', 777534),
('002477', 574740),
('002478', 721333),
('002479', 759111),
('002480', 788567),
('002481', 466063),
('002482', 823121),
('002483', 870884),
('002484', 668680),
('002485', 859775),
('002486', 413932),
('002487', 382704),
('002488', 243358),
('002489', 594069),
('002490', 889881),
('002491', 822330),
('002492', 190171),
('002493', 770605),
('002494', 44079),
('002495', 692445),
('002496', 674192),
('002497', 319430),
('002498', 879562),
('002499', 22938),
('002500', 354403);

-- 2. 고객잔고 (20개 종목 - 처음 20개 사용)
INSERT INTO customer_balance (account_number, stock_code, stock_name, quantity, purchase_amount) VALUES
('99911122222', '000001', '삼성전자', 500, 23410619.00),
('99911122222', '000002', 'SK하이닉스', 150, 1972043.00),
('99911122222', '000003', 'NAVER', 80, 7672919.00),
('99911122222', '000004', 'LG화학', 45, 72038527.00),
('99911122222', '000005', '삼성바이오로직스', 25, 3064052.00),
('99911122222', '000006', 'POSCO홀딩스', 120, 21007388.00),
('99911122222', '000007', '기아', 200, 25664860.00),
('99911122222', '000008', '카카오', 180, 17649951.00),
('99911122222', '000009', 'KB금융', 220, 57089332.00),
('99911122222', '000010', '신한지주', 300, 45676985.00),
('99911122222', '000011', 'SK이노베이션', 85, 20888005.00),
('99911122222', '000012', 'SK텔레콤', 160, 17450439.00),
('99911122222', '000013', 'LG전자', 90, 67076307.00),
('99911122222', '000014', '삼성전기', 130, 34500269.00),
('99911122222', '000015', '엔씨소프트', 75, 2122485.00),
('99911122222', '000016', '카카오뱅크', 400, 49330388.00),
('99911122222', '000017', '하나금융지주', 110, 19538308.00),
('99911122222', '000018', '셀트리온', 95, 11054885.00),
('99911122222', '000019', 'LG에너지솔루션', 60, 66078625.00),
('99911122222', '000020', '에코프로비엠', 140, 38590522.00);

-- 3. 매매내역 (930건 - 순차적 고유 PK)
INSERT INTO trading_history (account_number, trading_date, order_number, execution_number, stock_code, buy_sell_code, order_quantity, order_amount) VALUES
('99911122222', '20240705', 'ORD000001', 'EXE000001', '000001', '1', 83, 1740178.00),
('99911122222', '20240105', 'ORD000002', 'EXE000002', '000002', '2', 11, 10459520.00),
('99911122222', '20240829', 'ORD000003', 'EXE000003', '000003', '2', 30, 14101309.00),
('99911122222', '20240816', 'ORD000004', 'EXE000004', '000004', '1', 53, 46154940.00),
('99911122222', '20240716', 'ORD000005', 'EXE000005', '000005', '1', 20, 46764112.00),
('99911122222', '20240331', 'ORD000006', 'EXE000006', '000006', '1', 92, 10298052.00),
('99911122222', '20240210', 'ORD000007', 'EXE000007', '000007', '1', 49, 23196074.00),
('99911122222', '20240227', 'ORD000008', 'EXE000008', '000008', '1', 87, 22975299.00),
('99911122222', '20240116', 'ORD000009', 'EXE000009', '000009', '1', 15, 39473488.00),
('99911122222', '20240722', 'ORD000010', 'EXE000010', '000010', '1', 17, 203676.00),
('99911122222', '20240802', 'ORD000011', 'EXE000011', '000011', '2', 44, 31306171.00),
('99911122222', '20240515', 'ORD000012', 'EXE000012', '000012', '2', 20, 35057702.00),
('99911122222', '20240927', 'ORD000013', 'EXE000013', '000013', '2', 33, 31828879.00),
('99911122222', '20241001', 'ORD000014', 'EXE000014', '000014', '1', 31, 1360666.00),
('99911122222', '20240404', 'ORD000015', 'EXE000015', '000015', '1', 44, 25439953.00),
('99911122222', '20240518', 'ORD000016', 'EXE000016', '000016', '1', 20, 290816.00),
('99911122222', '20240719', 'ORD000017', 'EXE000017', '000017', '1', 5, 35075539.00),
('99911122222', '20240122', 'ORD000018', 'EXE000018', '000018', '2', 85, 15733242.00),
('99911122222', '20240322', 'ORD000019', 'EXE000019', '000019', '2', 64, 8055661.00),
('99911122222', '20240123', 'ORD000020', 'EXE000020', '000020', '2', 22, 35599291.00),
('99911122222', '20240828', 'ORD000021', 'EXE000021', '000001', '2', 32, 3911654.00),
('99911122222', '20240704', 'ORD000022', 'EXE000022', '000002', '1', 32, 26592938.00),
('99911122222', '20240420', 'ORD000023', 'EXE000023', '000003', '2', 65, 1518720.00),
('99911122222', '20240919', 'ORD000024', 'EXE000024', '000004', '2', 100, 36501349.00),
('99911122222', '20240418', 'ORD000025', 'EXE000025', '000005', '1', 87, 6261792.00),
('99911122222', '20241014', 'ORD000026', 'EXE000026', '000006', '1', 5, 14272896.00),
('99911122222', '20240905', 'ORD000027', 'EXE000027', '000007', '2', 27, 48733372.00),
('99911122222', '20240109', 'ORD000028', 'EXE000028', '000008', '2', 79, 2696275.00),
('99911122222', '20240208', 'ORD000029', 'EXE000029', '000009', '1', 17, 10640194.00),
('99911122222', '20240913', 'ORD000030', 'EXE000030', '000010', '2', 66, 16906548.00),
('99911122222', '20240722', 'ORD000031', 'EXE000031', '000011', '1', 40, 43841701.00),
('99911122222', '20240608', 'ORD000032', 'EXE000032', '000012', '1', 11, 38020200.00),
('99911122222', '20240905', 'ORD000033', 'EXE000033', '000013', '1', 34, 13681278.00),
('99911122222', '20240204', 'ORD000034', 'EXE000034', '000014', '1', 94, 30328694.00),
('99911122222', '20240409', 'ORD000035', 'EXE000035', '000015', '1', 30, 24171305.00),
('99911122222', '20240601', 'ORD000036', 'EXE000036', '000016', '2', 49, 19655712.00),
('99911122222', '20241019', 'ORD000037', 'EXE000037', '000017', '1', 69, 29228144.00),
('99911122222', '20240805', 'ORD000038', 'EXE000038', '000018', '2', 72, 10261402.00),
('99911122222', '20240617', 'ORD000039', 'EXE000039', '000019', '2', 3, 928275.00),
('99911122222', '20240603', 'ORD000040', 'EXE000040', '000020', '2', 61, 1871638.00),
('99911122222', '20240713', 'ORD000041', 'EXE000041', '000001', '2', 21, 42703320.00),
('99911122222', '20240708', 'ORD000042', 'EXE000042', '000002', '1', 61, 33581396.00),
('99911122222', '20240521', 'ORD000043', 'EXE000043', '000003', '2', 60, 18337929.00),
('99911122222', '20240427', 'ORD000044', 'EXE000044', '000004', '1', 83, 28298277.00),
('99911122222', '20241001', 'ORD000045', 'EXE000045', '000005', '2', 49, 16354703.00),
('99911122222', '20240829', 'ORD000046', 'EXE000046', '000006', '1', 48, 46698442.00),
('99911122222', '20240626', 'ORD000047', 'EXE000047', '000007', '2', 93, 48694838.00),
('99911122222', '20240304', 'ORD000048', 'EXE000048', '000008', '2', 29, 18875624.00),
('99911122222', '20240829', 'ORD000049', 'EXE000049', '000009', '1', 40, 426292.00),
('99911122222', '20240220', 'ORD000050', 'EXE000050', '000010', '1', 48, 29458835.00),
('99911122222', '20240510', 'ORD000051', 'EXE000051', '000011', '2', 83, 13525516.00),
('99911122222', '20240614', 'ORD000052', 'EXE000052', '000012', '1', 6, 46725913.00),
('99911122222', '20240226', 'ORD000053', 'EXE000053', '000013', '1', 87, 21642474.00),
('99911122222', '20240618', 'ORD000054', 'EXE000054', '000014', '1', 27, 5540999.00),
('99911122222', '20240313', 'ORD000055', 'EXE000055', '000015', '2', 54, 28493290.00),
('99911122222', '20240518', 'ORD000056', 'EXE000056', '000016', '1', 87, 24228006.00),
('99911122222', '20240303', 'ORD000057', 'EXE000057', '000017', '2', 40, 35948862.00),
('99911122222', '20240515', 'ORD000058', 'EXE000058', '000018', '2', 16, 17891790.00),
('99911122222', '20240409', 'ORD000059', 'EXE000059', '000019', '2', 48, 1795090.00),
('99911122222', '20240522', 'ORD000060', 'EXE000060', '000020', '1', 5, 3877794.00),
('99911122222', '20240803', 'ORD000061', 'EXE000061', '000001', '2', 96, 40966879.00),
('99911122222', '20240601', 'ORD000062', 'EXE000062', '000002', '2', 72, 15514556.00),
('99911122222', '20240923', 'ORD000063', 'EXE000063', '000003', '2', 65, 23138873.00),
('99911122222', '20241006', 'ORD000064', 'EXE000064', '000004', '2', 50, 23532048.00),
('99911122222', '20240727', 'ORD000065', 'EXE000065', '000005', '1', 58, 43386151.00),
('99911122222', '20240113', 'ORD000066', 'EXE000066', '000006', '1', 100, 39108606.00),
('99911122222', '20240131', 'ORD000067', 'EXE000067', '000007', '1', 58, 11979049.00),
('99911122222', '20240629', 'ORD000068', 'EXE000068', '000008', '2', 11, 2603262.00),
('99911122222', '20240615', 'ORD000069', 'EXE000069', '000009', '1', 90, 4470886.00),
('99911122222', '20240604', 'ORD000070', 'EXE000070', '000010', '2', 1, 2117750.00),
('99911122222', '20240915', 'ORD000071', 'EXE000071', '000011', '2', 43, 29894354.00),
('99911122222', '20240205', 'ORD000072', 'EXE000072', '000012', '1', 42, 3451499.00),
('99911122222', '20240920', 'ORD000073', 'EXE000073', '000013', '2', 49, 47554630.00),
('99911122222', '20240404', 'ORD000074', 'EXE000074', '000014', '1', 23, 41608330.00),
('99911122222', '20240426', 'ORD000075', 'EXE000075', '000015', '1', 39, 4587276.00),
('99911122222', '20240825', 'ORD000076', 'EXE000076', '000016', '1', 88, 33063138.00),
('99911122222', '20240318', 'ORD000077', 'EXE000077', '000017', '2', 68, 39703056.00),
('99911122222', '20240425', 'ORD000078', 'EXE000078', '000018', '2', 54, 41237537.00),
('99911122222', '20240911', 'ORD000079', 'EXE000079', '000019', '1', 30, 12338013.00),
('99911122222', '20240923', 'ORD000080', 'EXE000080', '000020', '1', 54, 19817689.00),
('99911122222', '20240421', 'ORD000081', 'EXE000081', '000001', '2', 29, 25534418.00),
('99911122222', '20241022', 'ORD000082', 'EXE000082', '000002', '1', 92, 18669240.00),
('99911122222', '20241006', 'ORD000083', 'EXE000083', '000003', '2', 96, 36037394.00),
('99911122222', '20240411', 'ORD000084', 'EXE000084', '000004', '2', 57, 11898169.00),
('99911122222', '20240210', 'ORD000085', 'EXE000085', '000005', '1', 70, 9812610.00),
('99911122222', '20240621', 'ORD000086', 'EXE000086', '000006', '1', 64, 6437483.00),
('99911122222', '20240810', 'ORD000087', 'EXE000087', '000007', '1', 82, 28144707.00),
('99911122222', '20240609', 'ORD000088', 'EXE000088', '000008', '1', 83, 27856251.00),
('99911122222', '20240906', 'ORD000089', 'EXE000089', '000009', '1', 33, 28122949.00),
('99911122222', '20240110', 'ORD000090', 'EXE000090', '000010', '1', 52, 46532231.00),
('99911122222', '20240916', 'ORD000091', 'EXE000091', '000011', '1', 87, 6650640.00),
('99911122222', '20240425', 'ORD000092', 'EXE000092', '000012', '1', 6, 48405127.00),
('99911122222', '20240205', 'ORD000093', 'EXE000093', '000013', '1', 38, 11836506.00),
('99911122222', '20240509', 'ORD000094', 'EXE000094', '000014', '1', 23, 4528976.00),
('99911122222', '20240223', 'ORD000095', 'EXE000095', '000015', '1', 88, 22485834.00),
('99911122222', '20240628', 'ORD000096', 'EXE000096', '000016', '1', 98, 5889958.00),
('99911122222', '20241008', 'ORD000097', 'EXE000097', '000017', '1', 76, 47324917.00),
('99911122222', '20240311', 'ORD000098', 'EXE000098', '000018', '2', 76, 13784983.00),
('99911122222', '20240109', 'ORD000099', 'EXE000099', '000019', '2', 40, 46131584.00),
('99911122222', '20240423', 'ORD000100', 'EXE000100', '000020', '2', 98, 23599254.00),
('99911122222', '20240713', 'ORD000101', 'EXE000101', '000001', '1', 63, 20228211.00),
('99911122222', '20240126', 'ORD000102', 'EXE000102', '000002', '2', 74, 37156916.00),
('99911122222', '20240102', 'ORD000103', 'EXE000103', '000003', '1', 71, 8801269.00),
('99911122222', '20240215', 'ORD000104', 'EXE000104', '000004', '1', 72, 17584935.00),
('99911122222', '20240408', 'ORD000105', 'EXE000105', '000005', '1', 65, 31704561.00),
('99911122222', '20240516', 'ORD000106', 'EXE000106', '000006', '1', 88, 30111735.00),
('99911122222', '20240203', 'ORD000107', 'EXE000107', '000007', '2', 12, 37167689.00),
('99911122222', '20240330', 'ORD000108', 'EXE000108', '000008', '1', 31, 35533721.00),
('99911122222', '20240809', 'ORD000109', 'EXE000109', '000009', '2', 87, 4500673.00),
('99911122222', '20240606', 'ORD000110', 'EXE000110', '000010', '2', 26, 34070266.00),
('99911122222', '20240316', 'ORD000111', 'EXE000111', '000011', '2', 28, 24692415.00),
('99911122222', '20241026', 'ORD000112', 'EXE000112', '000012', '1', 19, 24530847.00),
('99911122222', '20240520', 'ORD000113', 'EXE000113', '000013', '2', 64, 19914292.00),
('99911122222', '20240705', 'ORD000114', 'EXE000114', '000014', '2', 7, 49831916.00),
('99911122222', '20240920', 'ORD000115', 'EXE000115', '000015', '2', 90, 45656082.00),
('99911122222', '20240721', 'ORD000116', 'EXE000116', '000016', '1', 67, 21386661.00),
('99911122222', '20240609', 'ORD000117', 'EXE000117', '000017', '1', 85, 20837793.00),
('99911122222', '20240123', 'ORD000118', 'EXE000118', '000018', '1', 10, 24134994.00),
('99911122222', '20240705', 'ORD000119', 'EXE000119', '000019', '2', 99, 37677147.00),
('99911122222', '20240507', 'ORD000120', 'EXE000120', '000020', '1', 33, 26613376.00),
('99911122222', '20240111', 'ORD000121', 'EXE000121', '000001', '1', 33, 14649642.00),
('99911122222', '20240707', 'ORD000122', 'EXE000122', '000002', '2', 31, 34187625.00),
('99911122222', '20240827', 'ORD000123', 'EXE000123', '000003', '2', 89, 4626708.00),
('99911122222', '20240407', 'ORD000124', 'EXE000124', '000004', '2', 10, 10219489.00),
('99911122222', '20240328', 'ORD000125', 'EXE000125', '000005', '1', 30, 21569014.00),
('99911122222', '20240811', 'ORD000126', 'EXE000126', '000006', '2', 22, 21576869.00),
('99911122222', '20240301', 'ORD000127', 'EXE000127', '000007', '1', 10, 18314801.00),
('99911122222', '20240329', 'ORD000128', 'EXE000128', '000008', '1', 64, 13021625.00),
('99911122222', '20240325', 'ORD000129', 'EXE000129', '000009', '2', 90, 5413120.00),
('99911122222', '20240916', 'ORD000130', 'EXE000130', '000010', '2', 12, 45570956.00),
('99911122222', '20240909', 'ORD000131', 'EXE000131', '000011', '1', 60, 3699454.00),
('99911122222', '20240307', 'ORD000132', 'EXE000132', '000012', '2', 70, 41226179.00),
('99911122222', '20240831', 'ORD000133', 'EXE000133', '000013', '1', 25, 35730630.00),
('99911122222', '20240807', 'ORD000134', 'EXE000134', '000014', '1', 93, 1524162.00),
('99911122222', '20240103', 'ORD000135', 'EXE000135', '000015', '1', 38, 33002236.00),
('99911122222', '20240328', 'ORD000136', 'EXE000136', '000016', '2', 25, 2412007.00),
('99911122222', '20240225', 'ORD000137', 'EXE000137', '000017', '1', 68, 14257291.00),
('99911122222', '20240331', 'ORD000138', 'EXE000138', '000018', '1', 75, 35185913.00),
('99911122222', '20240712', 'ORD000139', 'EXE000139', '000019', '2', 24, 23272685.00),
('99911122222', '20241023', 'ORD000140', 'EXE000140', '000020', '1', 26, 30227363.00),
('99911122222', '20240403', 'ORD000141', 'EXE000141', '000001', '1', 62, 25194906.00),
('99911122222', '20240406', 'ORD000142', 'EXE000142', '000002', '2', 18, 15987850.00),
('99911122222', '20240922', 'ORD000143', 'EXE000143', '000003', '2', 29, 18593887.00),
('99911122222', '20240217', 'ORD000144', 'EXE000144', '000004', '1', 45, 4555097.00),
('99911122222', '20241006', 'ORD000145', 'EXE000145', '000005', '2', 23, 19319560.00),
('99911122222', '20240902', 'ORD000146', 'EXE000146', '000006', '1', 59, 45483295.00),
('99911122222', '20240829', 'ORD000147', 'EXE000147', '000007', '2', 100, 8213120.00),
('99911122222', '20240828', 'ORD000148', 'EXE000148', '000008', '1', 29, 45967425.00),
('99911122222', '20240914', 'ORD000149', 'EXE000149', '000009', '2', 94, 30899531.00),
('99911122222', '20240218', 'ORD000150', 'EXE000150', '000010', '2', 40, 3059415.00),
('99911122222', '20240615', 'ORD000151', 'EXE000151', '000011', '2', 37, 32327415.00),
('99911122222', '20240731', 'ORD000152', 'EXE000152', '000012', '1', 51, 7124547.00),
('99911122222', '20241011', 'ORD000153', 'EXE000153', '000013', '2', 37, 13379712.00),
('99911122222', '20240223', 'ORD000154', 'EXE000154', '000014', '1', 13, 14036719.00),
('99911122222', '20240507', 'ORD000155', 'EXE000155', '000015', '2', 52, 2311702.00),
('99911122222', '20240723', 'ORD000156', 'EXE000156', '000016', '1', 69, 45825699.00),
('99911122222', '20240128', 'ORD000157', 'EXE000157', '000017', '2', 41, 31533353.00),
('99911122222', '20240106', 'ORD000158', 'EXE000158', '000018', '2', 53, 33922106.00),
('99911122222', '20240411', 'ORD000159', 'EXE000159', '000019', '1', 73, 14182514.00),
('99911122222', '20240523', 'ORD000160', 'EXE000160', '000020', '2', 38, 32417759.00),
('99911122222', '20240817', 'ORD000161', 'EXE000161', '000001', '1', 3, 4403689.00),
('99911122222', '20240425', 'ORD000162', 'EXE000162', '000002', '2', 3, 45793824.00),
('99911122222', '20240516', 'ORD000163', 'EXE000163', '000003', '2', 100, 16577928.00),
('99911122222', '20240210', 'ORD000164', 'EXE000164', '000004', '2', 94, 25386795.00),
('99911122222', '20240201', 'ORD000165', 'EXE000165', '000005', '2', 52, 5691191.00),
('99911122222', '20240831', 'ORD000166', 'EXE000166', '000006', '1', 53, 34325298.00),
('99911122222', '20240517', 'ORD000167', 'EXE000167', '000007', '1', 67, 45837605.00),
('99911122222', '20240204', 'ORD000168', 'EXE000168', '000008', '1', 55, 9708041.00),
('99911122222', '20240718', 'ORD000169', 'EXE000169', '000009', '2', 71, 32682499.00),
('99911122222', '20240917', 'ORD000170', 'EXE000170', '000010', '1', 46, 35661903.00),
('99911122222', '20240210', 'ORD000171', 'EXE000171', '000011', '1', 67, 25736338.00),
('99911122222', '20240821', 'ORD000172', 'EXE000172', '000012', '1', 48, 31641631.00),
('99911122222', '20240924', 'ORD000173', 'EXE000173', '000013', '1', 46, 5609688.00),
('99911122222', '20240311', 'ORD000174', 'EXE000174', '000014', '1', 81, 28718314.00),
('99911122222', '20240118', 'ORD000175', 'EXE000175', '000015', '1', 61, 29538728.00),
('99911122222', '20240130', 'ORD000176', 'EXE000176', '000016', '1', 53, 48150638.00),
('99911122222', '20240317', 'ORD000177', 'EXE000177', '000017', '2', 83, 18532085.00),
('99911122222', '20240626', 'ORD000178', 'EXE000178', '000018', '1', 43, 41524178.00),
('99911122222', '20240216', 'ORD000179', 'EXE000179', '000019', '2', 70, 14970872.00),
('99911122222', '20240928', 'ORD000180', 'EXE000180', '000020', '1', 47, 36614925.00),
('99911122222', '20241008', 'ORD000181', 'EXE000181', '000001', '1', 30, 34470612.00),
('99911122222', '20241002', 'ORD000182', 'EXE000182', '000002', '2', 32, 1087690.00),
('99911122222', '20240722', 'ORD000183', 'EXE000183', '000003', '2', 27, 6799656.00),
('99911122222', '20241025', 'ORD000184', 'EXE000184', '000004', '2', 52, 39927548.00),
('99911122222', '20240521', 'ORD000185', 'EXE000185', '000005', '2', 94, 38042749.00),
('99911122222', '20240329', 'ORD000186', 'EXE000186', '000006', '2', 83, 8856294.00),
('99911122222', '20240311', 'ORD000187', 'EXE000187', '000007', '2', 87, 26761912.00),
('99911122222', '20240329', 'ORD000188', 'EXE000188', '000008', '1', 1, 47875347.00),
('99911122222', '20240526', 'ORD000189', 'EXE000189', '000009', '1', 30, 30227843.00),
('99911122222', '20240425', 'ORD000190', 'EXE000190', '000010', '2', 82, 14404582.00),
('99911122222', '20240804', 'ORD000191', 'EXE000191', '000011', '1', 1, 21178698.00),
('99911122222', '20241001', 'ORD000192', 'EXE000192', '000012', '2', 46, 7816033.00),
('99911122222', '20240923', 'ORD000193', 'EXE000193', '000013', '1', 92, 3462212.00),
('99911122222', '20240405', 'ORD000194', 'EXE000194', '000014', '2', 3, 30325923.00),
('99911122222', '20240829', 'ORD000195', 'EXE000195', '000015', '2', 75, 29744307.00),
('99911122222', '20240530', 'ORD000196', 'EXE000196', '000016', '2', 9, 11955326.00),
('99911122222', '20240906', 'ORD000197', 'EXE000197', '000017', '1', 98, 17094183.00),
('99911122222', '20240719', 'ORD000198', 'EXE000198', '000018', '2', 85, 14027512.00),
('99911122222', '20240430', 'ORD000199', 'EXE000199', '000019', '2', 93, 19378746.00),
('99911122222', '20240311', 'ORD000200', 'EXE000200', '000020', '1', 73, 11479044.00),
('99911122222', '20240103', 'ORD000201', 'EXE000201', '000001', '2', 36, 5042138.00),
('99911122222', '20240328', 'ORD000202', 'EXE000202', '000002', '1', 99, 3464551.00),
('99911122222', '20240523', 'ORD000203', 'EXE000203', '000003', '1', 22, 43646375.00),
('99911122222', '20240313', 'ORD000204', 'EXE000204', '000004', '2', 92, 4273171.00),
('99911122222', '20240714', 'ORD000205', 'EXE000205', '000005', '2', 25, 11238264.00),
('99911122222', '20240527', 'ORD000206', 'EXE000206', '000006', '1', 21, 20483823.00),
('99911122222', '20240328', 'ORD000207', 'EXE000207', '000007', '1', 97, 40281248.00),
('99911122222', '20240326', 'ORD000208', 'EXE000208', '000008', '1', 14, 38985742.00),
('99911122222', '20240201', 'ORD000209', 'EXE000209', '000009', '2', 37, 32188072.00),
('99911122222', '20240805', 'ORD000210', 'EXE000210', '000010', '1', 92, 41627043.00),
('99911122222', '20240318', 'ORD000211', 'EXE000211', '000011', '1', 10, 34228135.00),
('99911122222', '20240803', 'ORD000212', 'EXE000212', '000012', '2', 90, 49104800.00),
('99911122222', '20240330', 'ORD000213', 'EXE000213', '000013', '1', 11, 44099049.00),
('99911122222', '20240621', 'ORD000214', 'EXE000214', '000014', '1', 95, 29655666.00),
('99911122222', '20240417', 'ORD000215', 'EXE000215', '000015', '1', 54, 34162659.00),
('99911122222', '20240117', 'ORD000216', 'EXE000216', '000016', '2', 94, 43700227.00),
('99911122222', '20241003', 'ORD000217', 'EXE000217', '000017', '1', 84, 40690623.00),
('99911122222', '20240402', 'ORD000218', 'EXE000218', '000018', '2', 12, 7843085.00),
('99911122222', '20240118', 'ORD000219', 'EXE000219', '000019', '1', 81, 13454484.00),
('99911122222', '20240615', 'ORD000220', 'EXE000220', '000020', '1', 38, 38229060.00),
('99911122222', '20240331', 'ORD000221', 'EXE000221', '000001', '1', 83, 39673766.00),
('99911122222', '20240926', 'ORD000222', 'EXE000222', '000002', '1', 45, 910836.00),
('99911122222', '20240109', 'ORD000223', 'EXE000223', '000003', '1', 82, 30642483.00),
('99911122222', '20240203', 'ORD000224', 'EXE000224', '000004', '1', 85, 34704113.00),
('99911122222', '20240724', 'ORD000225', 'EXE000225', '000005', '1', 15, 27113444.00),
('99911122222', '20240214', 'ORD000226', 'EXE000226', '000006', '1', 30, 41558452.00),
('99911122222', '20240207', 'ORD000227', 'EXE000227', '000007', '1', 35, 46925763.00),
('99911122222', '20240411', 'ORD000228', 'EXE000228', '000008', '1', 44, 7105353.00),
('99911122222', '20240118', 'ORD000229', 'EXE000229', '000009', '1', 54, 40350412.00),
('99911122222', '20240209', 'ORD000230', 'EXE000230', '000010', '2', 22, 16563813.00),
('99911122222', '20240528', 'ORD000231', 'EXE000231', '000011', '1', 26, 2169224.00),
('99911122222', '20240409', 'ORD000232', 'EXE000232', '000012', '2', 28, 38365127.00),
('99911122222', '20240128', 'ORD000233', 'EXE000233', '000013', '1', 45, 44846025.00),
('99911122222', '20240517', 'ORD000234', 'EXE000234', '000014', '1', 22, 33185388.00),
('99911122222', '20240816', 'ORD000235', 'EXE000235', '000015', '1', 46, 43988249.00),
('99911122222', '20240117', 'ORD000236', 'EXE000236', '000016', '1', 17, 39385634.00),
('99911122222', '20240820', 'ORD000237', 'EXE000237', '000017', '2', 56, 31044456.00),
('99911122222', '20240523', 'ORD000238', 'EXE000238', '000018', '2', 50, 9015317.00),
('99911122222', '20240407', 'ORD000239', 'EXE000239', '000019', '1', 97, 12997344.00),
('99911122222', '20240524', 'ORD000240', 'EXE000240', '000020', '1', 74, 7863069.00),
('99911122222', '20240614', 'ORD000241', 'EXE000241', '000001', '1', 10, 8325616.00),
('99911122222', '20240822', 'ORD000242', 'EXE000242', '000002', '2', 44, 47875873.00),
('99911122222', '20240614', 'ORD000243', 'EXE000243', '000003', '1', 39, 19035495.00),
('99911122222', '20240302', 'ORD000244', 'EXE000244', '000004', '1', 57, 49189568.00),
('99911122222', '20240908', 'ORD000245', 'EXE000245', '000005', '1', 66, 27375165.00),
('99911122222', '20240315', 'ORD000246', 'EXE000246', '000006', '2', 56, 4701558.00),
('99911122222', '20240301', 'ORD000247', 'EXE000247', '000007', '2', 65, 37611009.00),
('99911122222', '20240510', 'ORD000248', 'EXE000248', '000008', '2', 54, 18662321.00),
('99911122222', '20240801', 'ORD000249', 'EXE000249', '000009', '1', 80, 6738708.00),
('99911122222', '20240822', 'ORD000250', 'EXE000250', '000010', '1', 4, 35212854.00),
('99911122222', '20240902', 'ORD000251', 'EXE000251', '000011', '1', 31, 35609839.00),
('99911122222', '20240508', 'ORD000252', 'EXE000252', '000012', '1', 48, 25985778.00),
('99911122222', '20240418', 'ORD000253', 'EXE000253', '000013', '1', 4, 26884072.00),
('99911122222', '20240123', 'ORD000254', 'EXE000254', '000014', '1', 48, 3069380.00),
('99911122222', '20240911', 'ORD000255', 'EXE000255', '000015', '2', 76, 17369163.00),
('99911122222', '20241010', 'ORD000256', 'EXE000256', '000016', '2', 14, 8719851.00),
('99911122222', '20240622', 'ORD000257', 'EXE000257', '000017', '1', 6, 10074985.00),
('99911122222', '20240201', 'ORD000258', 'EXE000258', '000018', '2', 59, 32713582.00),
('99911122222', '20240122', 'ORD000259', 'EXE000259', '000019', '1', 56, 48662308.00),
('99911122222', '20240312', 'ORD000260', 'EXE000260', '000020', '2', 100, 46433524.00),
('99911122222', '20240622', 'ORD000261', 'EXE000261', '000001', '2', 98, 45526943.00),
('99911122222', '20240722', 'ORD000262', 'EXE000262', '000002', '1', 9, 17788723.00),
('99911122222', '20240411', 'ORD000263', 'EXE000263', '000003', '1', 61, 16186254.00),
('99911122222', '20240602', 'ORD000264', 'EXE000264', '000004', '2', 78, 48650595.00),
('99911122222', '20240225', 'ORD000265', 'EXE000265', '000005', '1', 48, 9411910.00),
('99911122222', '20240625', 'ORD000266', 'EXE000266', '000006', '2', 98, 6855191.00),
('99911122222', '20240918', 'ORD000267', 'EXE000267', '000007', '1', 23, 283600.00),
('99911122222', '20240809', 'ORD000268', 'EXE000268', '000008', '2', 18, 38297285.00),
('99911122222', '20240211', 'ORD000269', 'EXE000269', '000009', '1', 57, 27541936.00),
('99911122222', '20240125', 'ORD000270', 'EXE000270', '000010', '1', 27, 40175862.00),
('99911122222', '20240629', 'ORD000271', 'EXE000271', '000011', '1', 80, 39623564.00),
('99911122222', '20240512', 'ORD000272', 'EXE000272', '000012', '2', 48, 48870002.00),
('99911122222', '20240126', 'ORD000273', 'EXE000273', '000013', '1', 17, 10549110.00),
('99911122222', '20240223', 'ORD000274', 'EXE000274', '000014', '1', 21, 9250787.00),
('99911122222', '20240206', 'ORD000275', 'EXE000275', '000015', '1', 6, 30110633.00),
('99911122222', '20240422', 'ORD000276', 'EXE000276', '000016', '2', 42, 224609.00),
('99911122222', '20240813', 'ORD000277', 'EXE000277', '000017', '1', 62, 41975035.00),
('99911122222', '20240705', 'ORD000278', 'EXE000278', '000018', '2', 6, 10207894.00),
('99911122222', '20240321', 'ORD000279', 'EXE000279', '000019', '1', 27, 9191022.00),
('99911122222', '20240808', 'ORD000280', 'EXE000280', '000020', '2', 76, 21310537.00),
('99911122222', '20240620', 'ORD000281', 'EXE000281', '000001', '2', 14, 22002155.00),
('99911122222', '20240415', 'ORD000282', 'EXE000282', '000002', '1', 81, 3871775.00),
('99911122222', '20240603', 'ORD000283', 'EXE000283', '000003', '1', 21, 29147813.00),
('99911122222', '20240924', 'ORD000284', 'EXE000284', '000004', '2', 47, 14544515.00),
('99911122222', '20240411', 'ORD000285', 'EXE000285', '000005', '1', 54, 49556197.00),
('99911122222', '20240610', 'ORD000286', 'EXE000286', '000006', '2', 23, 7317113.00),
('99911122222', '20240916', 'ORD000287', 'EXE000287', '000007', '1', 71, 27479890.00),
('99911122222', '20240220', 'ORD000288', 'EXE000288', '000008', '2', 59, 48384877.00),
('99911122222', '20240516', 'ORD000289', 'EXE000289', '000009', '1', 28, 31528887.00),
('99911122222', '20240722', 'ORD000290', 'EXE000290', '000010', '2', 89, 13167278.00),
('99911122222', '20240412', 'ORD000291', 'EXE000291', '000011', '1', 79, 6558590.00),
('99911122222', '20240829', 'ORD000292', 'EXE000292', '000012', '2', 64, 32456323.00),
('99911122222', '20240719', 'ORD000293', 'EXE000293', '000013', '2', 80, 4697939.00),
('99911122222', '20240411', 'ORD000294', 'EXE000294', '000014', '1', 53, 41492459.00),
('99911122222', '20240224', 'ORD000295', 'EXE000295', '000015', '1', 3, 34889705.00),
('99911122222', '20241002', 'ORD000296', 'EXE000296', '000016', '1', 67, 15062596.00),
('99911122222', '20240428', 'ORD000297', 'EXE000297', '000017', '1', 63, 35975574.00),
('99911122222', '20240427', 'ORD000298', 'EXE000298', '000018', '1', 68, 44438711.00),
('99911122222', '20240224', 'ORD000299', 'EXE000299', '000019', '1', 10, 41460416.00),
('99911122222', '20240901', 'ORD000300', 'EXE000300', '000020', '1', 16, 43981234.00),
('99911122222', '20240429', 'ORD000301', 'EXE000301', '000001', '2', 1, 32089667.00),
('99911122222', '20240305', 'ORD000302', 'EXE000302', '000002', '1', 52, 2329924.00),
('99911122222', '20240209', 'ORD000303', 'EXE000303', '000003', '1', 6, 6471183.00),
('99911122222', '20240526', 'ORD000304', 'EXE000304', '000004', '2', 42, 2709342.00),
('99911122222', '20241015', 'ORD000305', 'EXE000305', '000005', '1', 57, 35793003.00),
('99911122222', '20240625', 'ORD000306', 'EXE000306', '000006', '2', 69, 15779426.00),
('99911122222', '20240929', 'ORD000307', 'EXE000307', '000007', '2', 23, 26722070.00),
('99911122222', '20240817', 'ORD000308', 'EXE000308', '000008', '1', 70, 16306851.00),
('99911122222', '20240814', 'ORD000309', 'EXE000309', '000009', '1', 40, 10763523.00),
('99911122222', '20240810', 'ORD000310', 'EXE000310', '000010', '1', 95, 19643128.00),
('99911122222', '20240514', 'ORD000311', 'EXE000311', '000011', '1', 55, 27485586.00),
('99911122222', '20240914', 'ORD000312', 'EXE000312', '000012', '2', 72, 16245882.00),
('99911122222', '20240326', 'ORD000313', 'EXE000313', '000013', '1', 88, 35196294.00),
('99911122222', '20240420', 'ORD000314', 'EXE000314', '000014', '1', 29, 30986776.00),
('99911122222', '20240304', 'ORD000315', 'EXE000315', '000015', '1', 30, 24189993.00),
('99911122222', '20240414', 'ORD000316', 'EXE000316', '000016', '2', 4, 49537967.00),
('99911122222', '20240419', 'ORD000317', 'EXE000317', '000017', '2', 4, 45678092.00),
('99911122222', '20241020', 'ORD000318', 'EXE000318', '000018', '1', 91, 27502687.00),
('99911122222', '20241024', 'ORD000319', 'EXE000319', '000019', '1', 79, 23517961.00),
('99911122222', '20240327', 'ORD000320', 'EXE000320', '000020', '2', 3, 31103411.00),
('99911122222', '20240305', 'ORD000321', 'EXE000321', '000001', '1', 62, 25691552.00),
('99911122222', '20240317', 'ORD000322', 'EXE000322', '000002', '2', 22, 31045311.00),
('99911122222', '20240717', 'ORD000323', 'EXE000323', '000003', '2', 57, 13557361.00),
('99911122222', '20240817', 'ORD000324', 'EXE000324', '000004', '1', 12, 25233174.00),
('99911122222', '20241004', 'ORD000325', 'EXE000325', '000005', '2', 4, 28631504.00),
('99911122222', '20240617', 'ORD000326', 'EXE000326', '000006', '1', 93, 44689291.00),
('99911122222', '20240706', 'ORD000327', 'EXE000327', '000007', '2', 76, 14835443.00),
('99911122222', '20240110', 'ORD000328', 'EXE000328', '000008', '1', 66, 25576109.00),
('99911122222', '20240913', 'ORD000329', 'EXE000329', '000009', '2', 65, 3545474.00),
('99911122222', '20240828', 'ORD000330', 'EXE000330', '000010', '2', 25, 30447197.00),
('99911122222', '20240401', 'ORD000331', 'EXE000331', '000011', '1', 63, 16196281.00),
('99911122222', '20240821', 'ORD000332', 'EXE000332', '000012', '2', 36, 1420401.00),
('99911122222', '20240607', 'ORD000333', 'EXE000333', '000013', '2', 84, 12744149.00),
('99911122222', '20240820', 'ORD000334', 'EXE000334', '000014', '1', 78, 18009592.00),
('99911122222', '20240313', 'ORD000335', 'EXE000335', '000015', '2', 22, 14562002.00),
('99911122222', '20240530', 'ORD000336', 'EXE000336', '000016', '1', 76, 4170675.00),
('99911122222', '20241013', 'ORD000337', 'EXE000337', '000017', '2', 22, 33719425.00),
('99911122222', '20240114', 'ORD000338', 'EXE000338', '000018', '1', 5, 33289601.00),
('99911122222', '20240109', 'ORD000339', 'EXE000339', '000019', '1', 78, 5747947.00),
('99911122222', '20240801', 'ORD000340', 'EXE000340', '000020', '1', 96, 996470.00),
('99911122222', '20240108', 'ORD000341', 'EXE000341', '000001', '2', 70, 44843844.00),
('99911122222', '20240907', 'ORD000342', 'EXE000342', '000002', '2', 38, 6532113.00),
('99911122222', '20240703', 'ORD000343', 'EXE000343', '000003', '2', 87, 42246558.00),
('99911122222', '20240530', 'ORD000344', 'EXE000344', '000004', '2', 75, 33071660.00),
('99911122222', '20240622', 'ORD000345', 'EXE000345', '000005', '1', 4, 36020047.00),
('99911122222', '20240915', 'ORD000346', 'EXE000346', '000006', '2', 52, 39818616.00),
('99911122222', '20240228', 'ORD000347', 'EXE000347', '000007', '2', 15, 49047291.00),
('99911122222', '20240131', 'ORD000348', 'EXE000348', '000008', '1', 24, 12087971.00),
('99911122222', '20240822', 'ORD000349', 'EXE000349', '000009', '2', 63, 36437857.00),
('99911122222', '20240905', 'ORD000350', 'EXE000350', '000010', '2', 56, 42541376.00),
('99911122222', '20241023', 'ORD000351', 'EXE000351', '000011', '2', 49, 31345453.00),
('99911122222', '20240423', 'ORD000352', 'EXE000352', '000012', '2', 91, 20405533.00),
('99911122222', '20240220', 'ORD000353', 'EXE000353', '000013', '2', 82, 29069149.00),
('99911122222', '20240201', 'ORD000354', 'EXE000354', '000014', '2', 75, 11187421.00),
('99911122222', '20240228', 'ORD000355', 'EXE000355', '000015', '1', 1, 13961658.00),
('99911122222', '20240513', 'ORD000356', 'EXE000356', '000016', '2', 59, 5658510.00),
('99911122222', '20240125', 'ORD000357', 'EXE000357', '000017', '1', 36, 33020939.00),
('99911122222', '20240120', 'ORD000358', 'EXE000358', '000018', '1', 54, 2513698.00),
('99911122222', '20240830', 'ORD000359', 'EXE000359', '000019', '1', 16, 25630044.00),
('99911122222', '20240707', 'ORD000360', 'EXE000360', '000020', '2', 73, 29105975.00),
('99911122222', '20241004', 'ORD000361', 'EXE000361', '000001', '1', 2, 20408666.00),
('99911122222', '20240902', 'ORD000362', 'EXE000362', '000002', '2', 49, 31580507.00),
('99911122222', '20240620', 'ORD000363', 'EXE000363', '000003', '1', 24, 19427914.00),
('99911122222', '20240122', 'ORD000364', 'EXE000364', '000004', '2', 36, 16554140.00),
('99911122222', '20240521', 'ORD000365', 'EXE000365', '000005', '1', 68, 10196197.00),
('99911122222', '20240830', 'ORD000366', 'EXE000366', '000006', '1', 100, 27297038.00),
('99911122222', '20240326', 'ORD000367', 'EXE000367', '000007', '2', 56, 42857606.00),
('99911122222', '20240830', 'ORD000368', 'EXE000368', '000008', '2', 5, 6475709.00),
('99911122222', '20240625', 'ORD000369', 'EXE000369', '000009', '2', 18, 13263942.00),
('99911122222', '20240808', 'ORD000370', 'EXE000370', '000010', '2', 3, 40769545.00),
('99911122222', '20240627', 'ORD000371', 'EXE000371', '000011', '2', 31, 26858865.00),
('99911122222', '20240708', 'ORD000372', 'EXE000372', '000012', '1', 80, 16693239.00),
('99911122222', '20240728', 'ORD000373', 'EXE000373', '000013', '1', 79, 45390653.00),
('99911122222', '20240110', 'ORD000374', 'EXE000374', '000014', '2', 14, 15428925.00),
('99911122222', '20240413', 'ORD000375', 'EXE000375', '000015', '1', 28, 47232756.00),
('99911122222', '20240607', 'ORD000376', 'EXE000376', '000016', '2', 56, 13190138.00),
('99911122222', '20240108', 'ORD000377', 'EXE000377', '000017', '2', 95, 22436637.00),
('99911122222', '20240313', 'ORD000378', 'EXE000378', '000018', '1', 98, 39324381.00),
('99911122222', '20240708', 'ORD000379', 'EXE000379', '000019', '2', 5, 25619889.00),
('99911122222', '20241017', 'ORD000380', 'EXE000380', '000020', '2', 77, 2714652.00),
('99911122222', '20240605', 'ORD000381', 'EXE000381', '000001', '1', 28, 47352790.00),
('99911122222', '20240820', 'ORD000382', 'EXE000382', '000002', '1', 56, 36956880.00),
('99911122222', '20240908', 'ORD000383', 'EXE000383', '000003', '2', 72, 19987934.00),
('99911122222', '20240126', 'ORD000384', 'EXE000384', '000004', '2', 33, 32470187.00),
('99911122222', '20241008', 'ORD000385', 'EXE000385', '000005', '1', 37, 19638449.00),
('99911122222', '20240314', 'ORD000386', 'EXE000386', '000006', '2', 2, 31933214.00),
('99911122222', '20240124', 'ORD000387', 'EXE000387', '000007', '1', 10, 20025976.00),
('99911122222', '20240623', 'ORD000388', 'EXE000388', '000008', '1', 38, 31794088.00),
('99911122222', '20240126', 'ORD000389', 'EXE000389', '000009', '2', 24, 27183999.00),
('99911122222', '20240415', 'ORD000390', 'EXE000390', '000010', '2', 13, 27448681.00),
('99911122222', '20240124', 'ORD000391', 'EXE000391', '000011', '1', 3, 25604592.00),
('99911122222', '20240517', 'ORD000392', 'EXE000392', '000012', '1', 50, 21568775.00),
('99911122222', '20240207', 'ORD000393', 'EXE000393', '000013', '1', 9, 41251427.00),
('99911122222', '20240608', 'ORD000394', 'EXE000394', '000014', '2', 15, 32356453.00),
('99911122222', '20240831', 'ORD000395', 'EXE000395', '000015', '1', 68, 48883317.00),
('99911122222', '20240110', 'ORD000396', 'EXE000396', '000016', '1', 61, 20179464.00),
('99911122222', '20240622', 'ORD000397', 'EXE000397', '000017', '2', 4, 32106864.00),
('99911122222', '20240722', 'ORD000398', 'EXE000398', '000018', '2', 55, 3041973.00),
('99911122222', '20240709', 'ORD000399', 'EXE000399', '000019', '1', 15, 6148572.00),
('99911122222', '20240110', 'ORD000400', 'EXE000400', '000020', '1', 27, 19488647.00),
('99911122222', '20240502', 'ORD000401', 'EXE000401', '000001', '2', 60, 17828959.00),
('99911122222', '20240709', 'ORD000402', 'EXE000402', '000002', '2', 13, 1515105.00),
('99911122222', '20240904', 'ORD000403', 'EXE000403', '000003', '1', 4, 3512154.00),
('99911122222', '20240802', 'ORD000404', 'EXE000404', '000004', '1', 83, 24758730.00),
('99911122222', '20240807', 'ORD000405', 'EXE000405', '000005', '1', 8, 48723955.00),
('99911122222', '20240209', 'ORD000406', 'EXE000406', '000006', '1', 38, 47097372.00),
('99911122222', '20240616', 'ORD000407', 'EXE000407', '000007', '2', 6, 6324139.00),
('99911122222', '20240922', 'ORD000408', 'EXE000408', '000008', '2', 30, 25433707.00),
('99911122222', '20240217', 'ORD000409', 'EXE000409', '000009', '1', 49, 13455548.00),
('99911122222', '20240321', 'ORD000410', 'EXE000410', '000010', '1', 40, 22461141.00),
('99911122222', '20240106', 'ORD000411', 'EXE000411', '000011', '1', 38, 40106799.00),
('99911122222', '20240609', 'ORD000412', 'EXE000412', '000012', '2', 45, 16889030.00),
('99911122222', '20240228', 'ORD000413', 'EXE000413', '000013', '1', 27, 11513699.00),
('99911122222', '20240530', 'ORD000414', 'EXE000414', '000014', '2', 25, 34941326.00),
('99911122222', '20240924', 'ORD000415', 'EXE000415', '000015', '1', 27, 40312040.00),
('99911122222', '20240901', 'ORD000416', 'EXE000416', '000016', '2', 79, 28532208.00),
('99911122222', '20240913', 'ORD000417', 'EXE000417', '000017', '2', 58, 7625497.00),
('99911122222', '20240904', 'ORD000418', 'EXE000418', '000018', '1', 63, 37526661.00),
('99911122222', '20241007', 'ORD000419', 'EXE000419', '000019', '1', 15, 39829198.00),
('99911122222', '20240205', 'ORD000420', 'EXE000420', '000020', '1', 58, 28234716.00),
('99911122222', '20240307', 'ORD000421', 'EXE000421', '000001', '1', 59, 18588471.00),
('99911122222', '20240320', 'ORD000422', 'EXE000422', '000002', '1', 11, 441970.00),
('99911122222', '20241004', 'ORD000423', 'EXE000423', '000003', '1', 99, 22667894.00),
('99911122222', '20240202', 'ORD000424', 'EXE000424', '000004', '2', 9, 7048739.00),
('99911122222', '20241009', 'ORD000425', 'EXE000425', '000005', '2', 23, 2438953.00),
('99911122222', '20240219', 'ORD000426', 'EXE000426', '000006', '1', 61, 18144702.00),
('99911122222', '20240314', 'ORD000427', 'EXE000427', '000007', '1', 92, 27696540.00),
('99911122222', '20240728', 'ORD000428', 'EXE000428', '000008', '1', 82, 34019391.00),
('99911122222', '20240708', 'ORD000429', 'EXE000429', '000009', '1', 72, 6583025.00),
('99911122222', '20240205', 'ORD000430', 'EXE000430', '000010', '1', 98, 44969537.00),
('99911122222', '20240505', 'ORD000431', 'EXE000431', '000011', '1', 6, 22228667.00),
('99911122222', '20240406', 'ORD000432', 'EXE000432', '000012', '1', 45, 12675297.00),
('99911122222', '20240527', 'ORD000433', 'EXE000433', '000013', '2', 66, 41769844.00),
('99911122222', '20240918', 'ORD000434', 'EXE000434', '000014', '2', 29, 47306879.00),
('99911122222', '20240705', 'ORD000435', 'EXE000435', '000015', '1', 99, 24859884.00),
('99911122222', '20240323', 'ORD000436', 'EXE000436', '000016', '1', 41, 25534407.00),
('99911122222', '20240615', 'ORD000437', 'EXE000437', '000017', '2', 90, 3802875.00),
('99911122222', '20240604', 'ORD000438', 'EXE000438', '000018', '1', 80, 6293187.00),
('99911122222', '20240916', 'ORD000439', 'EXE000439', '000019', '2', 85, 6881906.00),
('99911122222', '20240216', 'ORD000440', 'EXE000440', '000020', '1', 8, 44675949.00),
('99911122222', '20240327', 'ORD000441', 'EXE000441', '000001', '2', 47, 3411943.00),
('99911122222', '20241021', 'ORD000442', 'EXE000442', '000002', '1', 26, 40522835.00),
('99911122222', '20240526', 'ORD000443', 'EXE000443', '000003', '1', 79, 15707057.00),
('99911122222', '20240617', 'ORD000444', 'EXE000444', '000004', '2', 20, 35707651.00),
('99911122222', '20240908', 'ORD000445', 'EXE000445', '000005', '2', 49, 15711745.00),
('99911122222', '20240313', 'ORD000446', 'EXE000446', '000006', '2', 24, 17390508.00),
('99911122222', '20240602', 'ORD000447', 'EXE000447', '000007', '1', 35, 21279163.00),
('99911122222', '20241027', 'ORD000448', 'EXE000448', '000008', '2', 6, 640167.00),
('99911122222', '20240808', 'ORD000449', 'EXE000449', '000009', '2', 24, 9958254.00),
('99911122222', '20240924', 'ORD000450', 'EXE000450', '000010', '2', 83, 27050395.00),
('99911122222', '20240327', 'ORD000451', 'EXE000451', '000011', '1', 73, 29516673.00),
('99911122222', '20240108', 'ORD000452', 'EXE000452', '000012', '1', 89, 35095672.00),
('99911122222', '20240829', 'ORD000453', 'EXE000453', '000013', '2', 96, 38777442.00),
('99911122222', '20240731', 'ORD000454', 'EXE000454', '000014', '1', 89, 6342070.00),
('99911122222', '20240312', 'ORD000455', 'EXE000455', '000015', '2', 87, 4784789.00),
('99911122222', '20240728', 'ORD000456', 'EXE000456', '000016', '2', 50, 44205416.00),
('99911122222', '20240601', 'ORD000457', 'EXE000457', '000017', '1', 97, 15527692.00),
('99911122222', '20240617', 'ORD000458', 'EXE000458', '000018', '1', 55, 29324755.00),
('99911122222', '20240719', 'ORD000459', 'EXE000459', '000019', '2', 59, 45918102.00),
('99911122222', '20240312', 'ORD000460', 'EXE000460', '000020', '1', 74, 2785004.00),
('99911122222', '20240823', 'ORD000461', 'EXE000461', '000001', '1', 92, 36009910.00),
('99911122222', '20240509', 'ORD000462', 'EXE000462', '000002', '1', 27, 36733874.00),
('99911122222', '20241005', 'ORD000463', 'EXE000463', '000003', '2', 39, 36914155.00),
('99911122222', '20240724', 'ORD000464', 'EXE000464', '000004', '2', 88, 49047986.00),
('99911122222', '20240115', 'ORD000465', 'EXE000465', '000005', '1', 52, 3709651.00),
('99911122222', '20240814', 'ORD000466', 'EXE000466', '000006', '2', 23, 16379740.00),
('99911122222', '20240323', 'ORD000467', 'EXE000467', '000007', '1', 80, 42669293.00),
('99911122222', '20240404', 'ORD000468', 'EXE000468', '000008', '1', 100, 15764695.00),
('99911122222', '20240625', 'ORD000469', 'EXE000469', '000009', '1', 77, 8679856.00),
('99911122222', '20240802', 'ORD000470', 'EXE000470', '000010', '1', 83, 40588764.00),
('99911122222', '20240129', 'ORD000471', 'EXE000471', '000011', '2', 16, 43267565.00),
('99911122222', '20241005', 'ORD000472', 'EXE000472', '000012', '2', 79, 45482620.00),
('99911122222', '20240308', 'ORD000473', 'EXE000473', '000013', '1', 33, 10625466.00),
('99911122222', '20240528', 'ORD000474', 'EXE000474', '000014', '2', 93, 35815958.00),
('99911122222', '20240426', 'ORD000475', 'EXE000475', '000015', '1', 28, 16299269.00),
('99911122222', '20240515', 'ORD000476', 'EXE000476', '000016', '1', 18, 40618290.00),
('99911122222', '20240401', 'ORD000477', 'EXE000477', '000017', '2', 89, 39584815.00),
('99911122222', '20240806', 'ORD000478', 'EXE000478', '000018', '1', 26, 24510964.00),
('99911122222', '20240930', 'ORD000479', 'EXE000479', '000019', '2', 15, 38205759.00),
('99911122222', '20240223', 'ORD000480', 'EXE000480', '000020', '2', 11, 15631125.00),
('99911122222', '20241019', 'ORD000481', 'EXE000481', '000001', '1', 4, 36991920.00),
('99911122222', '20240815', 'ORD000482', 'EXE000482', '000002', '1', 27, 9975088.00),
('99911122222', '20240628', 'ORD000483', 'EXE000483', '000003', '1', 92, 5602379.00),
('99911122222', '20240321', 'ORD000484', 'EXE000484', '000004', '2', 44, 34688765.00),
('99911122222', '20241023', 'ORD000485', 'EXE000485', '000005', '1', 69, 12030545.00),
('99911122222', '20240817', 'ORD000486', 'EXE000486', '000006', '2', 80, 9603222.00),
('99911122222', '20240513', 'ORD000487', 'EXE000487', '000007', '1', 95, 17633070.00),
('99911122222', '20240831', 'ORD000488', 'EXE000488', '000008', '1', 4, 35283155.00),
('99911122222', '20240605', 'ORD000489', 'EXE000489', '000009', '1', 69, 13287128.00),
('99911122222', '20240320', 'ORD000490', 'EXE000490', '000010', '1', 35, 31899739.00),
('99911122222', '20241009', 'ORD000491', 'EXE000491', '000011', '2', 19, 36878570.00),
('99911122222', '20240919', 'ORD000492', 'EXE000492', '000012', '1', 7, 38212901.00),
('99911122222', '20240312', 'ORD000493', 'EXE000493', '000013', '2', 35, 25950209.00),
('99911122222', '20240102', 'ORD000494', 'EXE000494', '000014', '1', 90, 4138142.00),
('99911122222', '20240807', 'ORD000495', 'EXE000495', '000015', '1', 64, 33179059.00),
('99911122222', '20240630', 'ORD000496', 'EXE000496', '000016', '1', 28, 26962118.00),
('99911122222', '20240228', 'ORD000497', 'EXE000497', '000017', '2', 39, 41259271.00),
('99911122222', '20240919', 'ORD000498', 'EXE000498', '000018', '2', 93, 19419697.00),
('99911122222', '20240404', 'ORD000499', 'EXE000499', '000019', '2', 100, 21934543.00),
('99911122222', '20240715', 'ORD000500', 'EXE000500', '000020', '2', 31, 9136898.00),
('99911122222', '20240130', 'ORD000501', 'EXE000501', '000001', '2', 89, 19020144.00),
('99911122222', '20240124', 'ORD000502', 'EXE000502', '000002', '1', 31, 17058346.00),
('99911122222', '20240121', 'ORD000503', 'EXE000503', '000003', '1', 76, 9758152.00),
('99911122222', '20240708', 'ORD000504', 'EXE000504', '000004', '1', 1, 47534801.00),
('99911122222', '20240126', 'ORD000505', 'EXE000505', '000005', '1', 86, 31155484.00),
('99911122222', '20240326', 'ORD000506', 'EXE000506', '000006', '1', 20, 36148145.00),
('99911122222', '20240205', 'ORD000507', 'EXE000507', '000007', '2', 1, 14236457.00),
('99911122222', '20240708', 'ORD000508', 'EXE000508', '000008', '1', 50, 27464046.00),
('99911122222', '20240718', 'ORD000509', 'EXE000509', '000009', '2', 73, 33015547.00),
('99911122222', '20240130', 'ORD000510', 'EXE000510', '000010', '2', 67, 3005073.00),
('99911122222', '20240720', 'ORD000511', 'EXE000511', '000011', '1', 73, 16315003.00),
('99911122222', '20240322', 'ORD000512', 'EXE000512', '000012', '1', 2, 6447865.00),
('99911122222', '20240915', 'ORD000513', 'EXE000513', '000013', '2', 57, 14445994.00),
('99911122222', '20240605', 'ORD000514', 'EXE000514', '000014', '1', 57, 4484921.00),
('99911122222', '20240719', 'ORD000515', 'EXE000515', '000015', '2', 37, 22770812.00),
('99911122222', '20240229', 'ORD000516', 'EXE000516', '000016', '1', 11, 15370750.00),
('99911122222', '20240809', 'ORD000517', 'EXE000517', '000017', '1', 22, 16968730.00),
('99911122222', '20240711', 'ORD000518', 'EXE000518', '000018', '1', 27, 46820827.00),
('99911122222', '20240108', 'ORD000519', 'EXE000519', '000019', '2', 40, 33846602.00),
('99911122222', '20240918', 'ORD000520', 'EXE000520', '000020', '2', 20, 46559842.00),
('99911122222', '20240407', 'ORD000521', 'EXE000521', '000001', '1', 53, 18495345.00),
('99911122222', '20240526', 'ORD000522', 'EXE000522', '000002', '2', 18, 19937088.00),
('99911122222', '20240504', 'ORD000523', 'EXE000523', '000003', '1', 99, 27270574.00),
('99911122222', '20240903', 'ORD000524', 'EXE000524', '000004', '2', 71, 20818908.00),
('99911122222', '20240626', 'ORD000525', 'EXE000525', '000005', '2', 6, 22393776.00),
('99911122222', '20240416', 'ORD000526', 'EXE000526', '000006', '1', 52, 39543839.00),
('99911122222', '20240616', 'ORD000527', 'EXE000527', '000007', '2', 16, 24596159.00),
('99911122222', '20240422', 'ORD000528', 'EXE000528', '000008', '2', 41, 46168021.00),
('99911122222', '20240224', 'ORD000529', 'EXE000529', '000009', '1', 63, 29381998.00),
('99911122222', '20240603', 'ORD000530', 'EXE000530', '000010', '2', 44, 18949911.00),
('99911122222', '20240129', 'ORD000531', 'EXE000531', '000011', '2', 10, 43378566.00),
('99911122222', '20240609', 'ORD000532', 'EXE000532', '000012', '2', 43, 39328595.00),
('99911122222', '20240801', 'ORD000533', 'EXE000533', '000013', '2', 75, 48599384.00),
('99911122222', '20240326', 'ORD000534', 'EXE000534', '000014', '1', 94, 31675634.00),
('99911122222', '20240815', 'ORD000535', 'EXE000535', '000015', '2', 91, 30762149.00),
('99911122222', '20240521', 'ORD000536', 'EXE000536', '000016', '2', 32, 26845572.00),
('99911122222', '20240510', 'ORD000537', 'EXE000537', '000017', '2', 21, 48382579.00),
('99911122222', '20240621', 'ORD000538', 'EXE000538', '000018', '1', 27, 31062869.00),
('99911122222', '20240627', 'ORD000539', 'EXE000539', '000019', '1', 26, 46587437.00),
('99911122222', '20240611', 'ORD000540', 'EXE000540', '000020', '2', 11, 34615553.00),
('99911122222', '20240825', 'ORD000541', 'EXE000541', '000001', '1', 34, 30102575.00),
('99911122222', '20240908', 'ORD000542', 'EXE000542', '000002', '2', 51, 28566866.00),
('99911122222', '20240418', 'ORD000543', 'EXE000543', '000003', '1', 57, 47219714.00),
('99911122222', '20240425', 'ORD000544', 'EXE000544', '000004', '1', 6, 13143235.00),
('99911122222', '20240225', 'ORD000545', 'EXE000545', '000005', '2', 63, 26567822.00),
('99911122222', '20240824', 'ORD000546', 'EXE000546', '000006', '1', 99, 34215105.00),
('99911122222', '20240731', 'ORD000547', 'EXE000547', '000007', '2', 59, 30149879.00),
('99911122222', '20240409', 'ORD000548', 'EXE000548', '000008', '1', 95, 12913030.00),
('99911122222', '20240429', 'ORD000549', 'EXE000549', '000009', '1', 2, 23841141.00),
('99911122222', '20241024', 'ORD000550', 'EXE000550', '000010', '1', 96, 37980189.00),
('99911122222', '20240107', 'ORD000551', 'EXE000551', '000011', '2', 96, 4027918.00),
('99911122222', '20240210', 'ORD000552', 'EXE000552', '000012', '1', 22, 2097071.00),
('99911122222', '20240210', 'ORD000553', 'EXE000553', '000013', '1', 5, 33301872.00),
('99911122222', '20240513', 'ORD000554', 'EXE000554', '000014', '2', 99, 49164527.00),
('99911122222', '20240425', 'ORD000555', 'EXE000555', '000015', '1', 88, 5012464.00),
('99911122222', '20240924', 'ORD000556', 'EXE000556', '000016', '1', 39, 47627653.00),
('99911122222', '20240423', 'ORD000557', 'EXE000557', '000017', '2', 46, 11948290.00),
('99911122222', '20240420', 'ORD000558', 'EXE000558', '000018', '1', 30, 49805388.00),
('99911122222', '20240208', 'ORD000559', 'EXE000559', '000019', '2', 81, 11565382.00),
('99911122222', '20240726', 'ORD000560', 'EXE000560', '000020', '1', 79, 3668382.00),
('99911122222', '20241017', 'ORD000561', 'EXE000561', '000001', '2', 72, 2159125.00),
('99911122222', '20240203', 'ORD000562', 'EXE000562', '000002', '2', 77, 44836439.00),
('99911122222', '20240305', 'ORD000563', 'EXE000563', '000003', '2', 34, 43708452.00),
('99911122222', '20240211', 'ORD000564', 'EXE000564', '000004', '2', 13, 49775415.00),
('99911122222', '20240130', 'ORD000565', 'EXE000565', '000005', '1', 75, 13779507.00),
('99911122222', '20240615', 'ORD000566', 'EXE000566', '000006', '2', 74, 49223228.00),
('99911122222', '20240828', 'ORD000567', 'EXE000567', '000007', '2', 8, 7171469.00),
('99911122222', '20240403', 'ORD000568', 'EXE000568', '000008', '2', 53, 43391389.00),
('99911122222', '20240904', 'ORD000569', 'EXE000569', '000009', '1', 63, 8527439.00),
('99911122222', '20240315', 'ORD000570', 'EXE000570', '000010', '1', 95, 49738005.00),
('99911122222', '20240824', 'ORD000571', 'EXE000571', '000011', '1', 7, 31324126.00),
('99911122222', '20240311', 'ORD000572', 'EXE000572', '000012', '1', 88, 24125562.00),
('99911122222', '20240610', 'ORD000573', 'EXE000573', '000013', '1', 31, 22908512.00),
('99911122222', '20240228', 'ORD000574', 'EXE000574', '000014', '1', 15, 44011850.00),
('99911122222', '20240215', 'ORD000575', 'EXE000575', '000015', '1', 28, 28354999.00),
('99911122222', '20240417', 'ORD000576', 'EXE000576', '000016', '1', 65, 37651382.00),
('99911122222', '20240709', 'ORD000577', 'EXE000577', '000017', '1', 9, 22443697.00),
('99911122222', '20240327', 'ORD000578', 'EXE000578', '000018', '2', 58, 34502240.00),
('99911122222', '20240911', 'ORD000579', 'EXE000579', '000019', '2', 41, 4960935.00),
('99911122222', '20240510', 'ORD000580', 'EXE000580', '000020', '2', 6, 20057525.00),
('99911122222', '20240202', 'ORD000581', 'EXE000581', '000001', '1', 65, 12559333.00),
('99911122222', '20240815', 'ORD000582', 'EXE000582', '000002', '1', 48, 21767217.00),
('99911122222', '20240521', 'ORD000583', 'EXE000583', '000003', '1', 41, 46964201.00),
('99911122222', '20240313', 'ORD000584', 'EXE000584', '000004', '2', 68, 44505543.00),
('99911122222', '20240402', 'ORD000585', 'EXE000585', '000005', '1', 28, 46192334.00),
('99911122222', '20240929', 'ORD000586', 'EXE000586', '000006', '1', 25, 45898588.00),
('99911122222', '20240131', 'ORD000587', 'EXE000587', '000007', '2', 55, 27216904.00),
('99911122222', '20240528', 'ORD000588', 'EXE000588', '000008', '1', 33, 242136.00),
('99911122222', '20240319', 'ORD000589', 'EXE000589', '000009', '2', 3, 34105859.00),
('99911122222', '20240723', 'ORD000590', 'EXE000590', '000010', '2', 29, 34337395.00),
('99911122222', '20240208', 'ORD000591', 'EXE000591', '000011', '1', 54, 16976785.00),
('99911122222', '20240420', 'ORD000592', 'EXE000592', '000012', '2', 62, 20660146.00),
('99911122222', '20240523', 'ORD000593', 'EXE000593', '000013', '2', 95, 16471449.00),
('99911122222', '20240525', 'ORD000594', 'EXE000594', '000014', '2', 7, 25513857.00),
('99911122222', '20241014', 'ORD000595', 'EXE000595', '000015', '2', 88, 39488249.00),
('99911122222', '20240812', 'ORD000596', 'EXE000596', '000016', '1', 55, 21365912.00),
('99911122222', '20240525', 'ORD000597', 'EXE000597', '000017', '2', 80, 25968175.00),
('99911122222', '20240808', 'ORD000598', 'EXE000598', '000018', '1', 100, 47388358.00),
('99911122222', '20240903', 'ORD000599', 'EXE000599', '000019', '2', 93, 24558068.00),
('99911122222', '20240130', 'ORD000600', 'EXE000600', '000020', '1', 10, 21229904.00),
('99911122222', '20240419', 'ORD000601', 'EXE000601', '000001', '1', 96, 46203857.00),
('99911122222', '20240621', 'ORD000602', 'EXE000602', '000002', '1', 30, 8930256.00),
('99911122222', '20240412', 'ORD000603', 'EXE000603', '000003', '2', 28, 35108727.00),
('99911122222', '20240917', 'ORD000604', 'EXE000604', '000004', '2', 69, 976148.00),
('99911122222', '20240615', 'ORD000605', 'EXE000605', '000005', '1', 90, 47312653.00),
('99911122222', '20240527', 'ORD000606', 'EXE000606', '000006', '2', 32, 42147259.00),
('99911122222', '20240129', 'ORD000607', 'EXE000607', '000007', '2', 46, 26847056.00),
('99911122222', '20240220', 'ORD000608', 'EXE000608', '000008', '1', 66, 49436766.00),
('99911122222', '20240905', 'ORD000609', 'EXE000609', '000009', '2', 66, 33682267.00),
('99911122222', '20240515', 'ORD000610', 'EXE000610', '000010', '1', 85, 7256747.00),
('99911122222', '20240513', 'ORD000611', 'EXE000611', '000011', '2', 32, 6561158.00),
('99911122222', '20240823', 'ORD000612', 'EXE000612', '000012', '2', 96, 32294978.00),
('99911122222', '20241018', 'ORD000613', 'EXE000613', '000013', '2', 31, 32204935.00),
('99911122222', '20240122', 'ORD000614', 'EXE000614', '000014', '1', 36, 23144098.00),
('99911122222', '20240226', 'ORD000615', 'EXE000615', '000015', '1', 27, 35469988.00),
('99911122222', '20240208', 'ORD000616', 'EXE000616', '000016', '2', 35, 21408970.00),
('99911122222', '20240630', 'ORD000617', 'EXE000617', '000017', '1', 75, 42127189.00),
('99911122222', '20240313', 'ORD000618', 'EXE000618', '000018', '2', 100, 2203366.00),
('99911122222', '20240916', 'ORD000619', 'EXE000619', '000019', '2', 66, 30321067.00),
('99911122222', '20240707', 'ORD000620', 'EXE000620', '000020', '1', 27, 45035557.00),
('99911122222', '20240722', 'ORD000621', 'EXE000621', '000001', '1', 11, 29584889.00),
('99911122222', '20240322', 'ORD000622', 'EXE000622', '000002', '1', 5, 37668509.00),
('99911122222', '20240901', 'ORD000623', 'EXE000623', '000003', '2', 47, 15516124.00),
('99911122222', '20240826', 'ORD000624', 'EXE000624', '000004', '2', 92, 5819695.00),
('99911122222', '20240912', 'ORD000625', 'EXE000625', '000005', '1', 85, 18605654.00),
('99911122222', '20241006', 'ORD000626', 'EXE000626', '000006', '1', 56, 37790476.00),
('99911122222', '20240628', 'ORD000627', 'EXE000627', '000007', '1', 94, 1583039.00),
('99911122222', '20240317', 'ORD000628', 'EXE000628', '000008', '2', 30, 3533816.00),
('99911122222', '20240715', 'ORD000629', 'EXE000629', '000009', '2', 19, 25272879.00),
('99911122222', '20240317', 'ORD000630', 'EXE000630', '000010', '2', 29, 7239467.00),
('99911122222', '20240901', 'ORD000631', 'EXE000631', '000011', '2', 32, 41759843.00),
('99911122222', '20240928', 'ORD000632', 'EXE000632', '000012', '2', 61, 21010404.00),
('99911122222', '20240326', 'ORD000633', 'EXE000633', '000013', '1', 28, 44611282.00),
('99911122222', '20240419', 'ORD000634', 'EXE000634', '000014', '1', 34, 38325874.00),
('99911122222', '20240726', 'ORD000635', 'EXE000635', '000015', '1', 87, 37003878.00),
('99911122222', '20241016', 'ORD000636', 'EXE000636', '000016', '1', 22, 42305990.00),
('99911122222', '20240320', 'ORD000637', 'EXE000637', '000017', '2', 79, 40642113.00),
('99911122222', '20240214', 'ORD000638', 'EXE000638', '000018', '2', 37, 21784456.00),
('99911122222', '20241017', 'ORD000639', 'EXE000639', '000019', '2', 88, 8138160.00),
('99911122222', '20240210', 'ORD000640', 'EXE000640', '000020', '1', 85, 28829698.00),
('99911122222', '20240407', 'ORD000641', 'EXE000641', '000001', '2', 11, 18034604.00),
('99911122222', '20240307', 'ORD000642', 'EXE000642', '000002', '1', 82, 37593710.00),
('99911122222', '20240916', 'ORD000643', 'EXE000643', '000003', '2', 68, 26813434.00),
('99911122222', '20240513', 'ORD000644', 'EXE000644', '000004', '2', 94, 46167478.00),
('99911122222', '20240821', 'ORD000645', 'EXE000645', '000005', '1', 21, 40315727.00),
('99911122222', '20240214', 'ORD000646', 'EXE000646', '000006', '2', 75, 8707573.00),
('99911122222', '20240317', 'ORD000647', 'EXE000647', '000007', '2', 50, 27774685.00),
('99911122222', '20240706', 'ORD000648', 'EXE000648', '000008', '1', 38, 22829925.00),
('99911122222', '20240808', 'ORD000649', 'EXE000649', '000009', '1', 52, 2363297.00),
('99911122222', '20240114', 'ORD000650', 'EXE000650', '000010', '1', 58, 42679484.00),
('99911122222', '20240717', 'ORD000651', 'EXE000651', '000011', '2', 7, 43122782.00),
('99911122222', '20241003', 'ORD000652', 'EXE000652', '000012', '2', 10, 48754214.00),
('99911122222', '20240203', 'ORD000653', 'EXE000653', '000013', '1', 12, 21962110.00),
('99911122222', '20240706', 'ORD000654', 'EXE000654', '000014', '2', 75, 26550178.00),
('99911122222', '20240731', 'ORD000655', 'EXE000655', '000015', '1', 24, 9158514.00),
('99911122222', '20240517', 'ORD000656', 'EXE000656', '000016', '2', 83, 46123031.00),
('99911122222', '20240727', 'ORD000657', 'EXE000657', '000017', '2', 30, 20188313.00),
('99911122222', '20241012', 'ORD000658', 'EXE000658', '000018', '2', 39, 33787480.00),
('99911122222', '20240514', 'ORD000659', 'EXE000659', '000019', '1', 53, 28243196.00),
('99911122222', '20240420', 'ORD000660', 'EXE000660', '000020', '2', 75, 43909111.00),
('99911122222', '20240507', 'ORD000661', 'EXE000661', '000001', '1', 16, 1504699.00),
('99911122222', '20240813', 'ORD000662', 'EXE000662', '000002', '2', 98, 27338977.00),
('99911122222', '20240705', 'ORD000663', 'EXE000663', '000003', '1', 47, 4549766.00),
('99911122222', '20240301', 'ORD000664', 'EXE000664', '000004', '2', 76, 33856748.00),
('99911122222', '20240901', 'ORD000665', 'EXE000665', '000005', '2', 74, 2616081.00),
('99911122222', '20240125', 'ORD000666', 'EXE000666', '000006', '1', 36, 39914956.00),
('99911122222', '20240818', 'ORD000667', 'EXE000667', '000007', '1', 58, 37030192.00),
('99911122222', '20240406', 'ORD000668', 'EXE000668', '000008', '2', 88, 49033125.00),
('99911122222', '20240918', 'ORD000669', 'EXE000669', '000009', '1', 32, 49522516.00),
('99911122222', '20240918', 'ORD000670', 'EXE000670', '000010', '2', 50, 24169394.00),
('99911122222', '20240530', 'ORD000671', 'EXE000671', '000011', '1', 79, 42634425.00),
('99911122222', '20241012', 'ORD000672', 'EXE000672', '000012', '1', 9, 38572557.00),
('99911122222', '20240223', 'ORD000673', 'EXE000673', '000013', '2', 2, 48149661.00),
('99911122222', '20240704', 'ORD000674', 'EXE000674', '000014', '1', 83, 43307307.00),
('99911122222', '20240811', 'ORD000675', 'EXE000675', '000015', '1', 31, 40686654.00),
('99911122222', '20240220', 'ORD000676', 'EXE000676', '000016', '2', 92, 30480368.00),
('99911122222', '20240815', 'ORD000677', 'EXE000677', '000017', '2', 53, 36733376.00),
('99911122222', '20240306', 'ORD000678', 'EXE000678', '000018', '1', 16, 16945970.00),
('99911122222', '20240618', 'ORD000679', 'EXE000679', '000019', '1', 28, 36860915.00),
('99911122222', '20240217', 'ORD000680', 'EXE000680', '000020', '2', 64, 21659840.00),
('99911122222', '20240501', 'ORD000681', 'EXE000681', '000001', '1', 40, 18685278.00),
('99911122222', '20240117', 'ORD000682', 'EXE000682', '000002', '1', 57, 35196257.00),
('99911122222', '20241017', 'ORD000683', 'EXE000683', '000003', '2', 18, 49655429.00),
('99911122222', '20240313', 'ORD000684', 'EXE000684', '000004', '1', 34, 2064766.00),
('99911122222', '20240911', 'ORD000685', 'EXE000685', '000005', '2', 59, 48098734.00),
('99911122222', '20240912', 'ORD000686', 'EXE000686', '000006', '1', 3, 26107491.00),
('99911122222', '20241018', 'ORD000687', 'EXE000687', '000007', '2', 40, 47715464.00),
('99911122222', '20240105', 'ORD000688', 'EXE000688', '000008', '1', 39, 15978122.00),
('99911122222', '20240630', 'ORD000689', 'EXE000689', '000009', '1', 6, 1220325.00),
('99911122222', '20240412', 'ORD000690', 'EXE000690', '000010', '2', 63, 27537064.00),
('99911122222', '20240322', 'ORD000691', 'EXE000691', '000011', '2', 35, 3415655.00),
('99911122222', '20241023', 'ORD000692', 'EXE000692', '000012', '1', 100, 2045078.00),
('99911122222', '20240301', 'ORD000693', 'EXE000693', '000013', '2', 59, 17979439.00),
('99911122222', '20240820', 'ORD000694', 'EXE000694', '000014', '2', 7, 2746854.00),
('99911122222', '20240513', 'ORD000695', 'EXE000695', '000015', '2', 29, 3095153.00),
('99911122222', '20240203', 'ORD000696', 'EXE000696', '000016', '2', 55, 11430693.00),
('99911122222', '20240331', 'ORD000697', 'EXE000697', '000017', '2', 7, 26133317.00),
('99911122222', '20240930', 'ORD000698', 'EXE000698', '000018', '1', 78, 18535862.00),
('99911122222', '20240211', 'ORD000699', 'EXE000699', '000019', '1', 73, 44633158.00),
('99911122222', '20240324', 'ORD000700', 'EXE000700', '000020', '2', 61, 22109563.00),
('99911122222', '20240707', 'ORD000701', 'EXE000701', '000001', '2', 27, 23033329.00),
('99911122222', '20240928', 'ORD000702', 'EXE000702', '000002', '2', 53, 8662275.00),
('99911122222', '20240302', 'ORD000703', 'EXE000703', '000003', '1', 24, 35019022.00),
('99911122222', '20240827', 'ORD000704', 'EXE000704', '000004', '2', 19, 16048384.00),
('99911122222', '20240223', 'ORD000705', 'EXE000705', '000005', '1', 70, 9577144.00),
('99911122222', '20240622', 'ORD000706', 'EXE000706', '000006', '1', 89, 16865925.00),
('99911122222', '20240901', 'ORD000707', 'EXE000707', '000007', '2', 13, 5725291.00),
('99911122222', '20240914', 'ORD000708', 'EXE000708', '000008', '1', 37, 10942732.00),
('99911122222', '20240930', 'ORD000709', 'EXE000709', '000009', '2', 17, 10054431.00),
('99911122222', '20240409', 'ORD000710', 'EXE000710', '000010', '1', 99, 29076176.00),
('99911122222', '20240527', 'ORD000711', 'EXE000711', '000011', '1', 76, 31365067.00),
('99911122222', '20240919', 'ORD000712', 'EXE000712', '000012', '2', 70, 12795346.00),
('99911122222', '20240523', 'ORD000713', 'EXE000713', '000013', '2', 57, 38993450.00),
('99911122222', '20240627', 'ORD000714', 'EXE000714', '000014', '1', 89, 47677002.00),
('99911122222', '20240204', 'ORD000715', 'EXE000715', '000015', '1', 87, 26380495.00),
('99911122222', '20240912', 'ORD000716', 'EXE000716', '000016', '2', 49, 28218296.00),
('99911122222', '20240823', 'ORD000717', 'EXE000717', '000017', '1', 39, 12875114.00),
('99911122222', '20240530', 'ORD000718', 'EXE000718', '000018', '1', 91, 13760528.00),
('99911122222', '20240818', 'ORD000719', 'EXE000719', '000019', '2', 22, 27993474.00),
('99911122222', '20240921', 'ORD000720', 'EXE000720', '000020', '1', 99, 35686364.00),
('99911122222', '20240902', 'ORD000721', 'EXE000721', '000001', '1', 28, 13943002.00),
('99911122222', '20240715', 'ORD000722', 'EXE000722', '000002', '1', 12, 16386334.00),
('99911122222', '20240331', 'ORD000723', 'EXE000723', '000003', '2', 59, 16468010.00),
('99911122222', '20240122', 'ORD000724', 'EXE000724', '000004', '1', 48, 35529928.00),
('99911122222', '20240925', 'ORD000725', 'EXE000725', '000005', '1', 59, 14219587.00),
('99911122222', '20241021', 'ORD000726', 'EXE000726', '000006', '1', 51, 27765750.00),
('99911122222', '20240129', 'ORD000727', 'EXE000727', '000007', '2', 25, 20001987.00),
('99911122222', '20240930', 'ORD000728', 'EXE000728', '000008', '1', 74, 27329148.00),
('99911122222', '20240131', 'ORD000729', 'EXE000729', '000009', '2', 36, 37692410.00),
('99911122222', '20240729', 'ORD000730', 'EXE000730', '000010', '1', 53, 31680583.00),
('99911122222', '20240129', 'ORD000731', 'EXE000731', '000011', '1', 59, 37180918.00),
('99911122222', '20240420', 'ORD000732', 'EXE000732', '000012', '1', 90, 26798523.00),
('99911122222', '20240508', 'ORD000733', 'EXE000733', '000013', '1', 53, 26969134.00),
('99911122222', '20240415', 'ORD000734', 'EXE000734', '000014', '1', 28, 46283732.00),
('99911122222', '20240223', 'ORD000735', 'EXE000735', '000015', '2', 18, 47943573.00),
('99911122222', '20240824', 'ORD000736', 'EXE000736', '000016', '1', 95, 21949036.00),
('99911122222', '20240606', 'ORD000737', 'EXE000737', '000017', '1', 95, 27522896.00),
('99911122222', '20240521', 'ORD000738', 'EXE000738', '000018', '1', 5, 28417165.00),
('99911122222', '20240717', 'ORD000739', 'EXE000739', '000019', '1', 40, 40467496.00),
('99911122222', '20240323', 'ORD000740', 'EXE000740', '000020', '1', 11, 18717021.00),
('99911122222', '20240728', 'ORD000741', 'EXE000741', '000001', '1', 75, 14485542.00),
('99911122222', '20240929', 'ORD000742', 'EXE000742', '000002', '1', 7, 3302299.00),
('99911122222', '20240406', 'ORD000743', 'EXE000743', '000003', '1', 81, 9076822.00),
('99911122222', '20240130', 'ORD000744', 'EXE000744', '000004', '2', 34, 12938687.00),
('99911122222', '20240524', 'ORD000745', 'EXE000745', '000005', '1', 68, 39581477.00),
('99911122222', '20240916', 'ORD000746', 'EXE000746', '000006', '2', 47, 34539052.00),
('99911122222', '20240213', 'ORD000747', 'EXE000747', '000007', '1', 64, 46254288.00),
('99911122222', '20240423', 'ORD000748', 'EXE000748', '000008', '2', 99, 35501339.00),
('99911122222', '20240104', 'ORD000749', 'EXE000749', '000009', '1', 79, 10198632.00),
('99911122222', '20241024', 'ORD000750', 'EXE000750', '000010', '2', 81, 11320472.00),
('99911122222', '20241013', 'ORD000751', 'EXE000751', '000011', '2', 7, 8100278.00),
('99911122222', '20240531', 'ORD000752', 'EXE000752', '000012', '1', 18, 26724406.00),
('99911122222', '20240803', 'ORD000753', 'EXE000753', '000013', '2', 62, 41076860.00),
('99911122222', '20240412', 'ORD000754', 'EXE000754', '000014', '2', 4, 5278931.00),
('99911122222', '20240505', 'ORD000755', 'EXE000755', '000015', '1', 13, 40700027.00),
('99911122222', '20240625', 'ORD000756', 'EXE000756', '000016', '2', 86, 30038999.00),
('99911122222', '20240207', 'ORD000757', 'EXE000757', '000017', '2', 73, 38989055.00),
('99911122222', '20240626', 'ORD000758', 'EXE000758', '000018', '2', 70, 43887669.00),
('99911122222', '20240612', 'ORD000759', 'EXE000759', '000019', '1', 3, 9041562.00),
('99911122222', '20240209', 'ORD000760', 'EXE000760', '000020', '1', 46, 29318925.00),
('99911122222', '20241025', 'ORD000761', 'EXE000761', '000001', '2', 98, 47107668.00),
('99911122222', '20240626', 'ORD000762', 'EXE000762', '000002', '2', 71, 42015445.00),
('99911122222', '20240514', 'ORD000763', 'EXE000763', '000003', '1', 15, 28701305.00),
('99911122222', '20240304', 'ORD000764', 'EXE000764', '000004', '1', 23, 16188462.00),
('99911122222', '20240526', 'ORD000765', 'EXE000765', '000005', '1', 16, 2620030.00),
('99911122222', '20241027', 'ORD000766', 'EXE000766', '000006', '2', 56, 15531572.00),
('99911122222', '20240116', 'ORD000767', 'EXE000767', '000007', '1', 3, 41654367.00),
('99911122222', '20240918', 'ORD000768', 'EXE000768', '000008', '2', 3, 3582522.00),
('99911122222', '20240908', 'ORD000769', 'EXE000769', '000009', '1', 53, 21812379.00),
('99911122222', '20240610', 'ORD000770', 'EXE000770', '000010', '1', 67, 30796492.00),
('99911122222', '20240731', 'ORD000771', 'EXE000771', '000011', '1', 61, 29726945.00),
('99911122222', '20240325', 'ORD000772', 'EXE000772', '000012', '2', 22, 4775395.00),
('99911122222', '20240520', 'ORD000773', 'EXE000773', '000013', '1', 43, 33651663.00),
('99911122222', '20241020', 'ORD000774', 'EXE000774', '000014', '1', 46, 13360617.00),
('99911122222', '20240619', 'ORD000775', 'EXE000775', '000015', '1', 72, 18648647.00),
('99911122222', '20240730', 'ORD000776', 'EXE000776', '000016', '1', 89, 8648854.00),
('99911122222', '20240320', 'ORD000777', 'EXE000777', '000017', '2', 76, 15445749.00),
('99911122222', '20240314', 'ORD000778', 'EXE000778', '000018', '1', 97, 2559201.00),
('99911122222', '20240521', 'ORD000779', 'EXE000779', '000019', '2', 89, 19004213.00),
('99911122222', '20240721', 'ORD000780', 'EXE000780', '000020', '1', 48, 48042445.00),
('99911122222', '20240320', 'ORD000781', 'EXE000781', '000001', '1', 56, 8212872.00),
('99911122222', '20240111', 'ORD000782', 'EXE000782', '000002', '2', 11, 5326479.00),
('99911122222', '20241001', 'ORD000783', 'EXE000783', '000003', '1', 72, 8629134.00),
('99911122222', '20240202', 'ORD000784', 'EXE000784', '000004', '2', 12, 17961702.00),
('99911122222', '20240521', 'ORD000785', 'EXE000785', '000005', '1', 67, 1496226.00),
('99911122222', '20240520', 'ORD000786', 'EXE000786', '000006', '1', 1, 35523795.00),
('99911122222', '20240410', 'ORD000787', 'EXE000787', '000007', '2', 46, 13881739.00),
('99911122222', '20240813', 'ORD000788', 'EXE000788', '000008', '2', 92, 44584034.00),
('99911122222', '20240114', 'ORD000789', 'EXE000789', '000009', '2', 100, 46251830.00),
('99911122222', '20240306', 'ORD000790', 'EXE000790', '000010', '1', 61, 30334683.00),
('99911122222', '20240723', 'ORD000791', 'EXE000791', '000011', '1', 61, 7593976.00),
('99911122222', '20240424', 'ORD000792', 'EXE000792', '000012', '1', 23, 9827358.00),
('99911122222', '20240927', 'ORD000793', 'EXE000793', '000013', '1', 58, 20833881.00),
('99911122222', '20240228', 'ORD000794', 'EXE000794', '000014', '2', 28, 40534585.00),
('99911122222', '20240714', 'ORD000795', 'EXE000795', '000015', '2', 45, 34945159.00),
('99911122222', '20241004', 'ORD000796', 'EXE000796', '000016', '1', 72, 13884989.00),
('99911122222', '20240205', 'ORD000797', 'EXE000797', '000017', '1', 5, 24823668.00),
('99911122222', '20240524', 'ORD000798', 'EXE000798', '000018', '1', 74, 45177624.00),
('99911122222', '20240306', 'ORD000799', 'EXE000799', '000019', '2', 80, 49879906.00),
('99911122222', '20240108', 'ORD000800', 'EXE000800', '000020', '2', 85, 18003995.00),
('99911122222', '20240802', 'ORD000801', 'EXE000801', '000001', '2', 48, 9865865.00),
('99911122222', '20240413', 'ORD000802', 'EXE000802', '000002', '1', 46, 157597.00),
('99911122222', '20240401', 'ORD000803', 'EXE000803', '000003', '1', 60, 24492408.00),
('99911122222', '20240425', 'ORD000804', 'EXE000804', '000004', '1', 40, 918578.00),
('99911122222', '20240821', 'ORD000805', 'EXE000805', '000005', '1', 67, 247036.00),
('99911122222', '20240411', 'ORD000806', 'EXE000806', '000006', '2', 11, 4123026.00),
('99911122222', '20240128', 'ORD000807', 'EXE000807', '000007', '2', 78, 13077618.00),
('99911122222', '20240809', 'ORD000808', 'EXE000808', '000008', '1', 44, 38675676.00),
('99911122222', '20240313', 'ORD000809', 'EXE000809', '000009', '1', 53, 46429493.00),
('99911122222', '20240818', 'ORD000810', 'EXE000810', '000010', '1', 10, 33760355.00),
('99911122222', '20240303', 'ORD000811', 'EXE000811', '000011', '2', 27, 41777808.00),
('99911122222', '20241009', 'ORD000812', 'EXE000812', '000012', '1', 41, 37045270.00),
('99911122222', '20240914', 'ORD000813', 'EXE000813', '000013', '2', 9, 27170068.00),
('99911122222', '20240229', 'ORD000814', 'EXE000814', '000014', '2', 25, 23172767.00),
('99911122222', '20241026', 'ORD000815', 'EXE000815', '000015', '1', 65, 47815373.00),
('99911122222', '20240415', 'ORD000816', 'EXE000816', '000016', '1', 76, 2379542.00),
('99911122222', '20240803', 'ORD000817', 'EXE000817', '000017', '1', 74, 26736579.00),
('99911122222', '20240914', 'ORD000818', 'EXE000818', '000018', '2', 38, 18251550.00),
('99911122222', '20240206', 'ORD000819', 'EXE000819', '000019', '2', 2, 31685900.00),
('99911122222', '20240316', 'ORD000820', 'EXE000820', '000020', '2', 82, 16056325.00),
('99911122222', '20240917', 'ORD000821', 'EXE000821', '000001', '2', 84, 10624646.00),
('99911122222', '20240301', 'ORD000822', 'EXE000822', '000002', '1', 80, 46718375.00),
('99911122222', '20240728', 'ORD000823', 'EXE000823', '000003', '2', 56, 44137083.00),
('99911122222', '20240103', 'ORD000824', 'EXE000824', '000004', '1', 12, 249170.00),
('99911122222', '20240622', 'ORD000825', 'EXE000825', '000005', '2', 55, 20593472.00),
('99911122222', '20240928', 'ORD000826', 'EXE000826', '000006', '2', 100, 20846453.00),
('99911122222', '20240524', 'ORD000827', 'EXE000827', '000007', '1', 99, 37399803.00),
('99911122222', '20240320', 'ORD000828', 'EXE000828', '000008', '2', 71, 18088857.00),
('99911122222', '20241002', 'ORD000829', 'EXE000829', '000009', '2', 86, 14322774.00),
('99911122222', '20240330', 'ORD000830', 'EXE000830', '000010', '2', 44, 2979500.00),
('99911122222', '20240615', 'ORD000831', 'EXE000831', '000011', '2', 22, 46130788.00),
('99911122222', '20240711', 'ORD000832', 'EXE000832', '000012', '2', 25, 47521922.00),
('99911122222', '20240203', 'ORD000833', 'EXE000833', '000013', '1', 21, 9904341.00),
('99911122222', '20240306', 'ORD000834', 'EXE000834', '000014', '1', 62, 9630116.00),
('99911122222', '20241015', 'ORD000835', 'EXE000835', '000015', '1', 21, 17952379.00),
('99911122222', '20240504', 'ORD000836', 'EXE000836', '000016', '2', 59, 22191655.00),
('99911122222', '20240819', 'ORD000837', 'EXE000837', '000017', '2', 93, 15286044.00),
('99911122222', '20240516', 'ORD000838', 'EXE000838', '000018', '2', 98, 46686934.00),
('99911122222', '20240210', 'ORD000839', 'EXE000839', '000019', '2', 95, 44712072.00),
('99911122222', '20241021', 'ORD000840', 'EXE000840', '000020', '2', 99, 21137163.00),
('99911122222', '20240414', 'ORD000841', 'EXE000841', '000001', '1', 36, 10509233.00),
('99911122222', '20240624', 'ORD000842', 'EXE000842', '000002', '1', 40, 2657996.00),
('99911122222', '20240508', 'ORD000843', 'EXE000843', '000003', '2', 95, 1318696.00),
('99911122222', '20240728', 'ORD000844', 'EXE000844', '000004', '1', 56, 48550184.00),
('99911122222', '20240702', 'ORD000845', 'EXE000845', '000005', '1', 58, 2951081.00),
('99911122222', '20240428', 'ORD000846', 'EXE000846', '000006', '1', 44, 41735149.00),
('99911122222', '20240615', 'ORD000847', 'EXE000847', '000007', '2', 60, 46415692.00),
('99911122222', '20240605', 'ORD000848', 'EXE000848', '000008', '2', 6, 8312609.00),
('99911122222', '20240113', 'ORD000849', 'EXE000849', '000009', '2', 39, 35414881.00),
('99911122222', '20240507', 'ORD000850', 'EXE000850', '000010', '2', 59, 46007704.00),
('99911122222', '20240616', 'ORD000851', 'EXE000851', '000011', '1', 78, 45021402.00),
('99911122222', '20240906', 'ORD000852', 'EXE000852', '000012', '2', 27, 25408591.00),
('99911122222', '20241017', 'ORD000853', 'EXE000853', '000013', '2', 51, 27811154.00),
('99911122222', '20240728', 'ORD000854', 'EXE000854', '000014', '2', 54, 41331435.00),
('99911122222', '20240716', 'ORD000855', 'EXE000855', '000015', '2', 50, 14452490.00),
('99911122222', '20240531', 'ORD000856', 'EXE000856', '000016', '1', 59, 6724263.00),
('99911122222', '20240112', 'ORD000857', 'EXE000857', '000017', '2', 17, 41995041.00),
('99911122222', '20240623', 'ORD000858', 'EXE000858', '000018', '2', 41, 48181235.00),
('99911122222', '20240722', 'ORD000859', 'EXE000859', '000019', '2', 12, 26558308.00),
('99911122222', '20240904', 'ORD000860', 'EXE000860', '000020', '2', 98, 37484373.00),
('99911122222', '20240304', 'ORD000861', 'EXE000861', '000001', '1', 90, 41015979.00),
('99911122222', '20240305', 'ORD000862', 'EXE000862', '000002', '1', 30, 24667914.00),
('99911122222', '20240917', 'ORD000863', 'EXE000863', '000003', '2', 6, 8185524.00),
('99911122222', '20240116', 'ORD000864', 'EXE000864', '000004', '1', 22, 15088534.00),
('99911122222', '20240124', 'ORD000865', 'EXE000865', '000005', '2', 21, 30636628.00),
('99911122222', '20240119', 'ORD000866', 'EXE000866', '000006', '1', 78, 4948103.00),
('99911122222', '20240412', 'ORD000867', 'EXE000867', '000007', '1', 36, 37195597.00),
('99911122222', '20240926', 'ORD000868', 'EXE000868', '000008', '2', 44, 31330589.00),
('99911122222', '20240725', 'ORD000869', 'EXE000869', '000009', '2', 71, 25488604.00),
('99911122222', '20240817', 'ORD000870', 'EXE000870', '000010', '2', 78, 21904939.00),
('99911122222', '20241021', 'ORD000871', 'EXE000871', '000011', '1', 37, 26932393.00),
('99911122222', '20240516', 'ORD000872', 'EXE000872', '000012', '2', 19, 39726821.00),
('99911122222', '20240722', 'ORD000873', 'EXE000873', '000013', '1', 52, 23432993.00),
('99911122222', '20241018', 'ORD000874', 'EXE000874', '000014', '1', 67, 44718300.00),
('99911122222', '20240308', 'ORD000875', 'EXE000875', '000015', '2', 70, 40351913.00),
('99911122222', '20240324', 'ORD000876', 'EXE000876', '000016', '1', 41, 40064856.00),
('99911122222', '20240309', 'ORD000877', 'EXE000877', '000017', '1', 22, 46403140.00),
('99911122222', '20240804', 'ORD000878', 'EXE000878', '000018', '2', 23, 44919871.00),
('99911122222', '20240413', 'ORD000879', 'EXE000879', '000019', '1', 78, 45646006.00),
('99911122222', '20240810', 'ORD000880', 'EXE000880', '000020', '2', 54, 10423941.00),
('99911122222', '20240314', 'ORD000881', 'EXE000881', '000001', '2', 94, 25818271.00),
('99911122222', '20240617', 'ORD000882', 'EXE000882', '000002', '2', 95, 42752541.00),
('99911122222', '20240119', 'ORD000883', 'EXE000883', '000003', '2', 19, 1380249.00),
('99911122222', '20240903', 'ORD000884', 'EXE000884', '000004', '1', 44, 45756721.00),
('99911122222', '20240612', 'ORD000885', 'EXE000885', '000005', '2', 46, 32580405.00),
('99911122222', '20240107', 'ORD000886', 'EXE000886', '000006', '1', 89, 17186294.00),
('99911122222', '20240911', 'ORD000887', 'EXE000887', '000007', '1', 44, 20414346.00),
('99911122222', '20240516', 'ORD000888', 'EXE000888', '000008', '2', 70, 14640202.00),
('99911122222', '20240806', 'ORD000889', 'EXE000889', '000009', '1', 43, 35824968.00),
('99911122222', '20240117', 'ORD000890', 'EXE000890', '000010', '1', 95, 40904662.00),
('99911122222', '20240128', 'ORD000891', 'EXE000891', '000011', '1', 1, 23567940.00),
('99911122222', '20240425', 'ORD000892', 'EXE000892', '000012', '1', 24, 34202224.00),
('99911122222', '20240720', 'ORD000893', 'EXE000893', '000013', '2', 90, 16203051.00),
('99911122222', '20240311', 'ORD000894', 'EXE000894', '000014', '1', 57, 10234145.00),
('99911122222', '20240219', 'ORD000895', 'EXE000895', '000015', '1', 67, 45977138.00),
('99911122222', '20240619', 'ORD000896', 'EXE000896', '000016', '2', 20, 16878739.00),
('99911122222', '20240317', 'ORD000897', 'EXE000897', '000017', '2', 74, 11002132.00),
('99911122222', '20240810', 'ORD000898', 'EXE000898', '000018', '1', 75, 20710342.00),
('99911122222', '20240825', 'ORD000899', 'EXE000899', '000019', '1', 3, 32165812.00),
('99911122222', '20240925', 'ORD000900', 'EXE000900', '000020', '2', 35, 19178509.00),
('99911122222', '20240201', 'ORD000901', 'EXE000901', '000001', '1', 33, 24418803.00),
('99911122222', '20240731', 'ORD000902', 'EXE000902', '000002', '1', 60, 7941598.00),
('99911122222', '20240311', 'ORD000903', 'EXE000903', '000003', '1', 75, 47651822.00),
('99911122222', '20240530', 'ORD000904', 'EXE000904', '000004', '1', 99, 798197.00),
('99911122222', '20240110', 'ORD000905', 'EXE000905', '000005', '1', 23, 24340832.00),
('99911122222', '20241019', 'ORD000906', 'EXE000906', '000006', '2', 47, 4045986.00),
('99911122222', '20240502', 'ORD000907', 'EXE000907', '000007', '1', 34, 38567562.00),
('99911122222', '20240528', 'ORD000908', 'EXE000908', '000008', '1', 55, 20163928.00),
('99911122222', '20240918', 'ORD000909', 'EXE000909', '000009', '1', 41, 5281570.00),
('99911122222', '20240303', 'ORD000910', 'EXE000910', '000010', '1', 43, 2969936.00),
('99911122222', '20240522', 'ORD000911', 'EXE000911', '000011', '1', 93, 29444172.00),
('99911122222', '20240331', 'ORD000912', 'EXE000912', '000012', '2', 27, 29273529.00),
('99911122222', '20240115', 'ORD000913', 'EXE000913', '000013', '2', 36, 15471646.00),
('99911122222', '20240624', 'ORD000914', 'EXE000914', '000014', '1', 13, 44071344.00),
('99911122222', '20241016', 'ORD000915', 'EXE000915', '000015', '1', 9, 29851834.00),
('99911122222', '20240305', 'ORD000916', 'EXE000916', '000016', '1', 47, 26900916.00),
('99911122222', '20240501', 'ORD000917', 'EXE000917', '000017', '2', 32, 11834578.00),
('99911122222', '20240528', 'ORD000918', 'EXE000918', '000018', '1', 66, 29992075.00),
('99911122222', '20240718', 'ORD000919', 'EXE000919', '000019', '1', 22, 35256302.00),
('99911122222', '20240510', 'ORD000920', 'EXE000920', '000020', '1', 48, 34399534.00),
('99911122222', '20240130', 'ORD000921', 'EXE000921', '000001', '1', 52, 36377010.00),
('99911122222', '20240101', 'ORD000922', 'EXE000922', '000002', '1', 35, 12472241.00),
('99911122222', '20240509', 'ORD000923', 'EXE000923', '000003', '1', 70, 5350557.00),
('99911122222', '20240517', 'ORD000924', 'EXE000924', '000004', '2', 20, 18331706.00),
('99911122222', '20240103', 'ORD000925', 'EXE000925', '000005', '1', 11, 17089192.00),
('99911122222', '20240726', 'ORD000926', 'EXE000926', '000006', '2', 84, 5145940.00),
('99911122222', '20240608', 'ORD000927', 'EXE000927', '000007', '1', 77, 43201765.00),
('99911122222', '20240209', 'ORD000928', 'EXE000928', '000008', '1', 87, 19922923.00),
('99911122222', '20240217', 'ORD000929', 'EXE000929', '000009', '1', 30, 14280978.00),
('99911122222', '20240319', 'ORD000930', 'EXE000930', '000010', '2', 21, 6660029.00);

-- 4. 리밸런싱마스터 (15개)
INSERT INTO rebalancing_master (rebalancing_strategy_code, rebalancing_name, rebalancing_description, risk_level, investment_style, keyword1, keyword2, keyword3) VALUES
('CONSERVATIVE_01', '안정형 포트폴리오', '안전자산 중심의 보수적 투자 전략', '저위험', '지수추종', '안정성', '보수적', '저위험'),
('BALANCED_01', '균형형 포트폴리오', '주식과 채권의 균형잡힌 분산투자', '중위험', '지수추종', '균형', '분산투자', '중위험'),
('GROWTH_01', '성장형 포트폴리오', '성장주 중심의 적극적 투자 전략', '고위험', '성장투자', '성장성', '적극적', '고수익'),
('DIVIDEND_01', '배당형 포트폴리오', '배당수익을 중시하는 안정적 수익 추구', '저위험', '배당투자', '배당', '수익', '안정적'),
('TECH_01', 'IT기술주 포트폴리오', 'IT 기술주에 집중 투자하는 전략', '고위험', '테마/모멘텀', '기술주', 'IT', '혁신'),
('GLOBAL_01', '글로벌 포트폴리오', '해외 주식 분산투자를 통한 글로벌 전략', '중위험', '지수추종', '글로벌', '해외투자', '분산'),
('ESG_01', 'ESG 포트폴리오', '지속가능경영 기업 중심 투자', '중위험', '가치투자', '지속가능', '친환경', 'ESG'),
('SMALL_CAP_01', '중소형주 포트폴리오', '중소형 성장주 중심 투자 전략', '고위험', '성장투자', '중소형주', '성장', '고성장'),
('VALUE_01', '가치투자 포트폴리오', '저평가된 우량주 중심 투자', '중위험', '가치투자', '가치투자', '저평가', '우량주'),
('SECTOR_01', '섹터별 포트폴리오', '업종별 분산투자 전략', '중위험', '테마/모멘텀', '섹터', '업종분산', '다양화'),
('MOMENTUM_01', '모멘텀 포트폴리오', '상승 추세 종목 중심 투자', '초고위험', '테마/모멘텀', '모멘텀', '추세', '상승세'),
('DEFENSIVE_01', '방어형 포트폴리오', '경기방어주 중심의 안정적 투자', '초저위험', '배당투자', '방어', '경기방어주', '안정'),
('INCOME_01', '수익형 포트폴리오', '정기적 수익창출을 목적으로 하는 전략', '저위험', '배당투자', '수익창출', '정기수익', '안정수익'),
('EMERGING_01', '이머징 포트폴리오', '신흥시장 투자를 통한 고성장 추구', '초고위험', '성장투자', '신흥시장', '고성장', '이머징'),
('HYBRID_01', '하이브리드 포트폴리오', '여러 전략을 혼합한 복합 투자 전략', '중위험', '퀀트/시스템트레이딩', '복합전략', '하이브리드', '다전략');

-- 5. 리밸런싱분석 (15개, 전략별 분석)
INSERT INTO rebalancing_analysis (rebalancing_strategy_code, expected_return, volatility, max_drawdown, investor_preference) VALUES
('CONSERVATIVE_01', 7.75, 14.32, 3.54, 5),
('BALANCED_01', 14.04, 12.49, 34.29, 1),
('GROWTH_01', 16.95, 23.46, 32.84, 5),
('DIVIDEND_01', 3.54, 19.43, 18.15, 4),
('TECH_01', 9.2, 16.44, 15.47, 4),
('GLOBAL_01', 10.49, 24.86, 22.83, 2),
('ESG_01', 11.62, 17.9, 22.25, 4),
('SMALL_CAP_01', 14.59, 13.44, 33.79, 2),
('VALUE_01', 13.3, 9.58, 13.02, 1),
('SECTOR_01', 12.8, 10.31, 27.61, 3),
('MOMENTUM_01', 13.39, 22.58, 8.46, 3),
('DEFENSIVE_01', 16.54, 8.56, 14.72, 4),
('INCOME_01', 15.49, 12.74, 16.24, 1),
('EMERGING_01', 6.2, 7.25, 28.12, 1),
('HYBRID_01', 18.46, 22.25, 29.09, 2);

-- 6. 고객전략 (1개)
INSERT INTO customer_strategy (account_number, rebalancing_strategy_code, rebalancing_cycle, allowed_deviation, rebalancing_yn) VALUES
('99911122222', 'BALANCED_01', 30, 5.00, 'Y');

-- ========================================
-- 3단계: 입력 완료 확인
-- ========================================

-- 테이블별 데이터 건수 확인
SELECT 'stock_current_price' as table_name, COUNT(*) as row_count FROM stock_current_price
UNION ALL
SELECT 'customer_balance' as table_name, COUNT(*) as row_count FROM customer_balance
UNION ALL
SELECT 'trading_history' as table_name, COUNT(*) as row_count FROM trading_history
UNION ALL
SELECT 'rebalancing_master' as table_name, COUNT(*) as row_count FROM rebalancing_master
UNION ALL
SELECT 'rebalancing_analysis' as table_name, COUNT(*) as row_count FROM rebalancing_analysis
UNION ALL
SELECT 'customer_strategy' as table_name, COUNT(*) as row_count FROM customer_strategy;

-- 완료 메시지
SELECT '🎉 모든 데이터 입력이 성공적으로 완료되었습니다!' as result;

