-- 완전히 중복 없는 순차적 종목코드 Mock 데이터
-- 생성일시: 2025-09-10 15:14:49

USE kpsdb;

-- 1. 종목현재가 (2,500개 - 순차적 중복 없음 보장)
INSERT INTO stock_current_price (stock_code, current_price) VALUES
('000001', 288415),
('000002', 155780),
('000003', 562545),
('000004', 695647),
('000005', 509723),
('000006', 570836),
('000007', 543767),
('000008', 231674),
('000009', 755583),
('000010', 575878),
('000011', 788465),
('000012', 406442),
('000013', 811143),
('000014', 280065),
('000015', 591699),
('000016', 739683),
('000017', 183036),
('000018', 159551),
('000019', 626683),
('000020', 47039),
('000021', 516756),
('000022', 646606),
('000023', 354961),
('000024', 201396),
('000025', 849361),
('000026', 492014),
('000027', 433525),
('000028', 88932),
('000029', 551979),
('000030', 326956),
('000031', 818767),
('000032', 799591),
('000033', 827084),
('000034', 288313),
('000035', 239674),
('000036', 90602),
('000037', 131401),
('000038', 288782),
('000039', 407509),
('000040', 669921),
('000041', 11215),
('000042', 362674),
('000043', 876019),
('000044', 636245),
('000045', 84061),
('000046', 762496),
('000047', 100226),
('000048', 318763),
('000049', 300062),
('000050', 334846),
('000051', 541160),
('000052', 101622),
('000053', 258429),
('000054', 64721),
('000055', 319542),
('000056', 200551),
('000057', 847666),
('000058', 767111),
('000059', 178979),
('000060', 155566),
('000061', 896814),
('000062', 57057),
('000063', 316429),
('000064', 38750),
('000065', 416644),
('000066', 655787),
('000067', 525181),
('000068', 132881),
('000069', 50850),
('000070', 252508),
('000071', 384255),
('000072', 134838),
('000073', 402670),
('000074', 513640),
('000075', 326087),
('000076', 321712),
('000077', 725060),
('000078', 593422),
('000079', 713922),
('000080', 457563),
('000081', 555975),
('000082', 145699),
('000083', 541419),
('000084', 315608),
('000085', 637590),
('000086', 225188),
('000087', 369251),
('000088', 276060),
('000089', 346950),
('000090', 629539),
('000091', 425490),
('000092', 392730),
('000093', 808413),
('000094', 220342),
('000095', 557891),
('000096', 407165),
('000097', 49312),
('000098', 552960),
('000099', 503876),
('000100', 476794),
('000101', 573677),
('000102', 47791),
('000103', 196485),
('000104', 221484),
('000105', 455560),
('000106', 737156),
('000107', 97735),
('000108', 786128),
('000109', 626861),
('000110', 427742),
('000111', 383387),
('000112', 116084),
('000113', 749799),
('000114', 26908),
('000115', 849010),
('000116', 602586),
('000117', 729129),
('000118', 654047),
('000119', 568434),
('000120', 829777),
('000121', 515758),
('000122', 352872),
('000123', 277961),
('000124', 623148),
('000125', 55661),
('000126', 50034),
('000127', 583930),
('000128', 509283),
('000129', 156470),
('000130', 842081),
('000131', 656489),
('000132', 147807),
('000133', 837698),
('000134', 196777),
('000135', 698064),
('000136', 62430),
('000137', 605790),
('000138', 823253),
('000139', 654803),
('000140', 78793),
('000141', 202579),
('000142', 257508),
('000143', 562866),
('000144', 469836),
('000145', 440965),
('000146', 296740),
('000147', 349021),
('000148', 27447),
('000149', 304918),
('000150', 669952),
('000151', 445813),
('000152', 451568),
('000153', 486394),
('000154', 500419),
('000155', 685624),
('000156', 531569),
('000157', 92075),
('000158', 303704),
('000159', 747305),
('000160', 507903),
('000161', 145413),
('000162', 564239),
('000163', 206826),
('000164', 296197),
('000165', 725607),
('000166', 584851),
('000167', 826537),
('000168', 768110),
('000169', 722151),
('000170', 53484),
('000171', 511411),
('000172', 726264),
('000173', 132741),
('000174', 392459),
('000175', 154632),
('000176', 713424),
('000177', 156440),
('000178', 345829),
('000179', 534889),
('000180', 100951),
('000181', 226236),
('000182', 541621),
('000183', 450576),
('000184', 838109),
('000185', 413653),
('000186', 754908),
('000187', 432317),
('000188', 365568),
('000189', 668055),
('000190', 498969),
('000191', 617009),
('000192', 45193),
('000193', 827949),
('000194', 199880),
('000195', 759555),
('000196', 556686),
('000197', 542629),
('000198', 746220),
('000199', 464716),
('000200', 451808),
('000201', 708612),
('000202', 574167),
('000203', 191497),
('000204', 622779),
('000205', 792255),
('000206', 247649),
('000207', 576430),
('000208', 521469),
('000209', 387920),
('000210', 681959),
('000211', 218505),
('000212', 827039),
('000213', 13285),
('000214', 1968),
('000215', 8769),
('000216', 705180),
('000217', 557024),
('000218', 312357),
('000219', 870747),
('000220', 793016),
('000221', 492067),
('000222', 463911),
('000223', 759005),
('000224', 835979),
('000225', 375107),
('000226', 573445),
('000227', 686775),
('000228', 173141),
('000229', 275685),
('000230', 686270),
('000231', 788349),
('000232', 287277),
('000233', 490841),
('000234', 12403),
('000235', 573806),
('000236', 825163),
('000237', 51690),
('000238', 366427),
('000239', 544324),
('000240', 158847),
('000241', 464869),
('000242', 581064),
('000243', 775319),
('000244', 241702),
('000245', 766917),
('000246', 461921),
('000247', 614121),
('000248', 744232),
('000249', 97487),
('000250', 494567),
('000251', 273288),
('000252', 230008),
('000253', 44094),
('000254', 451185),
('000255', 829409),
('000256', 370131),
('000257', 728510),
('000258', 851458),
('000259', 794294),
('000260', 447525),
('000261', 670235),
('000262', 428272),
('000263', 61142),
('000264', 371139),
('000265', 108632),
('000266', 898293),
('000267', 806035),
('000268', 403003),
('000269', 661139),
('000270', 519078),
('000271', 390806),
('000272', 865771),
('000273', 585915),
('000274', 415696),
('000275', 401953),
('000276', 432381),
('000277', 233454),
('000278', 672460),
('000279', 667126),
('000280', 371207),
('000281', 544644),
('000282', 36136),
('000283', 655084),
('000284', 801709),
('000285', 31933),
('000286', 723226),
('000287', 876379),
('000288', 800808),
('000289', 212935),
('000290', 22192),
('000291', 845389),
('000292', 356067),
('000293', 798107),
('000294', 617114),
('000295', 746576),
('000296', 808612),
('000297', 524739),
('000298', 205918),
('000299', 845568),
('000300', 438384),
('000301', 842149),
('000302', 742023),
('000303', 888620),
('000304', 653267),
('000305', 446333),
('000306', 205380),
('000307', 566403),
('000308', 98261),
('000309', 477104),
('000310', 248786),
('000311', 804525),
('000312', 433926),
('000313', 429749),
('000314', 324798),
('000315', 319443),
('000316', 282640),
('000317', 6136),
('000318', 828252),
('000319', 717930),
('000320', 353774),
('000321', 474582),
('000322', 69721),
('000323', 537737),
('000324', 221268),
('000325', 791262),
('000326', 267195),
('000327', 598176),
('000328', 439539),
('000329', 426693),
('000330', 214128),
('000331', 148276),
('000332', 819036),
('000333', 188461),
('000334', 818839),
('000335', 412900),
('000336', 224377),
('000337', 639185),
('000338', 480361),
('000339', 264440),
('000340', 233639),
('000341', 796394),
('000342', 75715),
('000343', 187491),
('000344', 327113),
('000345', 223047),
('000346', 630847),
('000347', 206816),
('000348', 553837),
('000349', 277958),
('000350', 766789),
('000351', 373285),
('000352', 794086),
('000353', 546731),
('000354', 243576),
('000355', 121404),
('000356', 85782),
('000357', 749110),
('000358', 429461),
('000359', 465868),
('000360', 626081),
('000361', 360958),
('000362', 416789),
('000363', 858608),
('000364', 593924),
('000365', 208685),
('000366', 643484),
('000367', 719034),
('000368', 503405),
('000369', 109316),
('000370', 327803),
('000371', 578216),
('000372', 13672),
('000373', 527943),
('000374', 402192),
('000375', 747939),
('000376', 401209),
('000377', 348382),
('000378', 870490),
('000379', 75997),
('000380', 657272),
('000381', 71944),
('000382', 577501),
('000383', 313818),
('000384', 834249),
('000385', 412157),
('000386', 801666),
('000387', 744417),
('000388', 691809),
('000389', 649732),
('000390', 630564),
('000391', 150664),
('000392', 73123),
('000393', 520320),
('000394', 593172),
('000395', 8711),
('000396', 538084),
('000397', 858155),
('000398', 513223),
('000399', 322221),
('000400', 632692),
('000401', 877840),
('000402', 42164),
('000403', 375133),
('000404', 424418),
('000405', 380842),
('000406', 643178),
('000407', 300986),
('000408', 406813),
('000409', 367589),
('000410', 548008),
('000411', 235644),
('000412', 442132),
('000413', 713539),
('000414', 833063),
('000415', 52055),
('000416', 657806),
('000417', 502981),
('000418', 457693),
('000419', 43143),
('000420', 766640),
('000421', 8345),
('000422', 593953),
('000423', 763488),
('000424', 126758),
('000425', 249489),
('000426', 405409),
('000427', 691746),
('000428', 99894),
('000429', 228706),
('000430', 576347),
('000431', 419224),
('000432', 33603),
('000433', 156113),
('000434', 768131),
('000435', 213029),
('000436', 220952),
('000437', 472461),
('000438', 710804),
('000439', 893811),
('000440', 413712),
('000441', 563935),
('000442', 106430),
('000443', 704039),
('000444', 444678),
('000445', 141877),
('000446', 385226),
('000447', 810242),
('000448', 707108),
('000449', 513615),
('000450', 630747),
('000451', 574330),
('000452', 592179),
('000453', 779107),
('000454', 506588),
('000455', 246622),
('000456', 680933),
('000457', 107832),
('000458', 475462),
('000459', 35643),
('000460', 819914),
('000461', 409858),
('000462', 542198),
('000463', 66059),
('000464', 94302),
('000465', 154795),
('000466', 105605),
('000467', 692873),
('000468', 827404),
('000469', 27869),
('000470', 453588),
('000471', 355153),
('000472', 364160),
('000473', 167916),
('000474', 108097),
('000475', 327930),
('000476', 463094),
('000477', 262042),
('000478', 347063),
('000479', 620323),
('000480', 827451),
('000481', 231762),
('000482', 848324),
('000483', 154143),
('000484', 294412),
('000485', 154302),
('000486', 135256),
('000487', 872514),
('000488', 230593),
('000489', 465305),
('000490', 310440),
('000491', 218917),
('000492', 650527),
('000493', 268621),
('000494', 563192),
('000495', 627872),
('000496', 467661),
('000497', 869550),
('000498', 795078),
('000499', 130111),
('000500', 766690),
('000501', 462072),
('000502', 98232),
('000503', 48683),
('000504', 354416),
('000505', 558644),
('000506', 513555),
('000507', 270526),
('000508', 410493),
('000509', 723990),
('000510', 646982),
('000511', 719714),
('000512', 586804),
('000513', 870389),
('000514', 155230),
('000515', 261742),
('000516', 383623),
('000517', 303693),
('000518', 398749),
('000519', 137306),
('000520', 501596),
('000521', 175331),
('000522', 409534),
('000523', 107074),
('000524', 173570),
('000525', 323901),
('000526', 161819),
('000527', 761504),
('000528', 396113),
('000529', 256461),
('000530', 360482),
('000531', 850140),
('000532', 779442),
('000533', 649149),
('000534', 548270),
('000535', 349511),
('000536', 390597),
('000537', 100503),
('000538', 652267),
('000539', 878158),
('000540', 676194),
('000541', 414272),
('000542', 45861),
('000543', 79743),
('000544', 755666),
('000545', 306188),
('000546', 240458),
('000547', 823677),
('000548', 731287),
('000549', 367575),
('000550', 850057),
('000551', 230801),
('000552', 397428),
('000553', 615381),
('000554', 301015),
('000555', 211965),
('000556', 734836),
('000557', 261466),
('000558', 456259),
('000559', 535467),
('000560', 51804),
('000561', 825948),
('000562', 173229),
('000563', 480869),
('000564', 768158),
('000565', 258930),
('000566', 217052),
('000567', 320156),
('000568', 73875),
('000569', 28093),
('000570', 159722),
('000571', 640801),
('000572', 400074),
('000573', 325775),
('000574', 733063),
('000575', 492832),
('000576', 255027),
('000577', 275326),
('000578', 424145),
('000579', 84196),
('000580', 783330),
('000581', 756382),
('000582', 305484),
('000583', 91819),
('000584', 318679),
('000585', 688503),
('000586', 854128),
('000587', 378953),
('000588', 720516),
('000589', 37658),
('000590', 563037),
('000591', 79765),
('000592', 59869),
('000593', 620412),
('000594', 156911),
('000595', 294196),
('000596', 544510),
('000597', 177788),
('000598', 106080),
('000599', 655527),
('000600', 476352),
('000601', 610079),
('000602', 313458),
('000603', 369456),
('000604', 278894),
('000605', 634246),
('000606', 746270),
('000607', 366690),
('000608', 182306),
('000609', 857560),
('000610', 29190),
('000611', 440830),
('000612', 414893),
('000613', 839143),
('000614', 83000),
('000615', 854295),
('000616', 302912),
('000617', 690630),
('000618', 560282),
('000619', 673566),
('000620', 692120),
('000621', 607584),
('000622', 661347),
('000623', 539763),
('000624', 885406),
('000625', 727873),
('000626', 388719),
('000627', 41003),
('000628', 380049),
('000629', 142278),
('000630', 638553),
('000631', 226412),
('000632', 634724),
('000633', 737082),
('000634', 401843),
('000635', 533000),
('000636', 674008),
('000637', 247437),
('000638', 381962),
('000639', 315337),
('000640', 639230),
('000641', 468848),
('000642', 396164),
('000643', 268181),
('000644', 272931),
('000645', 837930),
('000646', 410586),
('000647', 196460),
('000648', 714168),
('000649', 489673),
('000650', 776224),
('000651', 513275),
('000652', 789705),
('000653', 884010),
('000654', 250097),
('000655', 690335),
('000656', 255428),
('000657', 554852),
('000658', 823745),
('000659', 792748),
('000660', 539452),
('000661', 496910),
('000662', 455207),
('000663', 589335),
('000664', 27781),
('000665', 523298),
('000666', 743174),
('000667', 447237),
('000668', 835171),
('000669', 887101),
('000670', 676523),
('000671', 307252),
('000672', 43909),
('000673', 79221),
('000674', 149474),
('000675', 344311),
('000676', 573374),
('000677', 675653),
('000678', 546147),
('000679', 867621),
('000680', 265270),
('000681', 884092),
('000682', 160771),
('000683', 533685),
('000684', 107299),
('000685', 136704),
('000686', 566246),
('000687', 227460),
('000688', 242290),
('000689', 890059),
('000690', 469267),
('000691', 231472),
('000692', 713613),
('000693', 174816),
('000694', 179934),
('000695', 371413),
('000696', 164996),
('000697', 286773),
('000698', 563796),
('000699', 614346),
('000700', 884712),
('000701', 222991),
('000702', 235397),
('000703', 323421),
('000704', 781419),
('000705', 760722),
('000706', 319342),
('000707', 137186),
('000708', 560131),
('000709', 492649),
('000710', 441066),
('000711', 202087),
('000712', 288146),
('000713', 422970),
('000714', 855616),
('000715', 638529),
('000716', 321008),
('000717', 603679),
('000718', 468851),
('000719', 29973),
('000720', 219591),
('000721', 83420),
('000722', 715485),
('000723', 17061),
('000724', 342627),
('000725', 621017),
('000726', 172162),
('000727', 66667),
('000728', 785769),
('000729', 595670),
('000730', 324591),
('000731', 802493),
('000732', 241509),
('000733', 670934),
('000734', 365746),
('000735', 231291),
('000736', 430721),
('000737', 465286),
('000738', 588770),
('000739', 517389),
('000740', 754796),
('000741', 151543),
('000742', 41864),
('000743', 7552),
('000744', 103019),
('000745', 263231),
('000746', 208440),
('000747', 534099),
('000748', 776823),
('000749', 326718),
('000750', 592795),
('000751', 458063),
('000752', 437259),
('000753', 503266),
('000754', 484749),
('000755', 34338),
('000756', 825837),
('000757', 223685),
('000758', 302264),
('000759', 324755),
('000760', 427985),
('000761', 222195),
('000762', 184032),
('000763', 569594),
('000764', 78063),
('000765', 183997),
('000766', 282737),
('000767', 770845),
('000768', 602203),
('000769', 201175),
('000770', 435560),
('000771', 201262),
('000772', 757914),
('000773', 631176),
('000774', 603630),
('000775', 808539),
('000776', 112761),
('000777', 816880),
('000778', 742119),
('000779', 336391),
('000780', 330040),
('000781', 147385),
('000782', 598815),
('000783', 438534),
('000784', 796222),
('000785', 583015),
('000786', 450016),
('000787', 604657),
('000788', 883002),
('000789', 500854),
('000790', 697467),
('000791', 514940),
('000792', 398531),
('000793', 395580),
('000794', 481388),
('000795', 471533),
('000796', 152621),
('000797', 779996),
('000798', 355898),
('000799', 568862),
('000800', 336230),
('000801', 728131),
('000802', 485422),
('000803', 554310),
('000804', 378696),
('000805', 807280),
('000806', 628358),
('000807', 611960),
('000808', 668813),
('000809', 351147),
('000810', 423087),
('000811', 811105),
('000812', 607101),
('000813', 895976),
('000814', 223870),
('000815', 720144),
('000816', 519226),
('000817', 119870),
('000818', 887737),
('000819', 264783),
('000820', 810448),
('000821', 83691),
('000822', 479081),
('000823', 533572),
('000824', 778959),
('000825', 894308),
('000826', 691541),
('000827', 448615),
('000828', 384113),
('000829', 843714),
('000830', 717729),
('000831', 256313),
('000832', 598258),
('000833', 833103),
('000834', 369293),
('000835', 545791),
('000836', 812565),
('000837', 773270),
('000838', 625491),
('000839', 328418),
('000840', 820864),
('000841', 47262),
('000842', 223933),
('000843', 587838),
('000844', 400875),
('000845', 26446),
('000846', 337304),
('000847', 301612),
('000848', 354262),
('000849', 610835),
('000850', 262292),
('000851', 334281),
('000852', 74474),
('000853', 354494),
('000854', 494242),
('000855', 633070),
('000856', 484945),
('000857', 130412),
('000858', 190621),
('000859', 832927),
('000860', 813162),
('000861', 804193),
('000862', 754586),
('000863', 583438),
('000864', 117304),
('000865', 93396),
('000866', 279659),
('000867', 753453),
('000868', 467268),
('000869', 659841),
('000870', 897519),
('000871', 440656),
('000872', 525457),
('000873', 631931),
('000874', 897938),
('000875', 19725),
('000876', 242370),
('000877', 718272),
('000878', 223413),
('000879', 28329),
('000880', 117462),
('000881', 260211),
('000882', 85507),
('000883', 132309),
('000884', 589236),
('000885', 771883),
('000886', 485272),
('000887', 97764),
('000888', 550641),
('000889', 608990),
('000890', 647275),
('000891', 601479),
('000892', 228374),
('000893', 63619),
('000894', 713153),
('000895', 394062),
('000896', 602320),
('000897', 462466),
('000898', 524139),
('000899', 308452),
('000900', 834075),
('000901', 364689),
('000902', 796891),
('000903', 824805),
('000904', 41450),
('000905', 792004),
('000906', 532041),
('000907', 590807),
('000908', 449401),
('000909', 737370),
('000910', 582100),
('000911', 162915),
('000912', 357518),
('000913', 44588),
('000914', 761177),
('000915', 276495),
('000916', 194674),
('000917', 642595),
('000918', 579813),
('000919', 190052),
('000920', 164628),
('000921', 534262),
('000922', 280863),
('000923', 817960),
('000924', 552074),
('000925', 642388),
('000926', 155889),
('000927', 165707),
('000928', 846228),
('000929', 34113),
('000930', 150300),
('000931', 495475),
('000932', 694903),
('000933', 786093),
('000934', 340813),
('000935', 655190),
('000936', 156720),
('000937', 181578),
('000938', 150054),
('000939', 289284),
('000940', 25897),
('000941', 800013),
('000942', 618272),
('000943', 626720),
('000944', 764604),
('000945', 493962),
('000946', 359660),
('000947', 865951),
('000948', 899648),
('000949', 262685),
('000950', 439750),
('000951', 207095),
('000952', 662095),
('000953', 446245),
('000954', 827758),
('000955', 146399),
('000956', 49688),
('000957', 138676),
('000958', 767135),
('000959', 429319),
('000960', 526456),
('000961', 170887),
('000962', 796519),
('000963', 744558),
('000964', 383642),
('000965', 315892),
('000966', 26801),
('000967', 305285),
('000968', 504555),
('000969', 871407),
('000970', 4412),
('000971', 98918),
('000972', 866956),
('000973', 502700),
('000974', 380255),
('000975', 197063),
('000976', 78562),
('000977', 626135),
('000978', 259921),
('000979', 701553),
('000980', 723552),
('000981', 719052),
('000982', 848240),
('000983', 190837),
('000984', 719076),
('000985', 547922),
('000986', 323113),
('000987', 734465),
('000988', 352979),
('000989', 777321),
('000990', 531607),
('000991', 854596),
('000992', 828990),
('000993', 70371),
('000994', 388900),
('000995', 448735),
('000996', 98070),
('000997', 354549),
('000998', 190202),
('000999', 363720),
('001000', 8576),
('001001', 655679),
('001002', 679659),
('001003', 444895),
('001004', 307968),
('001005', 60171),
('001006', 765248),
('001007', 303349),
('001008', 160967),
('001009', 700707),
('001010', 713639),
('001011', 777709),
('001012', 609186),
('001013', 689127),
('001014', 830385),
('001015', 8309),
('001016', 290364),
('001017', 369562),
('001018', 593332),
('001019', 286745),
('001020', 422304),
('001021', 76314),
('001022', 519832),
('001023', 895746),
('001024', 663975),
('001025', 576627),
('001026', 695283),
('001027', 126087),
('001028', 39474),
('001029', 112248),
('001030', 201375),
('001031', 198343),
('001032', 765150),
('001033', 529553),
('001034', 272717),
('001035', 667516),
('001036', 675079),
('001037', 408234),
('001038', 381319),
('001039', 140011),
('001040', 250482),
('001041', 223886),
('001042', 19849),
('001043', 371683),
('001044', 626977),
('001045', 458696),
('001046', 261977),
('001047', 517520),
('001048', 203891),
('001049', 194350),
('001050', 612756),
('001051', 186430),
('001052', 668647),
('001053', 700999),
('001054', 295731),
('001055', 245321),
('001056', 565847),
('001057', 806728),
('001058', 696622),
('001059', 674038),
('001060', 269083),
('001061', 838103),
('001062', 255993),
('001063', 667888),
('001064', 29309),
('001065', 587287),
('001066', 891375),
('001067', 849058),
('001068', 667984),
('001069', 679730),
('001070', 610504),
('001071', 870441),
('001072', 578991),
('001073', 858227),
('001074', 727828),
('001075', 241095),
('001076', 880416),
('001077', 397327),
('001078', 569234),
('001079', 683603),
('001080', 314494),
('001081', 672041),
('001082', 841782),
('001083', 293720),
('001084', 443561),
('001085', 661766),
('001086', 493871),
('001087', 432271),
('001088', 695482),
('001089', 42613),
('001090', 454147),
('001091', 73431),
('001092', 612834),
('001093', 504603),
('001094', 789091),
('001095', 43030),
('001096', 367789),
('001097', 368617),
('001098', 635410),
('001099', 543290),
('001100', 646510),
('001101', 818519),
('001102', 6785),
('001103', 487512),
('001104', 710900),
('001105', 320839),
('001106', 820366),
('001107', 867695),
('001108', 806630),
('001109', 350709),
('001110', 126098),
('001111', 30065),
('001112', 748938),
('001113', 643655),
('001114', 703809),
('001115', 351717),
('001116', 717133),
('001117', 555374),
('001118', 557121),
('001119', 366072),
('001120', 684704),
('001121', 397267),
('001122', 163691),
('001123', 694139),
('001124', 803048),
('001125', 481977),
('001126', 652872),
('001127', 668932),
('001128', 722018),
('001129', 82296),
('001130', 774291),
('001131', 251261),
('001132', 414497),
('001133', 587313),
('001134', 645423),
('001135', 496745),
('001136', 599389),
('001137', 209919),
('001138', 523800),
('001139', 712090),
('001140', 574491),
('001141', 107960),
('001142', 514241),
('001143', 16961),
('001144', 228311),
('001145', 257428),
('001146', 755136),
('001147', 217783),
('001148', 165026),
('001149', 611262),
('001150', 104134),
('001151', 817840),
('001152', 316703),
('001153', 37218),
('001154', 683743),
('001155', 556530),
('001156', 505411),
('001157', 116835),
('001158', 661661),
('001159', 510050),
('001160', 671842),
('001161', 776319),
('001162', 362892),
('001163', 671335),
('001164', 75382),
('001165', 691522),
('001166', 786501),
('001167', 768310),
('001168', 863423),
('001169', 30550),
('001170', 471292),
('001171', 169628),
('001172', 343466),
('001173', 552469),
('001174', 242641),
('001175', 780049),
('001176', 844008),
('001177', 288669),
('001178', 355219),
('001179', 19507),
('001180', 644138),
('001181', 116084),
('001182', 281632),
('001183', 41312),
('001184', 854981),
('001185', 294752),
('001186', 100111),
('001187', 462665),
('001188', 725060),
('001189', 357525),
('001190', 318551),
('001191', 408783),
('001192', 288041),
('001193', 200215),
('001194', 624490),
('001195', 517543),
('001196', 413418),
('001197', 597045),
('001198', 570677),
('001199', 697088),
('001200', 123842),
('001201', 480906),
('001202', 623654),
('001203', 550911),
('001204', 88314),
('001205', 110072),
('001206', 120365),
('001207', 301127),
('001208', 863756),
('001209', 830666),
('001210', 335931),
('001211', 213297),
('001212', 418988),
('001213', 91603),
('001214', 519688),
('001215', 593327),
('001216', 580109),
('001217', 867066),
('001218', 16959),
('001219', 189706),
('001220', 280189),
('001221', 296503),
('001222', 302577),
('001223', 450037),
('001224', 676403),
('001225', 166098),
('001226', 233485),
('001227', 476087),
('001228', 287982),
('001229', 746665),
('001230', 8977),
('001231', 657828),
('001232', 616928),
('001233', 637836),
('001234', 746541),
('001235', 410179),
('001236', 364525),
('001237', 65965),
('001238', 529155),
('001239', 549020),
('001240', 135616),
('001241', 386322),
('001242', 627219),
('001243', 856294),
('001244', 791526),
('001245', 787359),
('001246', 482615),
('001247', 769638),
('001248', 485866),
('001249', 122737),
('001250', 379099),
('001251', 359599),
('001252', 409518),
('001253', 778287),
('001254', 541900),
('001255', 328155),
('001256', 77117),
('001257', 609853),
('001258', 738772),
('001259', 474077),
('001260', 624317),
('001261', 411815),
('001262', 763916),
('001263', 267801),
('001264', 184120),
('001265', 543683),
('001266', 751349),
('001267', 110497),
('001268', 691547),
('001269', 222309),
('001270', 821292),
('001271', 461798),
('001272', 188765),
('001273', 770077),
('001274', 751885),
('001275', 52721),
('001276', 583450),
('001277', 37614),
('001278', 861889),
('001279', 190902),
('001280', 618690),
('001281', 847128),
('001282', 634727),
('001283', 872479),
('001284', 711552),
('001285', 262059),
('001286', 772755),
('001287', 36976),
('001288', 323040),
('001289', 485842),
('001290', 613009),
('001291', 125484),
('001292', 753353),
('001293', 214749),
('001294', 48313),
('001295', 91569),
('001296', 589385),
('001297', 325164),
('001298', 489676),
('001299', 376224),
('001300', 13909),
('001301', 277893),
('001302', 531161),
('001303', 462583),
('001304', 249883),
('001305', 246110),
('001306', 668168),
('001307', 86193),
('001308', 432640),
('001309', 264418),
('001310', 820975),
('001311', 888283),
('001312', 860920),
('001313', 822470),
('001314', 235386),
('001315', 502326),
('001316', 401825),
('001317', 587472),
('001318', 279709),
('001319', 285989),
('001320', 480050),
('001321', 498970),
('001322', 818134),
('001323', 680756),
('001324', 728284),
('001325', 358612),
('001326', 87636),
('001327', 653062),
('001328', 601221),
('001329', 139781),
('001330', 33058),
('001331', 613826),
('001332', 667562),
('001333', 834306),
('001334', 196751),
('001335', 715059),
('001336', 157475),
('001337', 74266),
('001338', 893417),
('001339', 573544),
('001340', 735994),
('001341', 220739),
('001342', 212226),
('001343', 782581),
('001344', 737204),
('001345', 523557),
('001346', 607768),
('001347', 538337),
('001348', 801318),
('001349', 3038),
('001350', 597958),
('001351', 400241),
('001352', 874150),
('001353', 56035),
('001354', 503211),
('001355', 115649),
('001356', 37161),
('001357', 315454),
('001358', 872329),
('001359', 755154),
('001360', 709662),
('001361', 569969),
('001362', 789680),
('001363', 315903),
('001364', 657270),
('001365', 481824),
('001366', 19623),
('001367', 515354),
('001368', 384455),
('001369', 527236),
('001370', 312403),
('001371', 707938),
('001372', 837919),
('001373', 178126),
('001374', 744640),
('001375', 23110),
('001376', 709272),
('001377', 776314),
('001378', 736197),
('001379', 764566),
('001380', 6447),
('001381', 129806),
('001382', 116305),
('001383', 784934),
('001384', 599570),
('001385', 390962),
('001386', 482244),
('001387', 354522),
('001388', 109615),
('001389', 380353),
('001390', 447258),
('001391', 604150),
('001392', 116815),
('001393', 179912),
('001394', 825836),
('001395', 445078),
('001396', 766238),
('001397', 187519),
('001398', 375504),
('001399', 580259),
('001400', 690693),
('001401', 96092),
('001402', 236097),
('001403', 783911),
('001404', 809802),
('001405', 895209),
('001406', 309978),
('001407', 783348),
('001408', 384051),
('001409', 192965),
('001410', 762885),
('001411', 299979),
('001412', 453503),
('001413', 209849),
('001414', 419533),
('001415', 148924),
('001416', 152994),
('001417', 239684),
('001418', 829668),
('001419', 358853),
('001420', 806263),
('001421', 846310),
('001422', 59845),
('001423', 747564),
('001424', 311406),
('001425', 467757),
('001426', 492118),
('001427', 585466),
('001428', 728779),
('001429', 376940),
('001430', 187352),
('001431', 252739),
('001432', 32166),
('001433', 697323),
('001434', 79101),
('001435', 462635),
('001436', 196049),
('001437', 719377),
('001438', 712592),
('001439', 63268),
('001440', 807159),
('001441', 375904),
('001442', 604697),
('001443', 683247),
('001444', 470945),
('001445', 574183),
('001446', 357196),
('001447', 640629),
('001448', 663224),
('001449', 330142),
('001450', 177287),
('001451', 676132),
('001452', 243450),
('001453', 686863),
('001454', 833892),
('001455', 67398),
('001456', 201734),
('001457', 639620),
('001458', 780168),
('001459', 763550),
('001460', 37060),
('001461', 785864),
('001462', 173818),
('001463', 343369),
('001464', 600045),
('001465', 52903),
('001466', 230109),
('001467', 759383),
('001468', 899645),
('001469', 205495),
('001470', 401535),
('001471', 103142),
('001472', 167702),
('001473', 64639),
('001474', 419184),
('001475', 637255),
('001476', 70438),
('001477', 299723),
('001478', 863969),
('001479', 359442),
('001480', 14222),
('001481', 493242),
('001482', 121066),
('001483', 423552),
('001484', 45451),
('001485', 779654),
('001486', 48936),
('001487', 17128),
('001488', 806952),
('001489', 21426),
('001490', 863596),
('001491', 838926),
('001492', 24032),
('001493', 754252),
('001494', 280469),
('001495', 461723),
('001496', 463022),
('001497', 350515),
('001498', 600534),
('001499', 469121),
('001500', 487367),
('001501', 11468),
('001502', 877640),
('001503', 795773),
('001504', 662249),
('001505', 41008),
('001506', 261066),
('001507', 419758),
('001508', 346285),
('001509', 90941),
('001510', 207551),
('001511', 28970),
('001512', 587536),
('001513', 539701),
('001514', 391473),
('001515', 629769),
('001516', 242492),
('001517', 457225),
('001518', 281809),
('001519', 669110),
('001520', 652167),
('001521', 686760),
('001522', 637287),
('001523', 462258),
('001524', 88999),
('001525', 665598),
('001526', 529758),
('001527', 876227),
('001528', 319384),
('001529', 343715),
('001530', 822348),
('001531', 26663),
('001532', 15736),
('001533', 663592),
('001534', 199883),
('001535', 709652),
('001536', 653161),
('001537', 623062),
('001538', 263647),
('001539', 138702),
('001540', 861035),
('001541', 144323),
('001542', 478688),
('001543', 291830),
('001544', 432564),
('001545', 262932),
('001546', 371296),
('001547', 319508),
('001548', 195264),
('001549', 156893),
('001550', 817406),
('001551', 343951),
('001552', 839259),
('001553', 127365),
('001554', 189664),
('001555', 629048),
('001556', 177256),
('001557', 399137),
('001558', 712353),
('001559', 586717),
('001560', 81481),
('001561', 266069),
('001562', 807256),
('001563', 442852),
('001564', 491637),
('001565', 889295),
('001566', 786261),
('001567', 758411),
('001568', 239728),
('001569', 363199),
('001570', 828733),
('001571', 200415),
('001572', 656090),
('001573', 208838),
('001574', 697833),
('001575', 286156),
('001576', 84664),
('001577', 561545),
('001578', 143145),
('001579', 839293),
('001580', 805389),
('001581', 877715),
('001582', 668102),
('001583', 457315),
('001584', 267933),
('001585', 803481),
('001586', 865585),
('001587', 307239),
('001588', 645062),
('001589', 579232),
('001590', 736456),
('001591', 720629),
('001592', 861342),
('001593', 341499),
('001594', 41877),
('001595', 261693),
('001596', 149067),
('001597', 161203),
('001598', 243126),
('001599', 711868),
('001600', 850372),
('001601', 786817),
('001602', 537520),
('001603', 793836),
('001604', 244688),
('001605', 710491),
('001606', 496985),
('001607', 583948),
('001608', 476839),
('001609', 327786),
('001610', 665138),
('001611', 629366),
('001612', 426798),
('001613', 280147),
('001614', 501924),
('001615', 889554),
('001616', 303908),
('001617', 694262),
('001618', 639356),
('001619', 584322),
('001620', 307951),
('001621', 721697),
('001622', 475083),
('001623', 129071),
('001624', 328037),
('001625', 855526),
('001626', 467533),
('001627', 120921),
('001628', 6186),
('001629', 134184),
('001630', 630057),
('001631', 378114),
('001632', 898756),
('001633', 668401),
('001634', 609287),
('001635', 809889),
('001636', 870368),
('001637', 855517),
('001638', 524793),
('001639', 391959),
('001640', 361769),
('001641', 645385),
('001642', 228522),
('001643', 587621),
('001644', 525330),
('001645', 212479),
('001646', 533579),
('001647', 81679),
('001648', 127537),
('001649', 856579),
('001650', 176670),
('001651', 373215),
('001652', 31300),
('001653', 90848),
('001654', 436028),
('001655', 867057),
('001656', 607182),
('001657', 513076),
('001658', 716846),
('001659', 745483),
('001660', 581352),
('001661', 282875),
('001662', 248139),
('001663', 742675),
('001664', 314576),
('001665', 495592),
('001666', 378976),
('001667', 166727),
('001668', 52704),
('001669', 564199),
('001670', 799949),
('001671', 724048),
('001672', 535780),
('001673', 319724),
('001674', 745966),
('001675', 324023),
('001676', 478426),
('001677', 724752),
('001678', 755189),
('001679', 753722),
('001680', 630020),
('001681', 695300),
('001682', 665295),
('001683', 41714),
('001684', 411778),
('001685', 302399),
('001686', 180166),
('001687', 543719),
('001688', 280361),
('001689', 210520),
('001690', 623171),
('001691', 438226),
('001692', 866800),
('001693', 695405),
('001694', 427501),
('001695', 331577),
('001696', 773515),
('001697', 150176),
('001698', 235286),
('001699', 664656),
('001700', 535364),
('001701', 236241),
('001702', 124769),
('001703', 143472),
('001704', 705688),
('001705', 293249),
('001706', 447286),
('001707', 873203),
('001708', 227854),
('001709', 224893),
('001710', 688991),
('001711', 33081),
('001712', 884642),
('001713', 680744),
('001714', 245302),
('001715', 536914),
('001716', 726957),
('001717', 148176),
('001718', 93700),
('001719', 517744),
('001720', 221685),
('001721', 583530),
('001722', 106204),
('001723', 442399),
('001724', 45659),
('001725', 225493),
('001726', 209687),
('001727', 867998),
('001728', 531539),
('001729', 453597),
('001730', 824080),
('001731', 483680),
('001732', 644207),
('001733', 101221),
('001734', 777051),
('001735', 415253),
('001736', 667593),
('001737', 186580),
('001738', 754559),
('001739', 748176),
('001740', 581875),
('001741', 728634),
('001742', 855038),
('001743', 808031),
('001744', 60533),
('001745', 756570),
('001746', 595427),
('001747', 289799),
('001748', 369456),
('001749', 19108),
('001750', 351191),
('001751', 586629),
('001752', 771215),
('001753', 816753),
('001754', 506428),
('001755', 272880),
('001756', 765681),
('001757', 789823),
('001758', 791997),
('001759', 8472),
('001760', 440132),
('001761', 224754),
('001762', 722506),
('001763', 232700),
('001764', 513602),
('001765', 239371),
('001766', 788773),
('001767', 193889),
('001768', 758566),
('001769', 258526),
('001770', 336596),
('001771', 387428),
('001772', 352798),
('001773', 329932),
('001774', 803134),
('001775', 38019),
('001776', 893365),
('001777', 259295),
('001778', 196144),
('001779', 570511),
('001780', 571525),
('001781', 671683),
('001782', 165608),
('001783', 520803),
('001784', 462307),
('001785', 313877),
('001786', 367763),
('001787', 390090),
('001788', 707257),
('001789', 174880),
('001790', 410915),
('001791', 392384),
('001792', 531053),
('001793', 755593),
('001794', 671379),
('001795', 237660),
('001796', 569224),
('001797', 673099),
('001798', 501027),
('001799', 71392),
('001800', 542970),
('001801', 380767),
('001802', 487313),
('001803', 59735),
('001804', 753724),
('001805', 741784),
('001806', 863898),
('001807', 7378),
('001808', 180987),
('001809', 406180),
('001810', 505411),
('001811', 465229),
('001812', 390148),
('001813', 668494),
('001814', 169163),
('001815', 504461),
('001816', 185135),
('001817', 55917),
('001818', 233511),
('001819', 519732),
('001820', 759780),
('001821', 176957),
('001822', 664359),
('001823', 81664),
('001824', 666770),
('001825', 220713),
('001826', 583265),
('001827', 807587),
('001828', 596070),
('001829', 660070),
('001830', 239276),
('001831', 686305),
('001832', 863361),
('001833', 859116),
('001834', 394458),
('001835', 351823),
('001836', 133593),
('001837', 762115),
('001838', 796112),
('001839', 725757),
('001840', 829085),
('001841', 511102),
('001842', 747593),
('001843', 640557),
('001844', 157556),
('001845', 190960),
('001846', 245183),
('001847', 318737),
('001848', 479917),
('001849', 789492),
('001850', 513719),
('001851', 673845),
('001852', 863560),
('001853', 372376),
('001854', 862606),
('001855', 487859),
('001856', 317424),
('001857', 41178),
('001858', 291202),
('001859', 21448),
('001860', 320713),
('001861', 150238),
('001862', 209666),
('001863', 285084),
('001864', 839337),
('001865', 76438),
('001866', 580801),
('001867', 828384),
('001868', 284193),
('001869', 639974),
('001870', 522819),
('001871', 563758),
('001872', 749422),
('001873', 442431),
('001874', 155224),
('001875', 424706),
('001876', 637966),
('001877', 816139),
('001878', 874671),
('001879', 653000),
('001880', 722671),
('001881', 798173),
('001882', 522174),
('001883', 578880),
('001884', 305383),
('001885', 596656),
('001886', 888379),
('001887', 659664),
('001888', 344757),
('001889', 582501),
('001890', 769666),
('001891', 843454),
('001892', 108853),
('001893', 290399),
('001894', 73749),
('001895', 155820),
('001896', 682535),
('001897', 595066),
('001898', 816278),
('001899', 414047),
('001900', 49984),
('001901', 32720),
('001902', 79937),
('001903', 343409),
('001904', 137332),
('001905', 776166),
('001906', 285325),
('001907', 690528),
('001908', 789058),
('001909', 24156),
('001910', 151425),
('001911', 163496),
('001912', 297912),
('001913', 40371),
('001914', 16949),
('001915', 750364),
('001916', 77344),
('001917', 89043),
('001918', 288920),
('001919', 365326),
('001920', 37307),
('001921', 786393),
('001922', 346775),
('001923', 758774),
('001924', 637025),
('001925', 733731),
('001926', 548544),
('001927', 478603),
('001928', 825387),
('001929', 588276),
('001930', 114873),
('001931', 694347),
('001932', 79567),
('001933', 151754),
('001934', 544215),
('001935', 94018),
('001936', 312932),
('001937', 783977),
('001938', 751094),
('001939', 598823),
('001940', 133756),
('001941', 159429),
('001942', 869984),
('001943', 608228),
('001944', 518784),
('001945', 888513),
('001946', 643444),
('001947', 249867),
('001948', 481391),
('001949', 503361),
('001950', 559793),
('001951', 153620),
('001952', 448258),
('001953', 899677),
('001954', 176960),
('001955', 152634),
('001956', 225584),
('001957', 688012),
('001958', 82990),
('001959', 738777),
('001960', 705815),
('001961', 856310),
('001962', 789554),
('001963', 737009),
('001964', 604926),
('001965', 8634),
('001966', 508609),
('001967', 276908),
('001968', 429127),
('001969', 203311),
('001970', 196396),
('001971', 463981),
('001972', 650919),
('001973', 544631),
('001974', 563467),
('001975', 669980),
('001976', 721705),
('001977', 258426),
('001978', 702720),
('001979', 61761),
('001980', 742824),
('001981', 218598),
('001982', 249455),
('001983', 686245),
('001984', 514242),
('001985', 896130),
('001986', 745554),
('001987', 560305),
('001988', 566058),
('001989', 293108),
('001990', 91210),
('001991', 287502),
('001992', 193049),
('001993', 201796),
('001994', 889615),
('001995', 187068),
('001996', 760000),
('001997', 812770),
('001998', 209662),
('001999', 596836),
('002000', 531483),
('002001', 136283),
('002002', 42701),
('002003', 758402),
('002004', 550713),
('002005', 637683),
('002006', 230692),
('002007', 160035),
('002008', 739236),
('002009', 793437),
('002010', 611501),
('002011', 762526),
('002012', 133218),
('002013', 265862),
('002014', 111995),
('002015', 689023),
('002016', 348359),
('002017', 432150),
('002018', 219188),
('002019', 535960),
('002020', 74995),
('002021', 805727),
('002022', 844010),
('002023', 791016),
('002024', 362282),
('002025', 241159),
('002026', 484541),
('002027', 70759),
('002028', 213290),
('002029', 485536),
('002030', 810088),
('002031', 100647),
('002032', 247002),
('002033', 861365),
('002034', 703626),
('002035', 235379),
('002036', 540229),
('002037', 728053),
('002038', 862651),
('002039', 676767),
('002040', 197895),
('002041', 177786),
('002042', 854886),
('002043', 767449),
('002044', 79336),
('002045', 780097),
('002046', 761902),
('002047', 849062),
('002048', 304387),
('002049', 295406),
('002050', 539810),
('002051', 401200),
('002052', 637939),
('002053', 624422),
('002054', 634460),
('002055', 665030),
('002056', 424279),
('002057', 148007),
('002058', 725548),
('002059', 119273),
('002060', 24873),
('002061', 228950),
('002062', 273703),
('002063', 698352),
('002064', 759891),
('002065', 26111),
('002066', 861679),
('002067', 544070),
('002068', 720618),
('002069', 261065),
('002070', 542859),
('002071', 58570),
('002072', 582632),
('002073', 117837),
('002074', 878901),
('002075', 230652),
('002076', 508305),
('002077', 154619),
('002078', 567573),
('002079', 739673),
('002080', 339245),
('002081', 276878),
('002082', 66501),
('002083', 508403),
('002084', 133741),
('002085', 113817),
('002086', 207911),
('002087', 531336),
('002088', 818709),
('002089', 222901),
('002090', 534294),
('002091', 292829),
('002092', 185943),
('002093', 349690),
('002094', 139518),
('002095', 207822),
('002096', 163445),
('002097', 586721),
('002098', 411858),
('002099', 395989),
('002100', 811570),
('002101', 629794),
('002102', 637583),
('002103', 444048),
('002104', 538383),
('002105', 217846),
('002106', 470178),
('002107', 498107),
('002108', 868702),
('002109', 259064),
('002110', 308548),
('002111', 610187),
('002112', 480126),
('002113', 699672),
('002114', 69163),
('002115', 781971),
('002116', 388869),
('002117', 325801),
('002118', 234605),
('002119', 518119),
('002120', 816093),
('002121', 824151),
('002122', 192870),
('002123', 764959),
('002124', 884679),
('002125', 724625),
('002126', 339997),
('002127', 673358),
('002128', 172507),
('002129', 546971),
('002130', 493426),
('002131', 149208),
('002132', 548119),
('002133', 317036),
('002134', 781728),
('002135', 152172),
('002136', 215582),
('002137', 778884),
('002138', 585837),
('002139', 4554),
('002140', 465805),
('002141', 464939),
('002142', 305741),
('002143', 30217),
('002144', 761642),
('002145', 282728),
('002146', 345478),
('002147', 313640),
('002148', 193158),
('002149', 116698),
('002150', 665387),
('002151', 292278),
('002152', 250192),
('002153', 621999),
('002154', 129931),
('002155', 38659),
('002156', 753154),
('002157', 501752),
('002158', 657101),
('002159', 488408),
('002160', 498654),
('002161', 22919),
('002162', 691041),
('002163', 494535),
('002164', 780817),
('002165', 301570),
('002166', 87947),
('002167', 192727),
('002168', 215212),
('002169', 540200),
('002170', 47639),
('002171', 255646),
('002172', 617607),
('002173', 459556),
('002174', 499609),
('002175', 595522),
('002176', 118335),
('002177', 61790),
('002178', 328876),
('002179', 267791),
('002180', 307915),
('002181', 481308),
('002182', 807644),
('002183', 69983),
('002184', 403338),
('002185', 595467),
('002186', 406788),
('002187', 757384),
('002188', 598719),
('002189', 784744),
('002190', 830017),
('002191', 795208),
('002192', 545264),
('002193', 671733),
('002194', 478475),
('002195', 33675),
('002196', 610537),
('002197', 75257),
('002198', 598097),
('002199', 568251),
('002200', 407254),
('002201', 532734),
('002202', 476755),
('002203', 601020),
('002204', 208535),
('002205', 898947),
('002206', 403948),
('002207', 280173),
('002208', 462983),
('002209', 667978),
('002210', 375168),
('002211', 221618),
('002212', 801013),
('002213', 877739),
('002214', 509850),
('002215', 260155),
('002216', 825249),
('002217', 194945),
('002218', 547205),
('002219', 720523),
('002220', 890894),
('002221', 650485),
('002222', 441210),
('002223', 657832),
('002224', 243958),
('002225', 279048),
('002226', 824319),
('002227', 745721),
('002228', 887463),
('002229', 372426),
('002230', 52495),
('002231', 531493),
('002232', 582630),
('002233', 351860),
('002234', 776490),
('002235', 383808),
('002236', 683302),
('002237', 99931),
('002238', 667130),
('002239', 836722),
('002240', 485633),
('002241', 440592),
('002242', 1091),
('002243', 877354),
('002244', 547111),
('002245', 415631),
('002246', 301870),
('002247', 281260),
('002248', 361467),
('002249', 764660),
('002250', 442025),
('002251', 798482),
('002252', 460993),
('002253', 495564),
('002254', 834863),
('002255', 99893),
('002256', 240418),
('002257', 324339),
('002258', 554356),
('002259', 531690),
('002260', 18915),
('002261', 521719),
('002262', 866505),
('002263', 609829),
('002264', 446093),
('002265', 505819),
('002266', 347090),
('002267', 366370),
('002268', 357628),
('002269', 544614),
('002270', 772441),
('002271', 20522),
('002272', 59359),
('002273', 567104),
('002274', 683293),
('002275', 521470),
('002276', 837822),
('002277', 281501),
('002278', 286278),
('002279', 585090),
('002280', 564204),
('002281', 510024),
('002282', 317150),
('002283', 260560),
('002284', 398371),
('002285', 247631),
('002286', 691619),
('002287', 663896),
('002288', 365826),
('002289', 811977),
('002290', 743766),
('002291', 877419),
('002292', 33351),
('002293', 447664),
('002294', 628165),
('002295', 104710),
('002296', 349277),
('002297', 115533),
('002298', 698210),
('002299', 111576),
('002300', 76857),
('002301', 734804),
('002302', 85794),
('002303', 501316),
('002304', 383770),
('002305', 706185),
('002306', 735516),
('002307', 59440),
('002308', 293292),
('002309', 266413),
('002310', 194164),
('002311', 18044),
('002312', 847152),
('002313', 780744),
('002314', 839607),
('002315', 811357),
('002316', 6508),
('002317', 562175),
('002318', 579009),
('002319', 45902),
('002320', 518352),
('002321', 381766),
('002322', 203550),
('002323', 659123),
('002324', 795191),
('002325', 50802),
('002326', 86077),
('002327', 366505),
('002328', 300494),
('002329', 111833),
('002330', 91273),
('002331', 189308),
('002332', 763899),
('002333', 55023),
('002334', 49855),
('002335', 654106),
('002336', 569216),
('002337', 561108),
('002338', 623089),
('002339', 574553),
('002340', 166795),
('002341', 112122),
('002342', 5479),
('002343', 20389),
('002344', 503290),
('002345', 721472),
('002346', 29305),
('002347', 51207),
('002348', 540909),
('002349', 364738),
('002350', 141627),
('002351', 676875),
('002352', 702793),
('002353', 636714),
('002354', 729271),
('002355', 37185),
('002356', 620635),
('002357', 328084),
('002358', 713574),
('002359', 531269),
('002360', 705259),
('002361', 393823),
('002362', 489186),
('002363', 717257),
('002364', 236954),
('002365', 96867),
('002366', 477029),
('002367', 644633),
('002368', 458321),
('002369', 799417),
('002370', 532797),
('002371', 355913),
('002372', 851650),
('002373', 42910),
('002374', 388210),
('002375', 516060),
('002376', 278940),
('002377', 79201),
('002378', 207546),
('002379', 555378),
('002380', 300128),
('002381', 2979),
('002382', 363408),
('002383', 831234),
('002384', 538496),
('002385', 327896),
('002386', 194324),
('002387', 830156),
('002388', 44875),
('002389', 426073),
('002390', 515382),
('002391', 687239),
('002392', 589912),
('002393', 640569),
('002394', 327124),
('002395', 714205),
('002396', 521607),
('002397', 670539),
('002398', 796202),
('002399', 173951),
('002400', 468449),
('002401', 654108),
('002402', 835933),
('002403', 378614),
('002404', 266255),
('002405', 835612),
('002406', 189742),
('002407', 81216),
('002408', 818739),
('002409', 467331),
('002410', 616946),
('002411', 131993),
('002412', 338139),
('002413', 679519),
('002414', 492204),
('002415', 233343),
('002416', 535582),
('002417', 569395),
('002418', 50464),
('002419', 78055),
('002420', 209117),
('002421', 702821),
('002422', 457570),
('002423', 295126),
('002424', 333650),
('002425', 56773),
('002426', 423753),
('002427', 152831),
('002428', 116285),
('002429', 40020),
('002430', 266821),
('002431', 458506),
('002432', 879022),
('002433', 647610),
('002434', 436303),
('002435', 800537),
('002436', 637502),
('002437', 755735),
('002438', 423730),
('002439', 443077),
('002440', 286907),
('002441', 385354),
('002442', 262959),
('002443', 190274),
('002444', 373797),
('002445', 813068),
('002446', 315662),
('002447', 86086),
('002448', 8979),
('002449', 557633),
('002450', 82206),
('002451', 349289),
('002452', 223066),
('002453', 873175),
('002454', 94058),
('002455', 795898),
('002456', 461480),
('002457', 841957),
('002458', 794254),
('002459', 828422),
('002460', 678550),
('002461', 99665),
('002462', 234793),
('002463', 477838),
('002464', 726232),
('002465', 321043),
('002466', 296242),
('002467', 91324),
('002468', 296720),
('002469', 346323),
('002470', 848293),
('002471', 480085),
('002472', 801199),
('002473', 326162),
('002474', 269749),
('002475', 802912),
('002476', 577329),
('002477', 762317),
('002478', 161206),
('002479', 132395),
('002480', 760232),
('002481', 570185),
('002482', 378930),
('002483', 828016),
('002484', 466235),
('002485', 224003),
('002486', 580410),
('002487', 64439),
('002488', 460683),
('002489', 296009),
('002490', 585823),
('002491', 151197),
('002492', 259741),
('002493', 478176),
('002494', 818331),
('002495', 464900),
('002496', 794429),
('002497', 285449),
('002498', 570971),
('002499', 323693),
('002500', 174323);

-- 2. 고객잔고 (20개 종목 - 처음 20개 사용)
INSERT INTO customer_balance (account_number, stock_code, stock_name, quantity, purchase_amount) VALUES
('99911122222', '000001', '삼성전자', 500, 49547462.00),
('99911122222', '000002', 'SK하이닉스', 150, 62909280.00),
('99911122222', '000003', 'NAVER', 80, 21473033.00),
('99911122222', '000004', 'LG화학', 45, 30892915.00),
('99911122222', '000005', '삼성바이오로직스', 25, 38902163.00),
('99911122222', '000006', 'POSCO홀딩스', 120, 79642120.00),
('99911122222', '000007', '기아', 200, 16334505.00),
('99911122222', '000008', '카카오', 180, 44633305.00),
('99911122222', '000009', 'KB금융', 220, 15500967.00),
('99911122222', '000010', '신한지주', 300, 16073076.00),
('99911122222', '000011', 'SK이노베이션', 85, 13391305.00),
('99911122222', '000012', 'SK텔레콤', 160, 17895492.00),
('99911122222', '000013', 'LG전자', 90, 48457355.00),
('99911122222', '000014', '삼성전기', 130, 48994283.00),
('99911122222', '000015', '엔씨소프트', 75, 51618859.00),
('99911122222', '000016', '카카오뱅크', 400, 31488460.00),
('99911122222', '000017', '하나금융지주', 110, 68348463.00),
('99911122222', '000018', '셀트리온', 95, 41436291.00),
('99911122222', '000019', 'LG에너지솔루션', 60, 48672556.00),
('99911122222', '000020', '에코프로비엠', 140, 56998282.00);

-- 3. 매매내역 (930건 - 순차적 고유 PK)
INSERT INTO trading_history (account_number, trading_date, order_number, execution_number, stock_code, buy_sell_code, order_quantity, order_amount) VALUES
('99911122222', '20240404', 'ORD000001', 'EXE000001', '000001', '1', 5, 14499058.00),
('99911122222', '20240809', 'ORD000002', 'EXE000002', '000002', '1', 17, 18995613.00),
('99911122222', '20240923', 'ORD000003', 'EXE000003', '000003', '2', 60, 38749263.00),
('99911122222', '20240806', 'ORD000004', 'EXE000004', '000004', '1', 94, 30560869.00),
('99911122222', '20240814', 'ORD000005', 'EXE000005', '000005', '1', 13, 21732403.00),
('99911122222', '20240331', 'ORD000006', 'EXE000006', '000006', '1', 13, 13254721.00),
('99911122222', '20240531', 'ORD000007', 'EXE000007', '000007', '2', 60, 24130131.00),
('99911122222', '20240702', 'ORD000008', 'EXE000008', '000008', '1', 7, 26108478.00),
('99911122222', '20240915', 'ORD000009', 'EXE000009', '000009', '1', 99, 24010580.00),
('99911122222', '20240328', 'ORD000010', 'EXE000010', '000010', '2', 28, 28522817.00),
('99911122222', '20240304', 'ORD000011', 'EXE000011', '000011', '2', 87, 10182468.00),
('99911122222', '20240521', 'ORD000012', 'EXE000012', '000012', '2', 93, 37941497.00),
('99911122222', '20240919', 'ORD000013', 'EXE000013', '000013', '2', 67, 37495511.00),
('99911122222', '20240104', 'ORD000014', 'EXE000014', '000014', '1', 1, 6348310.00),
('99911122222', '20240517', 'ORD000015', 'EXE000015', '000015', '2', 87, 18211857.00),
('99911122222', '20240311', 'ORD000016', 'EXE000016', '000016', '2', 49, 44668978.00),
('99911122222', '20240204', 'ORD000017', 'EXE000017', '000017', '1', 69, 27531789.00),
('99911122222', '20240616', 'ORD000018', 'EXE000018', '000018', '2', 73, 46039529.00),
('99911122222', '20240312', 'ORD000019', 'EXE000019', '000019', '2', 5, 31222903.00),
('99911122222', '20240911', 'ORD000020', 'EXE000020', '000020', '1', 35, 1050172.00),
('99911122222', '20240731', 'ORD000021', 'EXE000021', '000001', '2', 46, 6444522.00),
('99911122222', '20241004', 'ORD000022', 'EXE000022', '000002', '2', 2, 21285685.00),
('99911122222', '20240810', 'ORD000023', 'EXE000023', '000003', '1', 8, 33176426.00),
('99911122222', '20241013', 'ORD000024', 'EXE000024', '000004', '2', 50, 5547163.00),
('99911122222', '20240127', 'ORD000025', 'EXE000025', '000005', '1', 43, 21908159.00),
('99911122222', '20240805', 'ORD000026', 'EXE000026', '000006', '1', 62, 20115626.00),
('99911122222', '20240126', 'ORD000027', 'EXE000027', '000007', '1', 44, 45712904.00),
('99911122222', '20240123', 'ORD000028', 'EXE000028', '000008', '1', 32, 39325858.00),
('99911122222', '20240622', 'ORD000029', 'EXE000029', '000009', '2', 67, 28054591.00),
('99911122222', '20240814', 'ORD000030', 'EXE000030', '000010', '2', 99, 21892723.00),
('99911122222', '20240613', 'ORD000031', 'EXE000031', '000011', '1', 79, 25691758.00),
('99911122222', '20240925', 'ORD000032', 'EXE000032', '000012', '2', 69, 11327825.00),
('99911122222', '20240110', 'ORD000033', 'EXE000033', '000013', '1', 57, 13241003.00),
('99911122222', '20240619', 'ORD000034', 'EXE000034', '000014', '2', 17, 31541587.00),
('99911122222', '20240214', 'ORD000035', 'EXE000035', '000015', '1', 67, 11874170.00),
('99911122222', '20240907', 'ORD000036', 'EXE000036', '000016', '1', 11, 4337381.00),
('99911122222', '20241013', 'ORD000037', 'EXE000037', '000017', '1', 95, 22026621.00),
('99911122222', '20240324', 'ORD000038', 'EXE000038', '000018', '2', 98, 48749173.00),
('99911122222', '20240618', 'ORD000039', 'EXE000039', '000019', '1', 50, 47165816.00),
('99911122222', '20241015', 'ORD000040', 'EXE000040', '000020', '1', 10, 6763887.00),
('99911122222', '20240216', 'ORD000041', 'EXE000041', '000001', '2', 77, 26821589.00),
('99911122222', '20241019', 'ORD000042', 'EXE000042', '000002', '2', 58, 26945985.00),
('99911122222', '20240903', 'ORD000043', 'EXE000043', '000003', '1', 62, 6278254.00),
('99911122222', '20240309', 'ORD000044', 'EXE000044', '000004', '1', 69, 24304904.00),
('99911122222', '20240718', 'ORD000045', 'EXE000045', '000005', '1', 92, 30233475.00),
('99911122222', '20240509', 'ORD000046', 'EXE000046', '000006', '2', 1, 40674709.00),
('99911122222', '20240810', 'ORD000047', 'EXE000047', '000007', '1', 27, 41287587.00),
('99911122222', '20241027', 'ORD000048', 'EXE000048', '000008', '2', 55, 19655618.00),
('99911122222', '20240411', 'ORD000049', 'EXE000049', '000009', '2', 70, 44928845.00),
('99911122222', '20240714', 'ORD000050', 'EXE000050', '000010', '1', 65, 24173493.00),
('99911122222', '20240919', 'ORD000051', 'EXE000051', '000011', '1', 16, 25007847.00),
('99911122222', '20240712', 'ORD000052', 'EXE000052', '000012', '2', 63, 46857180.00),
('99911122222', '20240622', 'ORD000053', 'EXE000053', '000013', '1', 18, 33248550.00),
('99911122222', '20240328', 'ORD000054', 'EXE000054', '000014', '1', 29, 35379994.00),
('99911122222', '20240602', 'ORD000055', 'EXE000055', '000015', '2', 35, 48739733.00),
('99911122222', '20240321', 'ORD000056', 'EXE000056', '000016', '1', 10, 25947613.00),
('99911122222', '20240930', 'ORD000057', 'EXE000057', '000017', '2', 32, 47899746.00),
('99911122222', '20241006', 'ORD000058', 'EXE000058', '000018', '2', 87, 7806317.00),
('99911122222', '20240103', 'ORD000059', 'EXE000059', '000019', '1', 77, 37567467.00),
('99911122222', '20240214', 'ORD000060', 'EXE000060', '000020', '2', 8, 10349150.00),
('99911122222', '20240809', 'ORD000061', 'EXE000061', '000001', '2', 43, 45078118.00),
('99911122222', '20240426', 'ORD000062', 'EXE000062', '000002', '1', 10, 9976316.00),
('99911122222', '20240522', 'ORD000063', 'EXE000063', '000003', '1', 16, 39602569.00),
('99911122222', '20240822', 'ORD000064', 'EXE000064', '000004', '1', 19, 34115123.00),
('99911122222', '20240118', 'ORD000065', 'EXE000065', '000005', '1', 41, 3594014.00),
('99911122222', '20241010', 'ORD000066', 'EXE000066', '000006', '1', 78, 41005987.00),
('99911122222', '20241018', 'ORD000067', 'EXE000067', '000007', '2', 72, 32753635.00),
('99911122222', '20241015', 'ORD000068', 'EXE000068', '000008', '1', 93, 44118941.00),
('99911122222', '20240912', 'ORD000069', 'EXE000069', '000009', '2', 41, 13857647.00),
('99911122222', '20240527', 'ORD000070', 'EXE000070', '000010', '1', 4, 12554415.00),
('99911122222', '20240714', 'ORD000071', 'EXE000071', '000011', '1', 92, 24853704.00),
('99911122222', '20240928', 'ORD000072', 'EXE000072', '000012', '2', 64, 49799752.00),
('99911122222', '20240422', 'ORD000073', 'EXE000073', '000013', '1', 30, 16875236.00),
('99911122222', '20240605', 'ORD000074', 'EXE000074', '000014', '1', 9, 14487851.00),
('99911122222', '20240130', 'ORD000075', 'EXE000075', '000015', '2', 86, 6372532.00),
('99911122222', '20240314', 'ORD000076', 'EXE000076', '000016', '1', 96, 3427553.00),
('99911122222', '20240905', 'ORD000077', 'EXE000077', '000017', '1', 38, 21054358.00),
('99911122222', '20240802', 'ORD000078', 'EXE000078', '000018', '1', 11, 6702182.00),
('99911122222', '20240306', 'ORD000079', 'EXE000079', '000019', '2', 9, 45778031.00),
('99911122222', '20240620', 'ORD000080', 'EXE000080', '000020', '2', 92, 13735354.00),
('99911122222', '20240626', 'ORD000081', 'EXE000081', '000001', '1', 56, 20907441.00),
('99911122222', '20240831', 'ORD000082', 'EXE000082', '000002', '2', 80, 35027724.00),
('99911122222', '20240927', 'ORD000083', 'EXE000083', '000003', '2', 12, 34269740.00),
('99911122222', '20240725', 'ORD000084', 'EXE000084', '000004', '1', 57, 33525225.00),
('99911122222', '20240205', 'ORD000085', 'EXE000085', '000005', '2', 26, 31240159.00),
('99911122222', '20240226', 'ORD000086', 'EXE000086', '000006', '1', 82, 23211331.00),
('99911122222', '20240717', 'ORD000087', 'EXE000087', '000007', '1', 66, 8671031.00),
('99911122222', '20240508', 'ORD000088', 'EXE000088', '000008', '2', 85, 1835699.00),
('99911122222', '20240722', 'ORD000089', 'EXE000089', '000009', '1', 25, 16316051.00),
('99911122222', '20240604', 'ORD000090', 'EXE000090', '000010', '2', 29, 32865945.00),
('99911122222', '20240820', 'ORD000091', 'EXE000091', '000011', '2', 91, 14252431.00),
('99911122222', '20241023', 'ORD000092', 'EXE000092', '000012', '2', 90, 47208318.00),
('99911122222', '20240206', 'ORD000093', 'EXE000093', '000013', '1', 86, 29823955.00),
('99911122222', '20241017', 'ORD000094', 'EXE000094', '000014', '2', 32, 44096574.00),
('99911122222', '20240618', 'ORD000095', 'EXE000095', '000015', '1', 61, 3537671.00),
('99911122222', '20240519', 'ORD000096', 'EXE000096', '000016', '1', 69, 31112828.00),
('99911122222', '20241005', 'ORD000097', 'EXE000097', '000017', '1', 82, 32595268.00),
('99911122222', '20241003', 'ORD000098', 'EXE000098', '000018', '1', 6, 2978104.00),
('99911122222', '20240123', 'ORD000099', 'EXE000099', '000019', '1', 41, 26576020.00),
('99911122222', '20240501', 'ORD000100', 'EXE000100', '000020', '2', 47, 27297088.00),
('99911122222', '20240618', 'ORD000101', 'EXE000101', '000001', '2', 83, 36651642.00),
('99911122222', '20240811', 'ORD000102', 'EXE000102', '000002', '1', 84, 9509849.00),
('99911122222', '20240212', 'ORD000103', 'EXE000103', '000003', '2', 37, 26741009.00),
('99911122222', '20240519', 'ORD000104', 'EXE000104', '000004', '1', 62, 11083947.00),
('99911122222', '20240130', 'ORD000105', 'EXE000105', '000005', '2', 46, 41649369.00),
('99911122222', '20240828', 'ORD000106', 'EXE000106', '000006', '2', 14, 41328320.00),
('99911122222', '20240427', 'ORD000107', 'EXE000107', '000007', '2', 74, 38366562.00),
('99911122222', '20240524', 'ORD000108', 'EXE000108', '000008', '2', 34, 37959189.00),
('99911122222', '20240713', 'ORD000109', 'EXE000109', '000009', '2', 95, 12510193.00),
('99911122222', '20240515', 'ORD000110', 'EXE000110', '000010', '2', 87, 17483568.00),
('99911122222', '20240329', 'ORD000111', 'EXE000111', '000011', '2', 97, 14516996.00),
('99911122222', '20240812', 'ORD000112', 'EXE000112', '000012', '2', 44, 35282497.00),
('99911122222', '20240825', 'ORD000113', 'EXE000113', '000013', '1', 21, 3271494.00),
('99911122222', '20241007', 'ORD000114', 'EXE000114', '000014', '2', 63, 19970800.00),
('99911122222', '20241001', 'ORD000115', 'EXE000115', '000015', '1', 46, 5728720.00),
('99911122222', '20240821', 'ORD000116', 'EXE000116', '000016', '2', 4, 35677975.00),
('99911122222', '20240423', 'ORD000117', 'EXE000117', '000017', '1', 15, 32926183.00),
('99911122222', '20240730', 'ORD000118', 'EXE000118', '000018', '1', 3, 30377753.00),
('99911122222', '20240215', 'ORD000119', 'EXE000119', '000019', '1', 10, 16983974.00),
('99911122222', '20240722', 'ORD000120', 'EXE000120', '000020', '2', 97, 9687743.00),
('99911122222', '20240615', 'ORD000121', 'EXE000121', '000001', '2', 56, 25982452.00),
('99911122222', '20240926', 'ORD000122', 'EXE000122', '000002', '2', 6, 28668781.00),
('99911122222', '20240527', 'ORD000123', 'EXE000123', '000003', '2', 32, 43264775.00),
('99911122222', '20240425', 'ORD000124', 'EXE000124', '000004', '2', 18, 32191456.00),
('99911122222', '20240312', 'ORD000125', 'EXE000125', '000005', '1', 14, 47924808.00),
('99911122222', '20240801', 'ORD000126', 'EXE000126', '000006', '2', 5, 3615940.00),
('99911122222', '20240220', 'ORD000127', 'EXE000127', '000007', '1', 64, 24243969.00),
('99911122222', '20241025', 'ORD000128', 'EXE000128', '000008', '2', 39, 21817989.00),
('99911122222', '20240623', 'ORD000129', 'EXE000129', '000009', '2', 77, 15698709.00),
('99911122222', '20240322', 'ORD000130', 'EXE000130', '000010', '2', 19, 34767454.00),
('99911122222', '20240830', 'ORD000131', 'EXE000131', '000011', '1', 39, 23225456.00),
('99911122222', '20240219', 'ORD000132', 'EXE000132', '000012', '2', 81, 14806081.00),
('99911122222', '20241001', 'ORD000133', 'EXE000133', '000013', '2', 73, 28372596.00),
('99911122222', '20240910', 'ORD000134', 'EXE000134', '000014', '1', 4, 5278820.00),
('99911122222', '20240429', 'ORD000135', 'EXE000135', '000015', '2', 61, 2636914.00),
('99911122222', '20240628', 'ORD000136', 'EXE000136', '000016', '1', 48, 34383371.00),
('99911122222', '20241024', 'ORD000137', 'EXE000137', '000017', '1', 78, 26353083.00),
('99911122222', '20240804', 'ORD000138', 'EXE000138', '000018', '1', 67, 47824102.00),
('99911122222', '20240514', 'ORD000139', 'EXE000139', '000019', '1', 96, 39277740.00),
('99911122222', '20240211', 'ORD000140', 'EXE000140', '000020', '2', 89, 37121193.00),
('99911122222', '20240903', 'ORD000141', 'EXE000141', '000001', '1', 70, 45859313.00),
('99911122222', '20241015', 'ORD000142', 'EXE000142', '000002', '1', 49, 40355344.00),
('99911122222', '20240831', 'ORD000143', 'EXE000143', '000003', '2', 38, 26708805.00),
('99911122222', '20240218', 'ORD000144', 'EXE000144', '000004', '2', 81, 30869466.00),
('99911122222', '20240821', 'ORD000145', 'EXE000145', '000005', '1', 76, 37781569.00),
('99911122222', '20240116', 'ORD000146', 'EXE000146', '000006', '2', 61, 23879191.00),
('99911122222', '20240925', 'ORD000147', 'EXE000147', '000007', '2', 77, 21672731.00),
('99911122222', '20240112', 'ORD000148', 'EXE000148', '000008', '1', 72, 12040515.00),
('99911122222', '20240906', 'ORD000149', 'EXE000149', '000009', '1', 99, 17814970.00),
('99911122222', '20240909', 'ORD000150', 'EXE000150', '000010', '2', 14, 233157.00),
('99911122222', '20241025', 'ORD000151', 'EXE000151', '000011', '1', 3, 4442524.00),
('99911122222', '20240406', 'ORD000152', 'EXE000152', '000012', '1', 51, 43113453.00),
('99911122222', '20240510', 'ORD000153', 'EXE000153', '000013', '2', 6, 27171254.00),
('99911122222', '20240722', 'ORD000154', 'EXE000154', '000014', '1', 58, 11342583.00),
('99911122222', '20240927', 'ORD000155', 'EXE000155', '000015', '1', 85, 49847379.00),
('99911122222', '20240904', 'ORD000156', 'EXE000156', '000016', '2', 44, 1767642.00),
('99911122222', '20240929', 'ORD000157', 'EXE000157', '000017', '2', 59, 47956987.00),
('99911122222', '20240201', 'ORD000158', 'EXE000158', '000018', '1', 25, 49350989.00),
('99911122222', '20240422', 'ORD000159', 'EXE000159', '000019', '1', 100, 26997114.00),
('99911122222', '20241014', 'ORD000160', 'EXE000160', '000020', '1', 75, 4552436.00),
('99911122222', '20240224', 'ORD000161', 'EXE000161', '000001', '1', 12, 12440097.00),
('99911122222', '20240222', 'ORD000162', 'EXE000162', '000002', '1', 64, 8339135.00),
('99911122222', '20240915', 'ORD000163', 'EXE000163', '000003', '1', 43, 14064737.00),
('99911122222', '20240717', 'ORD000164', 'EXE000164', '000004', '1', 20, 36235156.00),
('99911122222', '20240123', 'ORD000165', 'EXE000165', '000005', '2', 70, 26535197.00),
('99911122222', '20240114', 'ORD000166', 'EXE000166', '000006', '1', 37, 28562672.00),
('99911122222', '20240617', 'ORD000167', 'EXE000167', '000007', '2', 1, 28151948.00),
('99911122222', '20240424', 'ORD000168', 'EXE000168', '000008', '2', 12, 48051004.00),
('99911122222', '20240422', 'ORD000169', 'EXE000169', '000009', '2', 40, 32106983.00),
('99911122222', '20240506', 'ORD000170', 'EXE000170', '000010', '1', 92, 44985348.00),
('99911122222', '20240612', 'ORD000171', 'EXE000171', '000011', '1', 63, 26178421.00),
('99911122222', '20240213', 'ORD000172', 'EXE000172', '000012', '1', 8, 37151949.00),
('99911122222', '20240723', 'ORD000173', 'EXE000173', '000013', '2', 6, 6979503.00),
('99911122222', '20241006', 'ORD000174', 'EXE000174', '000014', '2', 56, 32705641.00),
('99911122222', '20240820', 'ORD000175', 'EXE000175', '000015', '2', 8, 43332794.00),
('99911122222', '20240627', 'ORD000176', 'EXE000176', '000016', '2', 73, 21770830.00),
('99911122222', '20240121', 'ORD000177', 'EXE000177', '000017', '2', 89, 34849367.00),
('99911122222', '20240407', 'ORD000178', 'EXE000178', '000018', '1', 55, 5621790.00),
('99911122222', '20240725', 'ORD000179', 'EXE000179', '000019', '1', 67, 26734560.00),
('99911122222', '20240326', 'ORD000180', 'EXE000180', '000020', '2', 38, 33100643.00),
('99911122222', '20240923', 'ORD000181', 'EXE000181', '000001', '1', 92, 4487356.00),
('99911122222', '20240426', 'ORD000182', 'EXE000182', '000002', '1', 1, 29434171.00),
('99911122222', '20240618', 'ORD000183', 'EXE000183', '000003', '2', 11, 29652685.00),
('99911122222', '20241027', 'ORD000184', 'EXE000184', '000004', '1', 51, 1389867.00),
('99911122222', '20240312', 'ORD000185', 'EXE000185', '000005', '2', 68, 37128486.00),
('99911122222', '20240323', 'ORD000186', 'EXE000186', '000006', '1', 23, 14258349.00),
('99911122222', '20240308', 'ORD000187', 'EXE000187', '000007', '1', 49, 21379412.00),
('99911122222', '20240713', 'ORD000188', 'EXE000188', '000008', '1', 24, 41179082.00),
('99911122222', '20240523', 'ORD000189', 'EXE000189', '000009', '2', 25, 6107557.00),
('99911122222', '20240201', 'ORD000190', 'EXE000190', '000010', '2', 60, 12873618.00),
('99911122222', '20241009', 'ORD000191', 'EXE000191', '000011', '2', 36, 48871195.00),
('99911122222', '20240205', 'ORD000192', 'EXE000192', '000012', '1', 9, 29540971.00),
('99911122222', '20240802', 'ORD000193', 'EXE000193', '000013', '1', 23, 4088752.00),
('99911122222', '20240312', 'ORD000194', 'EXE000194', '000014', '1', 55, 10491850.00),
('99911122222', '20240825', 'ORD000195', 'EXE000195', '000015', '2', 80, 15794536.00),
('99911122222', '20240418', 'ORD000196', 'EXE000196', '000016', '1', 64, 35702012.00),
('99911122222', '20240523', 'ORD000197', 'EXE000197', '000017', '1', 8, 12742716.00),
('99911122222', '20240426', 'ORD000198', 'EXE000198', '000018', '1', 14, 35457151.00),
('99911122222', '20240214', 'ORD000199', 'EXE000199', '000019', '2', 4, 5362768.00),
('99911122222', '20240415', 'ORD000200', 'EXE000200', '000020', '1', 83, 2215316.00),
('99911122222', '20240903', 'ORD000201', 'EXE000201', '000001', '1', 28, 31862184.00),
('99911122222', '20240901', 'ORD000202', 'EXE000202', '000002', '1', 70, 1179662.00),
('99911122222', '20240110', 'ORD000203', 'EXE000203', '000003', '1', 28, 5438369.00),
('99911122222', '20240903', 'ORD000204', 'EXE000204', '000004', '1', 71, 42492277.00),
('99911122222', '20240226', 'ORD000205', 'EXE000205', '000005', '1', 20, 30020632.00),
('99911122222', '20240126', 'ORD000206', 'EXE000206', '000006', '1', 40, 38945334.00),
('99911122222', '20240721', 'ORD000207', 'EXE000207', '000007', '1', 86, 21619890.00),
('99911122222', '20240828', 'ORD000208', 'EXE000208', '000008', '1', 90, 11692534.00),
('99911122222', '20240213', 'ORD000209', 'EXE000209', '000009', '1', 39, 18305522.00),
('99911122222', '20240513', 'ORD000210', 'EXE000210', '000010', '1', 24, 3589996.00),
('99911122222', '20240306', 'ORD000211', 'EXE000211', '000011', '2', 94, 25073075.00),
('99911122222', '20240607', 'ORD000212', 'EXE000212', '000012', '2', 57, 23605552.00),
('99911122222', '20240219', 'ORD000213', 'EXE000213', '000013', '2', 94, 34569909.00),
('99911122222', '20240312', 'ORD000214', 'EXE000214', '000014', '1', 32, 26837334.00),
('99911122222', '20241004', 'ORD000215', 'EXE000215', '000015', '1', 19, 16147501.00),
('99911122222', '20240313', 'ORD000216', 'EXE000216', '000016', '2', 67, 2202210.00),
('99911122222', '20240422', 'ORD000217', 'EXE000217', '000017', '2', 68, 34580652.00),
('99911122222', '20240308', 'ORD000218', 'EXE000218', '000018', '1', 41, 26462590.00),
('99911122222', '20240130', 'ORD000219', 'EXE000219', '000019', '2', 88, 41097642.00),
('99911122222', '20240618', 'ORD000220', 'EXE000220', '000020', '2', 97, 46128444.00),
('99911122222', '20240606', 'ORD000221', 'EXE000221', '000001', '1', 53, 38843207.00),
('99911122222', '20240101', 'ORD000222', 'EXE000222', '000002', '2', 50, 36457557.00),
('99911122222', '20241019', 'ORD000223', 'EXE000223', '000003', '1', 90, 37930723.00),
('99911122222', '20240204', 'ORD000224', 'EXE000224', '000004', '2', 64, 21883916.00),
('99911122222', '20240831', 'ORD000225', 'EXE000225', '000005', '1', 100, 18541429.00),
('99911122222', '20240606', 'ORD000226', 'EXE000226', '000006', '2', 47, 12632283.00),
('99911122222', '20240124', 'ORD000227', 'EXE000227', '000007', '1', 23, 3163042.00),
('99911122222', '20240221', 'ORD000228', 'EXE000228', '000008', '1', 64, 23819217.00),
('99911122222', '20240125', 'ORD000229', 'EXE000229', '000009', '1', 53, 4611920.00),
('99911122222', '20240208', 'ORD000230', 'EXE000230', '000010', '2', 8, 6567301.00),
('99911122222', '20240725', 'ORD000231', 'EXE000231', '000011', '1', 31, 18440875.00),
('99911122222', '20240523', 'ORD000232', 'EXE000232', '000012', '2', 51, 35537706.00),
('99911122222', '20240921', 'ORD000233', 'EXE000233', '000013', '2', 18, 13079446.00),
('99911122222', '20240814', 'ORD000234', 'EXE000234', '000014', '2', 99, 42566999.00),
('99911122222', '20240201', 'ORD000235', 'EXE000235', '000015', '1', 91, 45072261.00),
('99911122222', '20240925', 'ORD000236', 'EXE000236', '000016', '2', 68, 18974689.00),
('99911122222', '20240312', 'ORD000237', 'EXE000237', '000017', '2', 79, 27177917.00),
('99911122222', '20240119', 'ORD000238', 'EXE000238', '000018', '1', 40, 15809455.00),
('99911122222', '20240618', 'ORD000239', 'EXE000239', '000019', '1', 32, 6824792.00),
('99911122222', '20240727', 'ORD000240', 'EXE000240', '000020', '1', 58, 23322714.00),
('99911122222', '20240306', 'ORD000241', 'EXE000241', '000001', '2', 24, 44279677.00),
('99911122222', '20240727', 'ORD000242', 'EXE000242', '000002', '1', 92, 26316319.00),
('99911122222', '20240802', 'ORD000243', 'EXE000243', '000003', '1', 94, 45235041.00),
('99911122222', '20240112', 'ORD000244', 'EXE000244', '000004', '1', 43, 39833139.00),
('99911122222', '20240818', 'ORD000245', 'EXE000245', '000005', '2', 13, 8966917.00),
('99911122222', '20240630', 'ORD000246', 'EXE000246', '000006', '2', 39, 10265735.00),
('99911122222', '20240212', 'ORD000247', 'EXE000247', '000007', '1', 27, 4997514.00),
('99911122222', '20240311', 'ORD000248', 'EXE000248', '000008', '1', 8, 25871168.00),
('99911122222', '20240727', 'ORD000249', 'EXE000249', '000009', '1', 64, 3017242.00),
('99911122222', '20240922', 'ORD000250', 'EXE000250', '000010', '1', 16, 13445243.00),
('99911122222', '20240507', 'ORD000251', 'EXE000251', '000011', '2', 67, 19888611.00),
('99911122222', '20240825', 'ORD000252', 'EXE000252', '000012', '1', 20, 362313.00),
('99911122222', '20241005', 'ORD000253', 'EXE000253', '000013', '1', 70, 5308213.00),
('99911122222', '20240122', 'ORD000254', 'EXE000254', '000014', '1', 8, 37881472.00),
('99911122222', '20240805', 'ORD000255', 'EXE000255', '000015', '2', 33, 26711169.00),
('99911122222', '20240126', 'ORD000256', 'EXE000256', '000016', '1', 31, 8163387.00),
('99911122222', '20240207', 'ORD000257', 'EXE000257', '000017', '2', 20, 4021510.00),
('99911122222', '20241022', 'ORD000258', 'EXE000258', '000018', '1', 34, 18314422.00),
('99911122222', '20240430', 'ORD000259', 'EXE000259', '000019', '1', 64, 1056921.00),
('99911122222', '20240618', 'ORD000260', 'EXE000260', '000020', '2', 73, 38088791.00),
('99911122222', '20240601', 'ORD000261', 'EXE000261', '000001', '2', 97, 47074630.00),
('99911122222', '20240102', 'ORD000262', 'EXE000262', '000002', '1', 55, 24406133.00),
('99911122222', '20240807', 'ORD000263', 'EXE000263', '000003', '1', 44, 36331674.00),
('99911122222', '20240505', 'ORD000264', 'EXE000264', '000004', '2', 21, 5510279.00),
('99911122222', '20240126', 'ORD000265', 'EXE000265', '000005', '2', 98, 16921687.00),
('99911122222', '20240907', 'ORD000266', 'EXE000266', '000006', '2', 1, 45262080.00),
('99911122222', '20240315', 'ORD000267', 'EXE000267', '000007', '1', 100, 26167346.00),
('99911122222', '20240102', 'ORD000268', 'EXE000268', '000008', '2', 50, 19420430.00),
('99911122222', '20240724', 'ORD000269', 'EXE000269', '000009', '2', 52, 26798521.00),
('99911122222', '20240726', 'ORD000270', 'EXE000270', '000010', '1', 80, 15622083.00),
('99911122222', '20240416', 'ORD000271', 'EXE000271', '000011', '2', 34, 36422260.00),
('99911122222', '20240204', 'ORD000272', 'EXE000272', '000012', '1', 53, 4991815.00),
('99911122222', '20240724', 'ORD000273', 'EXE000273', '000013', '1', 20, 47383244.00),
('99911122222', '20240728', 'ORD000274', 'EXE000274', '000014', '1', 61, 30814381.00),
('99911122222', '20240229', 'ORD000275', 'EXE000275', '000015', '2', 78, 10707327.00),
('99911122222', '20240908', 'ORD000276', 'EXE000276', '000016', '2', 22, 24896330.00),
('99911122222', '20240707', 'ORD000277', 'EXE000277', '000017', '2', 65, 13804140.00),
('99911122222', '20240206', 'ORD000278', 'EXE000278', '000018', '1', 68, 9208466.00),
('99911122222', '20240610', 'ORD000279', 'EXE000279', '000019', '1', 71, 21629367.00),
('99911122222', '20240128', 'ORD000280', 'EXE000280', '000020', '2', 65, 39174473.00),
('99911122222', '20240308', 'ORD000281', 'EXE000281', '000001', '2', 62, 31820783.00),
('99911122222', '20241024', 'ORD000282', 'EXE000282', '000002', '1', 100, 9475668.00),
('99911122222', '20240708', 'ORD000283', 'EXE000283', '000003', '2', 83, 28950518.00),
('99911122222', '20240527', 'ORD000284', 'EXE000284', '000004', '2', 93, 9633568.00),
('99911122222', '20241014', 'ORD000285', 'EXE000285', '000005', '2', 35, 38185215.00),
('99911122222', '20240628', 'ORD000286', 'EXE000286', '000006', '1', 24, 9337282.00),
('99911122222', '20240627', 'ORD000287', 'EXE000287', '000007', '2', 69, 11710146.00),
('99911122222', '20240312', 'ORD000288', 'EXE000288', '000008', '2', 20, 13034278.00),
('99911122222', '20240903', 'ORD000289', 'EXE000289', '000009', '1', 79, 42354312.00),
('99911122222', '20240817', 'ORD000290', 'EXE000290', '000010', '1', 93, 32204655.00),
('99911122222', '20240527', 'ORD000291', 'EXE000291', '000011', '1', 64, 14246908.00),
('99911122222', '20240326', 'ORD000292', 'EXE000292', '000012', '2', 27, 37899357.00),
('99911122222', '20240110', 'ORD000293', 'EXE000293', '000013', '2', 61, 44157206.00),
('99911122222', '20240329', 'ORD000294', 'EXE000294', '000014', '1', 47, 5343300.00),
('99911122222', '20240116', 'ORD000295', 'EXE000295', '000015', '1', 40, 32219716.00),
('99911122222', '20240627', 'ORD000296', 'EXE000296', '000016', '2', 98, 9424096.00),
('99911122222', '20241018', 'ORD000297', 'EXE000297', '000017', '2', 20, 2783465.00),
('99911122222', '20240925', 'ORD000298', 'EXE000298', '000018', '2', 59, 41550674.00),
('99911122222', '20240630', 'ORD000299', 'EXE000299', '000019', '1', 66, 42726800.00),
('99911122222', '20240517', 'ORD000300', 'EXE000300', '000020', '2', 26, 30113623.00),
('99911122222', '20240725', 'ORD000301', 'EXE000301', '000001', '2', 100, 11872484.00),
('99911122222', '20241014', 'ORD000302', 'EXE000302', '000002', '2', 32, 12137478.00),
('99911122222', '20240311', 'ORD000303', 'EXE000303', '000003', '2', 33, 46633689.00),
('99911122222', '20240415', 'ORD000304', 'EXE000304', '000004', '2', 8, 19197834.00),
('99911122222', '20240108', 'ORD000305', 'EXE000305', '000005', '1', 16, 31549770.00),
('99911122222', '20240509', 'ORD000306', 'EXE000306', '000006', '2', 59, 20509828.00),
('99911122222', '20240808', 'ORD000307', 'EXE000307', '000007', '2', 12, 20009435.00),
('99911122222', '20240928', 'ORD000308', 'EXE000308', '000008', '1', 35, 324487.00),
('99911122222', '20240124', 'ORD000309', 'EXE000309', '000009', '2', 1, 24258048.00),
('99911122222', '20240408', 'ORD000310', 'EXE000310', '000010', '2', 97, 45588797.00),
('99911122222', '20240604', 'ORD000311', 'EXE000311', '000011', '1', 28, 1250772.00),
('99911122222', '20240601', 'ORD000312', 'EXE000312', '000012', '2', 44, 32714860.00),
('99911122222', '20240923', 'ORD000313', 'EXE000313', '000013', '2', 26, 46293890.00),
('99911122222', '20241001', 'ORD000314', 'EXE000314', '000014', '1', 98, 15371015.00),
('99911122222', '20241021', 'ORD000315', 'EXE000315', '000015', '2', 100, 24971149.00),
('99911122222', '20240915', 'ORD000316', 'EXE000316', '000016', '1', 31, 23570653.00),
('99911122222', '20240124', 'ORD000317', 'EXE000317', '000017', '1', 24, 36440789.00),
('99911122222', '20240612', 'ORD000318', 'EXE000318', '000018', '1', 75, 10601123.00),
('99911122222', '20240519', 'ORD000319', 'EXE000319', '000019', '1', 16, 34996162.00),
('99911122222', '20240223', 'ORD000320', 'EXE000320', '000020', '2', 60, 792112.00),
('99911122222', '20240122', 'ORD000321', 'EXE000321', '000001', '2', 74, 43614409.00),
('99911122222', '20240429', 'ORD000322', 'EXE000322', '000002', '2', 21, 23822826.00),
('99911122222', '20240309', 'ORD000323', 'EXE000323', '000003', '1', 53, 12246701.00),
('99911122222', '20240921', 'ORD000324', 'EXE000324', '000004', '2', 70, 36352395.00),
('99911122222', '20240801', 'ORD000325', 'EXE000325', '000005', '1', 42, 19606642.00),
('99911122222', '20240418', 'ORD000326', 'EXE000326', '000006', '1', 70, 21817146.00),
('99911122222', '20241011', 'ORD000327', 'EXE000327', '000007', '2', 40, 11660752.00),
('99911122222', '20240825', 'ORD000328', 'EXE000328', '000008', '2', 88, 23082227.00),
('99911122222', '20240506', 'ORD000329', 'EXE000329', '000009', '2', 51, 48783667.00),
('99911122222', '20240601', 'ORD000330', 'EXE000330', '000010', '2', 6, 44772898.00),
('99911122222', '20241012', 'ORD000331', 'EXE000331', '000011', '1', 11, 1306236.00),
('99911122222', '20240125', 'ORD000332', 'EXE000332', '000012', '1', 10, 40639887.00),
('99911122222', '20240816', 'ORD000333', 'EXE000333', '000013', '2', 37, 21132936.00),
('99911122222', '20240512', 'ORD000334', 'EXE000334', '000014', '1', 76, 48176167.00),
('99911122222', '20240416', 'ORD000335', 'EXE000335', '000015', '2', 25, 22348247.00),
('99911122222', '20241007', 'ORD000336', 'EXE000336', '000016', '2', 84, 3850850.00),
('99911122222', '20240727', 'ORD000337', 'EXE000337', '000017', '2', 84, 23715318.00),
('99911122222', '20241017', 'ORD000338', 'EXE000338', '000018', '2', 35, 14951787.00),
('99911122222', '20240205', 'ORD000339', 'EXE000339', '000019', '1', 8, 364442.00),
('99911122222', '20240217', 'ORD000340', 'EXE000340', '000020', '1', 43, 1825962.00),
('99911122222', '20240926', 'ORD000341', 'EXE000341', '000001', '2', 61, 31078049.00),
('99911122222', '20240529', 'ORD000342', 'EXE000342', '000002', '2', 53, 10956192.00),
('99911122222', '20240409', 'ORD000343', 'EXE000343', '000003', '2', 10, 2392082.00),
('99911122222', '20240608', 'ORD000344', 'EXE000344', '000004', '1', 74, 37833291.00),
('99911122222', '20241017', 'ORD000345', 'EXE000345', '000005', '1', 93, 16010438.00),
('99911122222', '20240125', 'ORD000346', 'EXE000346', '000006', '1', 94, 32726562.00),
('99911122222', '20241017', 'ORD000347', 'EXE000347', '000007', '2', 36, 691210.00),
('99911122222', '20240822', 'ORD000348', 'EXE000348', '000008', '2', 48, 41793513.00),
('99911122222', '20240213', 'ORD000349', 'EXE000349', '000009', '1', 40, 13385192.00),
('99911122222', '20240409', 'ORD000350', 'EXE000350', '000010', '2', 43, 49175584.00),
('99911122222', '20240807', 'ORD000351', 'EXE000351', '000011', '1', 77, 7306433.00),
('99911122222', '20240705', 'ORD000352', 'EXE000352', '000012', '2', 74, 47066724.00),
('99911122222', '20240908', 'ORD000353', 'EXE000353', '000013', '2', 98, 3919654.00),
('99911122222', '20240219', 'ORD000354', 'EXE000354', '000014', '1', 64, 18295368.00),
('99911122222', '20240927', 'ORD000355', 'EXE000355', '000015', '2', 56, 44706632.00),
('99911122222', '20240209', 'ORD000356', 'EXE000356', '000016', '2', 30, 33324000.00),
('99911122222', '20240726', 'ORD000357', 'EXE000357', '000017', '1', 81, 23943452.00),
('99911122222', '20240905', 'ORD000358', 'EXE000358', '000018', '1', 53, 32540950.00),
('99911122222', '20240205', 'ORD000359', 'EXE000359', '000019', '2', 31, 38048558.00),
('99911122222', '20240325', 'ORD000360', 'EXE000360', '000020', '1', 79, 7157945.00),
('99911122222', '20241023', 'ORD000361', 'EXE000361', '000001', '2', 81, 18307957.00),
('99911122222', '20240506', 'ORD000362', 'EXE000362', '000002', '2', 53, 10520311.00),
('99911122222', '20240413', 'ORD000363', 'EXE000363', '000003', '1', 51, 12769299.00),
('99911122222', '20240519', 'ORD000364', 'EXE000364', '000004', '1', 13, 8480297.00),
('99911122222', '20240927', 'ORD000365', 'EXE000365', '000005', '2', 60, 12837462.00),
('99911122222', '20240331', 'ORD000366', 'EXE000366', '000006', '2', 85, 33665292.00),
('99911122222', '20240416', 'ORD000367', 'EXE000367', '000007', '1', 70, 41537933.00),
('99911122222', '20240215', 'ORD000368', 'EXE000368', '000008', '2', 68, 27134604.00),
('99911122222', '20240408', 'ORD000369', 'EXE000369', '000009', '2', 75, 36248314.00),
('99911122222', '20240614', 'ORD000370', 'EXE000370', '000010', '2', 10, 11554486.00),
('99911122222', '20240504', 'ORD000371', 'EXE000371', '000011', '1', 36, 10311103.00),
('99911122222', '20240114', 'ORD000372', 'EXE000372', '000012', '1', 55, 9497096.00),
('99911122222', '20240611', 'ORD000373', 'EXE000373', '000013', '1', 30, 14253484.00),
('99911122222', '20240302', 'ORD000374', 'EXE000374', '000014', '2', 5, 27749950.00),
('99911122222', '20240301', 'ORD000375', 'EXE000375', '000015', '1', 74, 38026033.00),
('99911122222', '20240227', 'ORD000376', 'EXE000376', '000016', '1', 1, 4915919.00),
('99911122222', '20240909', 'ORD000377', 'EXE000377', '000017', '1', 83, 27411123.00),
('99911122222', '20240630', 'ORD000378', 'EXE000378', '000018', '1', 99, 31726608.00),
('99911122222', '20240406', 'ORD000379', 'EXE000379', '000019', '1', 41, 37947875.00),
('99911122222', '20240612', 'ORD000380', 'EXE000380', '000020', '2', 31, 3177977.00),
('99911122222', '20241007', 'ORD000381', 'EXE000381', '000001', '2', 58, 2089833.00),
('99911122222', '20240829', 'ORD000382', 'EXE000382', '000002', '1', 79, 34769288.00),
('99911122222', '20240505', 'ORD000383', 'EXE000383', '000003', '1', 81, 33630394.00),
('99911122222', '20240722', 'ORD000384', 'EXE000384', '000004', '1', 82, 33493195.00),
('99911122222', '20240628', 'ORD000385', 'EXE000385', '000005', '1', 15, 11524715.00),
('99911122222', '20240124', 'ORD000386', 'EXE000386', '000006', '1', 90, 24399164.00),
('99911122222', '20240701', 'ORD000387', 'EXE000387', '000007', '1', 21, 26321458.00),
('99911122222', '20240113', 'ORD000388', 'EXE000388', '000008', '1', 47, 49203382.00),
('99911122222', '20240202', 'ORD000389', 'EXE000389', '000009', '2', 85, 23940943.00),
('99911122222', '20240202', 'ORD000390', 'EXE000390', '000010', '1', 9, 33738037.00),
('99911122222', '20240707', 'ORD000391', 'EXE000391', '000011', '2', 78, 24493133.00),
('99911122222', '20240721', 'ORD000392', 'EXE000392', '000012', '2', 85, 42579214.00),
('99911122222', '20240620', 'ORD000393', 'EXE000393', '000013', '2', 58, 26667666.00),
('99911122222', '20240402', 'ORD000394', 'EXE000394', '000014', '1', 66, 33806286.00),
('99911122222', '20240109', 'ORD000395', 'EXE000395', '000015', '2', 27, 17919798.00),
('99911122222', '20240820', 'ORD000396', 'EXE000396', '000016', '2', 74, 12913105.00),
('99911122222', '20240626', 'ORD000397', 'EXE000397', '000017', '2', 87, 30795435.00),
('99911122222', '20240924', 'ORD000398', 'EXE000398', '000018', '1', 25, 17165818.00),
('99911122222', '20240619', 'ORD000399', 'EXE000399', '000019', '2', 32, 48295940.00),
('99911122222', '20240803', 'ORD000400', 'EXE000400', '000020', '1', 2, 47176729.00),
('99911122222', '20240302', 'ORD000401', 'EXE000401', '000001', '1', 82, 3438194.00),
('99911122222', '20240506', 'ORD000402', 'EXE000402', '000002', '1', 92, 23001970.00),
('99911122222', '20241018', 'ORD000403', 'EXE000403', '000003', '1', 39, 8573886.00),
('99911122222', '20240706', 'ORD000404', 'EXE000404', '000004', '1', 75, 47675959.00),
('99911122222', '20240819', 'ORD000405', 'EXE000405', '000005', '1', 39, 1934400.00),
('99911122222', '20240426', 'ORD000406', 'EXE000406', '000006', '2', 56, 48954676.00),
('99911122222', '20240912', 'ORD000407', 'EXE000407', '000007', '1', 32, 1618376.00),
('99911122222', '20240425', 'ORD000408', 'EXE000408', '000008', '2', 27, 18878220.00),
('99911122222', '20240825', 'ORD000409', 'EXE000409', '000009', '2', 13, 16729813.00),
('99911122222', '20240114', 'ORD000410', 'EXE000410', '000010', '2', 79, 44267581.00),
('99911122222', '20240826', 'ORD000411', 'EXE000411', '000011', '1', 20, 1299037.00),
('99911122222', '20240802', 'ORD000412', 'EXE000412', '000012', '2', 95, 43465813.00),
('99911122222', '20240328', 'ORD000413', 'EXE000413', '000013', '2', 64, 20376815.00),
('99911122222', '20240509', 'ORD000414', 'EXE000414', '000014', '2', 76, 33656215.00),
('99911122222', '20240929', 'ORD000415', 'EXE000415', '000015', '1', 46, 7486796.00),
('99911122222', '20241016', 'ORD000416', 'EXE000416', '000016', '1', 40, 44268800.00),
('99911122222', '20240204', 'ORD000417', 'EXE000417', '000017', '2', 13, 28729472.00),
('99911122222', '20240517', 'ORD000418', 'EXE000418', '000018', '2', 93, 16433111.00),
('99911122222', '20240402', 'ORD000419', 'EXE000419', '000019', '1', 98, 2794665.00),
('99911122222', '20240329', 'ORD000420', 'EXE000420', '000020', '2', 15, 32480653.00),
('99911122222', '20240227', 'ORD000421', 'EXE000421', '000001', '1', 70, 27286515.00),
('99911122222', '20241009', 'ORD000422', 'EXE000422', '000002', '1', 86, 20650783.00),
('99911122222', '20240128', 'ORD000423', 'EXE000423', '000003', '2', 3, 26898544.00),
('99911122222', '20241021', 'ORD000424', 'EXE000424', '000004', '1', 59, 12642757.00),
('99911122222', '20240611', 'ORD000425', 'EXE000425', '000005', '2', 83, 43275740.00),
('99911122222', '20241017', 'ORD000426', 'EXE000426', '000006', '2', 84, 42721478.00),
('99911122222', '20240703', 'ORD000427', 'EXE000427', '000007', '1', 24, 17851423.00),
('99911122222', '20240419', 'ORD000428', 'EXE000428', '000008', '1', 60, 46962994.00),
('99911122222', '20241011', 'ORD000429', 'EXE000429', '000009', '1', 10, 35748994.00),
('99911122222', '20240914', 'ORD000430', 'EXE000430', '000010', '2', 99, 1948433.00),
('99911122222', '20240316', 'ORD000431', 'EXE000431', '000011', '2', 36, 48971631.00),
('99911122222', '20240212', 'ORD000432', 'EXE000432', '000012', '2', 40, 42626779.00),
('99911122222', '20241004', 'ORD000433', 'EXE000433', '000013', '2', 95, 17998167.00),
('99911122222', '20240212', 'ORD000434', 'EXE000434', '000014', '1', 28, 36315901.00),
('99911122222', '20240414', 'ORD000435', 'EXE000435', '000015', '1', 40, 5399849.00),
('99911122222', '20240519', 'ORD000436', 'EXE000436', '000016', '2', 57, 27873794.00),
('99911122222', '20240731', 'ORD000437', 'EXE000437', '000017', '2', 6, 7583947.00),
('99911122222', '20240131', 'ORD000438', 'EXE000438', '000018', '2', 13, 48826664.00),
('99911122222', '20240115', 'ORD000439', 'EXE000439', '000019', '1', 5, 19133165.00),
('99911122222', '20240411', 'ORD000440', 'EXE000440', '000020', '1', 62, 38076655.00),
('99911122222', '20240922', 'ORD000441', 'EXE000441', '000001', '2', 83, 17600073.00),
('99911122222', '20240517', 'ORD000442', 'EXE000442', '000002', '2', 60, 27571422.00),
('99911122222', '20240829', 'ORD000443', 'EXE000443', '000003', '2', 69, 26428197.00),
('99911122222', '20240526', 'ORD000444', 'EXE000444', '000004', '1', 53, 6804971.00),
('99911122222', '20240424', 'ORD000445', 'EXE000445', '000005', '2', 38, 19114269.00),
('99911122222', '20240912', 'ORD000446', 'EXE000446', '000006', '2', 60, 16919094.00),
('99911122222', '20240706', 'ORD000447', 'EXE000447', '000007', '2', 54, 44749227.00),
('99911122222', '20240228', 'ORD000448', 'EXE000448', '000008', '1', 37, 42920037.00),
('99911122222', '20240927', 'ORD000449', 'EXE000449', '000009', '1', 61, 27745201.00),
('99911122222', '20240820', 'ORD000450', 'EXE000450', '000010', '2', 39, 34781578.00),
('99911122222', '20240528', 'ORD000451', 'EXE000451', '000011', '2', 89, 10614421.00),
('99911122222', '20240509', 'ORD000452', 'EXE000452', '000012', '2', 52, 44424560.00),
('99911122222', '20240323', 'ORD000453', 'EXE000453', '000013', '2', 94, 37377214.00),
('99911122222', '20240427', 'ORD000454', 'EXE000454', '000014', '1', 3, 37468221.00),
('99911122222', '20240503', 'ORD000455', 'EXE000455', '000015', '1', 80, 6184571.00),
('99911122222', '20240108', 'ORD000456', 'EXE000456', '000016', '2', 61, 28406444.00),
('99911122222', '20241016', 'ORD000457', 'EXE000457', '000017', '1', 100, 15565679.00),
('99911122222', '20240725', 'ORD000458', 'EXE000458', '000018', '1', 49, 44453083.00),
('99911122222', '20241020', 'ORD000459', 'EXE000459', '000019', '1', 92, 12371858.00),
('99911122222', '20240811', 'ORD000460', 'EXE000460', '000020', '2', 60, 30699441.00),
('99911122222', '20240213', 'ORD000461', 'EXE000461', '000001', '2', 12, 26396441.00),
('99911122222', '20240819', 'ORD000462', 'EXE000462', '000002', '1', 51, 8550828.00),
('99911122222', '20240512', 'ORD000463', 'EXE000463', '000003', '2', 72, 44760567.00),
('99911122222', '20240815', 'ORD000464', 'EXE000464', '000004', '1', 12, 20139707.00),
('99911122222', '20240131', 'ORD000465', 'EXE000465', '000005', '2', 3, 9000954.00),
('99911122222', '20240330', 'ORD000466', 'EXE000466', '000006', '1', 33, 21743400.00),
('99911122222', '20240502', 'ORD000467', 'EXE000467', '000007', '2', 92, 12136145.00),
('99911122222', '20240129', 'ORD000468', 'EXE000468', '000008', '2', 51, 26478590.00),
('99911122222', '20240626', 'ORD000469', 'EXE000469', '000009', '2', 6, 18346723.00),
('99911122222', '20240214', 'ORD000470', 'EXE000470', '000010', '1', 40, 18706795.00),
('99911122222', '20241015', 'ORD000471', 'EXE000471', '000011', '1', 84, 13152925.00),
('99911122222', '20240302', 'ORD000472', 'EXE000472', '000012', '1', 11, 7333615.00),
('99911122222', '20240205', 'ORD000473', 'EXE000473', '000013', '2', 88, 24971506.00),
('99911122222', '20240310', 'ORD000474', 'EXE000474', '000014', '2', 71, 42197253.00),
('99911122222', '20240814', 'ORD000475', 'EXE000475', '000015', '1', 51, 31741757.00),
('99911122222', '20240424', 'ORD000476', 'EXE000476', '000016', '2', 33, 46707042.00),
('99911122222', '20240404', 'ORD000477', 'EXE000477', '000017', '2', 23, 35730715.00),
('99911122222', '20240922', 'ORD000478', 'EXE000478', '000018', '2', 27, 6354033.00),
('99911122222', '20240726', 'ORD000479', 'EXE000479', '000019', '1', 84, 5754692.00),
('99911122222', '20240603', 'ORD000480', 'EXE000480', '000020', '1', 33, 1865434.00),
('99911122222', '20240703', 'ORD000481', 'EXE000481', '000001', '1', 67, 46903590.00),
('99911122222', '20240430', 'ORD000482', 'EXE000482', '000002', '2', 44, 44431552.00),
('99911122222', '20240508', 'ORD000483', 'EXE000483', '000003', '1', 8, 30413613.00),
('99911122222', '20240122', 'ORD000484', 'EXE000484', '000004', '2', 53, 3441147.00),
('99911122222', '20240120', 'ORD000485', 'EXE000485', '000005', '1', 11, 31194375.00),
('99911122222', '20240124', 'ORD000486', 'EXE000486', '000006', '1', 39, 15046245.00),
('99911122222', '20240929', 'ORD000487', 'EXE000487', '000007', '2', 16, 38945214.00),
('99911122222', '20240720', 'ORD000488', 'EXE000488', '000008', '1', 54, 27020750.00),
('99911122222', '20240412', 'ORD000489', 'EXE000489', '000009', '2', 63, 46327848.00),
('99911122222', '20241003', 'ORD000490', 'EXE000490', '000010', '2', 16, 16669281.00),
('99911122222', '20240626', 'ORD000491', 'EXE000491', '000011', '2', 95, 40455932.00),
('99911122222', '20240220', 'ORD000492', 'EXE000492', '000012', '1', 55, 14972030.00),
('99911122222', '20240326', 'ORD000493', 'EXE000493', '000013', '1', 94, 26171461.00),
('99911122222', '20240528', 'ORD000494', 'EXE000494', '000014', '2', 67, 28097581.00),
('99911122222', '20240427', 'ORD000495', 'EXE000495', '000015', '1', 41, 49877584.00),
('99911122222', '20240507', 'ORD000496', 'EXE000496', '000016', '1', 47, 25538667.00),
('99911122222', '20240409', 'ORD000497', 'EXE000497', '000017', '1', 86, 16529874.00),
('99911122222', '20240626', 'ORD000498', 'EXE000498', '000018', '1', 26, 18344240.00),
('99911122222', '20240624', 'ORD000499', 'EXE000499', '000019', '1', 2, 25086369.00),
('99911122222', '20240414', 'ORD000500', 'EXE000500', '000020', '2', 48, 29703211.00),
('99911122222', '20240831', 'ORD000501', 'EXE000501', '000001', '1', 15, 3884632.00),
('99911122222', '20241012', 'ORD000502', 'EXE000502', '000002', '1', 50, 40896651.00),
('99911122222', '20240505', 'ORD000503', 'EXE000503', '000003', '2', 85, 4773580.00),
('99911122222', '20240428', 'ORD000504', 'EXE000504', '000004', '2', 45, 32200589.00),
('99911122222', '20240515', 'ORD000505', 'EXE000505', '000005', '1', 15, 38648437.00),
('99911122222', '20240213', 'ORD000506', 'EXE000506', '000006', '2', 54, 40636463.00),
('99911122222', '20240130', 'ORD000507', 'EXE000507', '000007', '1', 13, 28210461.00),
('99911122222', '20240513', 'ORD000508', 'EXE000508', '000008', '2', 56, 24979470.00),
('99911122222', '20240412', 'ORD000509', 'EXE000509', '000009', '1', 63, 20245848.00),
('99911122222', '20240926', 'ORD000510', 'EXE000510', '000010', '2', 9, 14521815.00),
('99911122222', '20240411', 'ORD000511', 'EXE000511', '000011', '2', 61, 11300502.00),
('99911122222', '20240402', 'ORD000512', 'EXE000512', '000012', '1', 22, 44162593.00),
('99911122222', '20240725', 'ORD000513', 'EXE000513', '000013', '2', 46, 47722257.00),
('99911122222', '20240617', 'ORD000514', 'EXE000514', '000014', '1', 78, 44292517.00),
('99911122222', '20240730', 'ORD000515', 'EXE000515', '000015', '2', 36, 37145342.00),
('99911122222', '20240731', 'ORD000516', 'EXE000516', '000016', '1', 37, 25780485.00),
('99911122222', '20240724', 'ORD000517', 'EXE000517', '000017', '1', 55, 40844878.00),
('99911122222', '20240303', 'ORD000518', 'EXE000518', '000018', '1', 55, 9155170.00),
('99911122222', '20240228', 'ORD000519', 'EXE000519', '000019', '2', 75, 13316807.00),
('99911122222', '20240913', 'ORD000520', 'EXE000520', '000020', '2', 13, 40194133.00),
('99911122222', '20240914', 'ORD000521', 'EXE000521', '000001', '1', 41, 27431487.00),
('99911122222', '20240513', 'ORD000522', 'EXE000522', '000002', '1', 48, 3342863.00),
('99911122222', '20240313', 'ORD000523', 'EXE000523', '000003', '2', 46, 7820291.00),
('99911122222', '20240421', 'ORD000524', 'EXE000524', '000004', '2', 42, 30274834.00),
('99911122222', '20241025', 'ORD000525', 'EXE000525', '000005', '1', 17, 44236561.00),
('99911122222', '20240726', 'ORD000526', 'EXE000526', '000006', '1', 95, 43983298.00),
('99911122222', '20240920', 'ORD000527', 'EXE000527', '000007', '2', 22, 3006943.00),
('99911122222', '20241025', 'ORD000528', 'EXE000528', '000008', '2', 22, 47237460.00),
('99911122222', '20240526', 'ORD000529', 'EXE000529', '000009', '2', 84, 10771393.00),
('99911122222', '20240724', 'ORD000530', 'EXE000530', '000010', '1', 37, 36203741.00),
('99911122222', '20240502', 'ORD000531', 'EXE000531', '000011', '2', 1, 4264356.00),
('99911122222', '20240501', 'ORD000532', 'EXE000532', '000012', '1', 93, 48493641.00),
('99911122222', '20240226', 'ORD000533', 'EXE000533', '000013', '1', 56, 5452931.00),
('99911122222', '20240810', 'ORD000534', 'EXE000534', '000014', '1', 4, 23233687.00),
('99911122222', '20240222', 'ORD000535', 'EXE000535', '000015', '2', 23, 3355593.00),
('99911122222', '20240721', 'ORD000536', 'EXE000536', '000016', '1', 76, 24822286.00),
('99911122222', '20240914', 'ORD000537', 'EXE000537', '000017', '2', 1, 37854288.00),
('99911122222', '20241019', 'ORD000538', 'EXE000538', '000018', '2', 90, 2931054.00),
('99911122222', '20240606', 'ORD000539', 'EXE000539', '000019', '2', 71, 9286407.00),
('99911122222', '20240917', 'ORD000540', 'EXE000540', '000020', '2', 49, 38017372.00),
('99911122222', '20240222', 'ORD000541', 'EXE000541', '000001', '2', 66, 15761948.00),
('99911122222', '20240831', 'ORD000542', 'EXE000542', '000002', '1', 6, 14237215.00),
('99911122222', '20240601', 'ORD000543', 'EXE000543', '000003', '1', 48, 11479892.00),
('99911122222', '20240304', 'ORD000544', 'EXE000544', '000004', '1', 2, 14034530.00),
('99911122222', '20240319', 'ORD000545', 'EXE000545', '000005', '2', 49, 36734370.00),
('99911122222', '20240424', 'ORD000546', 'EXE000546', '000006', '2', 18, 42424291.00),
('99911122222', '20240616', 'ORD000547', 'EXE000547', '000007', '1', 15, 1540917.00),
('99911122222', '20240419', 'ORD000548', 'EXE000548', '000008', '1', 55, 24742280.00),
('99911122222', '20240326', 'ORD000549', 'EXE000549', '000009', '2', 88, 43168569.00),
('99911122222', '20240330', 'ORD000550', 'EXE000550', '000010', '2', 34, 47979343.00),
('99911122222', '20240416', 'ORD000551', 'EXE000551', '000011', '1', 81, 37657246.00),
('99911122222', '20240703', 'ORD000552', 'EXE000552', '000012', '2', 22, 14162183.00),
('99911122222', '20240510', 'ORD000553', 'EXE000553', '000013', '1', 28, 40683215.00),
('99911122222', '20240530', 'ORD000554', 'EXE000554', '000014', '1', 81, 13190763.00),
('99911122222', '20240330', 'ORD000555', 'EXE000555', '000015', '1', 40, 48483195.00),
('99911122222', '20240229', 'ORD000556', 'EXE000556', '000016', '2', 84, 4948425.00),
('99911122222', '20240201', 'ORD000557', 'EXE000557', '000017', '1', 88, 20412987.00),
('99911122222', '20240726', 'ORD000558', 'EXE000558', '000018', '2', 52, 34941460.00),
('99911122222', '20240718', 'ORD000559', 'EXE000559', '000019', '1', 82, 42710787.00),
('99911122222', '20240302', 'ORD000560', 'EXE000560', '000020', '1', 49, 21830147.00),
('99911122222', '20240405', 'ORD000561', 'EXE000561', '000001', '2', 55, 47855886.00),
('99911122222', '20240528', 'ORD000562', 'EXE000562', '000002', '1', 83, 27006136.00),
('99911122222', '20240624', 'ORD000563', 'EXE000563', '000003', '1', 25, 31152124.00),
('99911122222', '20240617', 'ORD000564', 'EXE000564', '000004', '2', 1, 16820243.00),
('99911122222', '20240717', 'ORD000565', 'EXE000565', '000005', '1', 37, 49293226.00),
('99911122222', '20240708', 'ORD000566', 'EXE000566', '000006', '1', 25, 38829499.00),
('99911122222', '20240509', 'ORD000567', 'EXE000567', '000007', '1', 54, 47051457.00),
('99911122222', '20240721', 'ORD000568', 'EXE000568', '000008', '2', 42, 17306646.00),
('99911122222', '20240723', 'ORD000569', 'EXE000569', '000009', '1', 32, 47034459.00),
('99911122222', '20240818', 'ORD000570', 'EXE000570', '000010', '2', 22, 25969365.00),
('99911122222', '20240113', 'ORD000571', 'EXE000571', '000011', '2', 93, 25071635.00),
('99911122222', '20240308', 'ORD000572', 'EXE000572', '000012', '1', 8, 25930042.00),
('99911122222', '20240108', 'ORD000573', 'EXE000573', '000013', '1', 3, 44937179.00),
('99911122222', '20240205', 'ORD000574', 'EXE000574', '000014', '2', 65, 19260900.00),
('99911122222', '20240811', 'ORD000575', 'EXE000575', '000015', '1', 80, 40974444.00),
('99911122222', '20240521', 'ORD000576', 'EXE000576', '000016', '2', 48, 26975334.00),
('99911122222', '20240326', 'ORD000577', 'EXE000577', '000017', '2', 1, 40907203.00),
('99911122222', '20240720', 'ORD000578', 'EXE000578', '000018', '2', 72, 11938385.00),
('99911122222', '20240605', 'ORD000579', 'EXE000579', '000019', '2', 56, 16333347.00),
('99911122222', '20240718', 'ORD000580', 'EXE000580', '000020', '2', 43, 11337444.00),
('99911122222', '20241005', 'ORD000581', 'EXE000581', '000001', '1', 77, 16262528.00),
('99911122222', '20240902', 'ORD000582', 'EXE000582', '000002', '1', 35, 40984273.00),
('99911122222', '20240314', 'ORD000583', 'EXE000583', '000003', '2', 47, 9082641.00),
('99911122222', '20240811', 'ORD000584', 'EXE000584', '000004', '1', 41, 29681263.00),
('99911122222', '20240406', 'ORD000585', 'EXE000585', '000005', '2', 14, 2174874.00),
('99911122222', '20240924', 'ORD000586', 'EXE000586', '000006', '1', 37, 24432643.00),
('99911122222', '20240328', 'ORD000587', 'EXE000587', '000007', '2', 24, 6848908.00),
('99911122222', '20240512', 'ORD000588', 'EXE000588', '000008', '1', 80, 4012842.00),
('99911122222', '20241021', 'ORD000589', 'EXE000589', '000009', '1', 32, 26044823.00),
('99911122222', '20240326', 'ORD000590', 'EXE000590', '000010', '1', 77, 39661672.00),
('99911122222', '20240319', 'ORD000591', 'EXE000591', '000011', '1', 70, 35906828.00),
('99911122222', '20240729', 'ORD000592', 'EXE000592', '000012', '2', 6, 27682317.00),
('99911122222', '20240511', 'ORD000593', 'EXE000593', '000013', '1', 73, 37076170.00),
('99911122222', '20240608', 'ORD000594', 'EXE000594', '000014', '1', 83, 10995826.00),
('99911122222', '20240316', 'ORD000595', 'EXE000595', '000015', '1', 3, 22557449.00),
('99911122222', '20240130', 'ORD000596', 'EXE000596', '000016', '2', 35, 25869630.00),
('99911122222', '20240519', 'ORD000597', 'EXE000597', '000017', '2', 44, 23692357.00),
('99911122222', '20240509', 'ORD000598', 'EXE000598', '000018', '1', 41, 13785743.00),
('99911122222', '20240217', 'ORD000599', 'EXE000599', '000019', '2', 95, 45652248.00),
('99911122222', '20240506', 'ORD000600', 'EXE000600', '000020', '1', 74, 36777116.00),
('99911122222', '20240225', 'ORD000601', 'EXE000601', '000001', '1', 73, 40690151.00),
('99911122222', '20240521', 'ORD000602', 'EXE000602', '000002', '2', 28, 35014508.00),
('99911122222', '20240718', 'ORD000603', 'EXE000603', '000003', '2', 74, 30538867.00),
('99911122222', '20240705', 'ORD000604', 'EXE000604', '000004', '1', 31, 16483746.00),
('99911122222', '20240815', 'ORD000605', 'EXE000605', '000005', '2', 95, 1559185.00),
('99911122222', '20240122', 'ORD000606', 'EXE000606', '000006', '1', 38, 8249817.00),
('99911122222', '20240804', 'ORD000607', 'EXE000607', '000007', '2', 1, 33181631.00),
('99911122222', '20240207', 'ORD000608', 'EXE000608', '000008', '2', 92, 11672665.00),
('99911122222', '20240531', 'ORD000609', 'EXE000609', '000009', '1', 5, 47725995.00),
('99911122222', '20240202', 'ORD000610', 'EXE000610', '000010', '1', 29, 24356316.00),
('99911122222', '20240409', 'ORD000611', 'EXE000611', '000011', '2', 46, 4142174.00),
('99911122222', '20240616', 'ORD000612', 'EXE000612', '000012', '1', 44, 11624409.00),
('99911122222', '20240301', 'ORD000613', 'EXE000613', '000013', '2', 27, 7745887.00),
('99911122222', '20240714', 'ORD000614', 'EXE000614', '000014', '2', 14, 4636935.00),
('99911122222', '20240925', 'ORD000615', 'EXE000615', '000015', '1', 8, 34317652.00),
('99911122222', '20240716', 'ORD000616', 'EXE000616', '000016', '1', 58, 16671226.00),
('99911122222', '20240422', 'ORD000617', 'EXE000617', '000017', '1', 98, 23898866.00),
('99911122222', '20240615', 'ORD000618', 'EXE000618', '000018', '2', 82, 44359685.00),
('99911122222', '20240720', 'ORD000619', 'EXE000619', '000019', '1', 84, 25552393.00),
('99911122222', '20240809', 'ORD000620', 'EXE000620', '000020', '1', 93, 6553549.00),
('99911122222', '20240819', 'ORD000621', 'EXE000621', '000001', '1', 86, 40694022.00),
('99911122222', '20240826', 'ORD000622', 'EXE000622', '000002', '2', 86, 25937442.00),
('99911122222', '20240708', 'ORD000623', 'EXE000623', '000003', '1', 77, 10338414.00),
('99911122222', '20240714', 'ORD000624', 'EXE000624', '000004', '2', 100, 27574043.00),
('99911122222', '20240927', 'ORD000625', 'EXE000625', '000005', '2', 87, 39081233.00),
('99911122222', '20240710', 'ORD000626', 'EXE000626', '000006', '1', 81, 30138461.00),
('99911122222', '20240531', 'ORD000627', 'EXE000627', '000007', '1', 45, 31540360.00),
('99911122222', '20240704', 'ORD000628', 'EXE000628', '000008', '2', 76, 30817223.00),
('99911122222', '20240329', 'ORD000629', 'EXE000629', '000009', '2', 20, 39628384.00),
('99911122222', '20240520', 'ORD000630', 'EXE000630', '000010', '1', 80, 45685582.00),
('99911122222', '20240902', 'ORD000631', 'EXE000631', '000011', '2', 1, 5187354.00),
('99911122222', '20240925', 'ORD000632', 'EXE000632', '000012', '2', 52, 3736225.00),
('99911122222', '20240615', 'ORD000633', 'EXE000633', '000013', '1', 19, 47301537.00),
('99911122222', '20240503', 'ORD000634', 'EXE000634', '000014', '2', 13, 28678072.00),
('99911122222', '20240517', 'ORD000635', 'EXE000635', '000015', '2', 40, 4268352.00),
('99911122222', '20240604', 'ORD000636', 'EXE000636', '000016', '1', 18, 7991656.00),
('99911122222', '20240129', 'ORD000637', 'EXE000637', '000017', '2', 86, 8104035.00),
('99911122222', '20240827', 'ORD000638', 'EXE000638', '000018', '1', 59, 40054569.00),
('99911122222', '20240702', 'ORD000639', 'EXE000639', '000019', '1', 16, 18806017.00),
('99911122222', '20240403', 'ORD000640', 'EXE000640', '000020', '1', 4, 17582291.00),
('99911122222', '20240122', 'ORD000641', 'EXE000641', '000001', '2', 56, 46107833.00),
('99911122222', '20240611', 'ORD000642', 'EXE000642', '000002', '1', 17, 27303915.00),
('99911122222', '20240123', 'ORD000643', 'EXE000643', '000003', '2', 79, 15830490.00),
('99911122222', '20240923', 'ORD000644', 'EXE000644', '000004', '1', 3, 31596910.00),
('99911122222', '20240220', 'ORD000645', 'EXE000645', '000005', '1', 32, 3466550.00),
('99911122222', '20240818', 'ORD000646', 'EXE000646', '000006', '1', 39, 49975980.00),
('99911122222', '20240221', 'ORD000647', 'EXE000647', '000007', '1', 7, 817775.00),
('99911122222', '20240506', 'ORD000648', 'EXE000648', '000008', '1', 34, 8472781.00),
('99911122222', '20241008', 'ORD000649', 'EXE000649', '000009', '1', 66, 2307801.00),
('99911122222', '20240727', 'ORD000650', 'EXE000650', '000010', '1', 53, 20235742.00),
('99911122222', '20241027', 'ORD000651', 'EXE000651', '000011', '2', 92, 492105.00),
('99911122222', '20240627', 'ORD000652', 'EXE000652', '000012', '2', 32, 14184356.00),
('99911122222', '20240320', 'ORD000653', 'EXE000653', '000013', '2', 24, 16945955.00),
('99911122222', '20240212', 'ORD000654', 'EXE000654', '000014', '1', 21, 21168134.00),
('99911122222', '20241007', 'ORD000655', 'EXE000655', '000015', '1', 56, 48534905.00),
('99911122222', '20240607', 'ORD000656', 'EXE000656', '000016', '2', 59, 10193621.00),
('99911122222', '20240417', 'ORD000657', 'EXE000657', '000017', '2', 93, 27667650.00),
('99911122222', '20240318', 'ORD000658', 'EXE000658', '000018', '2', 7, 20029609.00),
('99911122222', '20240313', 'ORD000659', 'EXE000659', '000019', '1', 22, 14959677.00),
('99911122222', '20240401', 'ORD000660', 'EXE000660', '000020', '2', 93, 34605798.00),
('99911122222', '20240127', 'ORD000661', 'EXE000661', '000001', '1', 43, 48770230.00),
('99911122222', '20240807', 'ORD000662', 'EXE000662', '000002', '1', 4, 20780199.00),
('99911122222', '20241025', 'ORD000663', 'EXE000663', '000003', '2', 89, 35052187.00),
('99911122222', '20240830', 'ORD000664', 'EXE000664', '000004', '2', 70, 38070221.00),
('99911122222', '20240807', 'ORD000665', 'EXE000665', '000005', '1', 25, 34694776.00),
('99911122222', '20240827', 'ORD000666', 'EXE000666', '000006', '1', 5, 13441099.00),
('99911122222', '20240510', 'ORD000667', 'EXE000667', '000007', '1', 55, 43331704.00),
('99911122222', '20240903', 'ORD000668', 'EXE000668', '000008', '2', 30, 41083246.00),
('99911122222', '20240617', 'ORD000669', 'EXE000669', '000009', '2', 92, 34674215.00),
('99911122222', '20240411', 'ORD000670', 'EXE000670', '000010', '1', 48, 40374283.00),
('99911122222', '20240122', 'ORD000671', 'EXE000671', '000011', '1', 47, 47423629.00),
('99911122222', '20240609', 'ORD000672', 'EXE000672', '000012', '1', 21, 15630205.00),
('99911122222', '20240604', 'ORD000673', 'EXE000673', '000013', '1', 25, 8856849.00),
('99911122222', '20240826', 'ORD000674', 'EXE000674', '000014', '1', 72, 12040790.00),
('99911122222', '20240811', 'ORD000675', 'EXE000675', '000015', '1', 96, 8359826.00),
('99911122222', '20240203', 'ORD000676', 'EXE000676', '000016', '2', 81, 7178090.00),
('99911122222', '20240420', 'ORD000677', 'EXE000677', '000017', '1', 83, 31556868.00),
('99911122222', '20240622', 'ORD000678', 'EXE000678', '000018', '2', 63, 40012947.00),
('99911122222', '20240213', 'ORD000679', 'EXE000679', '000019', '1', 16, 31551309.00),
('99911122222', '20240122', 'ORD000680', 'EXE000680', '000020', '1', 45, 39689945.00),
('99911122222', '20240611', 'ORD000681', 'EXE000681', '000001', '2', 64, 44148514.00),
('99911122222', '20240531', 'ORD000682', 'EXE000682', '000002', '1', 45, 17480662.00),
('99911122222', '20240907', 'ORD000683', 'EXE000683', '000003', '1', 57, 29875254.00),
('99911122222', '20240407', 'ORD000684', 'EXE000684', '000004', '1', 24, 10487455.00),
('99911122222', '20240911', 'ORD000685', 'EXE000685', '000005', '2', 91, 47664048.00),
('99911122222', '20240117', 'ORD000686', 'EXE000686', '000006', '1', 49, 379343.00),
('99911122222', '20240831', 'ORD000687', 'EXE000687', '000007', '2', 71, 15868397.00),
('99911122222', '20240729', 'ORD000688', 'EXE000688', '000008', '1', 43, 3861685.00),
('99911122222', '20240503', 'ORD000689', 'EXE000689', '000009', '1', 63, 1432184.00),
('99911122222', '20240405', 'ORD000690', 'EXE000690', '000010', '2', 17, 23566567.00),
('99911122222', '20241009', 'ORD000691', 'EXE000691', '000011', '1', 47, 43484811.00),
('99911122222', '20240605', 'ORD000692', 'EXE000692', '000012', '1', 40, 45498634.00),
('99911122222', '20241004', 'ORD000693', 'EXE000693', '000013', '2', 90, 23546504.00),
('99911122222', '20240205', 'ORD000694', 'EXE000694', '000014', '2', 81, 27418847.00),
('99911122222', '20240517', 'ORD000695', 'EXE000695', '000015', '2', 34, 6236493.00),
('99911122222', '20240919', 'ORD000696', 'EXE000696', '000016', '1', 29, 4027160.00),
('99911122222', '20240706', 'ORD000697', 'EXE000697', '000017', '1', 50, 22651325.00),
('99911122222', '20240407', 'ORD000698', 'EXE000698', '000018', '2', 73, 42883638.00),
('99911122222', '20240514', 'ORD000699', 'EXE000699', '000019', '1', 84, 44711336.00),
('99911122222', '20240828', 'ORD000700', 'EXE000700', '000020', '1', 9, 881551.00),
('99911122222', '20240830', 'ORD000701', 'EXE000701', '000001', '2', 80, 32803727.00),
('99911122222', '20240629', 'ORD000702', 'EXE000702', '000002', '2', 69, 314640.00),
('99911122222', '20240820', 'ORD000703', 'EXE000703', '000003', '2', 27, 10761613.00),
('99911122222', '20241005', 'ORD000704', 'EXE000704', '000004', '2', 37, 44978300.00),
('99911122222', '20240327', 'ORD000705', 'EXE000705', '000005', '1', 92, 24994493.00),
('99911122222', '20240204', 'ORD000706', 'EXE000706', '000006', '1', 58, 27169106.00),
('99911122222', '20240502', 'ORD000707', 'EXE000707', '000007', '2', 7, 14938170.00),
('99911122222', '20240709', 'ORD000708', 'EXE000708', '000008', '2', 71, 33425863.00),
('99911122222', '20240921', 'ORD000709', 'EXE000709', '000009', '1', 75, 16964556.00),
('99911122222', '20240116', 'ORD000710', 'EXE000710', '000010', '1', 90, 45414228.00),
('99911122222', '20240527', 'ORD000711', 'EXE000711', '000011', '1', 31, 4895943.00),
('99911122222', '20240510', 'ORD000712', 'EXE000712', '000012', '1', 12, 18530994.00),
('99911122222', '20240701', 'ORD000713', 'EXE000713', '000013', '2', 12, 15677277.00),
('99911122222', '20240208', 'ORD000714', 'EXE000714', '000014', '1', 82, 15666302.00),
('99911122222', '20240127', 'ORD000715', 'EXE000715', '000015', '1', 14, 1705188.00),
('99911122222', '20240918', 'ORD000716', 'EXE000716', '000016', '2', 56, 41505769.00),
('99911122222', '20241026', 'ORD000717', 'EXE000717', '000017', '1', 21, 2830143.00),
('99911122222', '20240505', 'ORD000718', 'EXE000718', '000018', '1', 80, 29496052.00),
('99911122222', '20240505', 'ORD000719', 'EXE000719', '000019', '1', 74, 30463763.00),
('99911122222', '20240729', 'ORD000720', 'EXE000720', '000020', '1', 42, 37291367.00),
('99911122222', '20240304', 'ORD000721', 'EXE000721', '000001', '1', 15, 45323805.00),
('99911122222', '20240410', 'ORD000722', 'EXE000722', '000002', '2', 82, 19647295.00),
('99911122222', '20240414', 'ORD000723', 'EXE000723', '000003', '1', 19, 43043330.00),
('99911122222', '20240715', 'ORD000724', 'EXE000724', '000004', '2', 89, 3666643.00),
('99911122222', '20240925', 'ORD000725', 'EXE000725', '000005', '2', 70, 6649524.00),
('99911122222', '20240626', 'ORD000726', 'EXE000726', '000006', '1', 2, 39869931.00),
('99911122222', '20240106', 'ORD000727', 'EXE000727', '000007', '2', 29, 23370309.00),
('99911122222', '20240416', 'ORD000728', 'EXE000728', '000008', '1', 62, 35093338.00),
('99911122222', '20240929', 'ORD000729', 'EXE000729', '000009', '2', 97, 26721288.00),
('99911122222', '20240216', 'ORD000730', 'EXE000730', '000010', '1', 48, 13241658.00),
('99911122222', '20240501', 'ORD000731', 'EXE000731', '000011', '2', 56, 9819835.00),
('99911122222', '20240620', 'ORD000732', 'EXE000732', '000012', '2', 54, 33837363.00),
('99911122222', '20240615', 'ORD000733', 'EXE000733', '000013', '2', 52, 40477789.00),
('99911122222', '20240808', 'ORD000734', 'EXE000734', '000014', '2', 29, 46122662.00),
('99911122222', '20240412', 'ORD000735', 'EXE000735', '000015', '1', 8, 36668066.00),
('99911122222', '20240528', 'ORD000736', 'EXE000736', '000016', '1', 90, 21695663.00),
('99911122222', '20241024', 'ORD000737', 'EXE000737', '000017', '2', 8, 44928754.00),
('99911122222', '20240207', 'ORD000738', 'EXE000738', '000018', '2', 22, 24261529.00),
('99911122222', '20240817', 'ORD000739', 'EXE000739', '000019', '1', 56, 32515280.00),
('99911122222', '20240708', 'ORD000740', 'EXE000740', '000020', '1', 83, 11558876.00),
('99911122222', '20241026', 'ORD000741', 'EXE000741', '000001', '1', 35, 49956138.00),
('99911122222', '20240512', 'ORD000742', 'EXE000742', '000002', '2', 27, 27300001.00),
('99911122222', '20240214', 'ORD000743', 'EXE000743', '000003', '2', 92, 49628655.00),
('99911122222', '20240505', 'ORD000744', 'EXE000744', '000004', '2', 31, 47687204.00),
('99911122222', '20240829', 'ORD000745', 'EXE000745', '000005', '2', 32, 31847260.00),
('99911122222', '20240216', 'ORD000746', 'EXE000746', '000006', '1', 21, 31505864.00),
('99911122222', '20240316', 'ORD000747', 'EXE000747', '000007', '1', 7, 27955204.00),
('99911122222', '20240406', 'ORD000748', 'EXE000748', '000008', '1', 92, 22853379.00),
('99911122222', '20240716', 'ORD000749', 'EXE000749', '000009', '1', 27, 24804428.00),
('99911122222', '20240417', 'ORD000750', 'EXE000750', '000010', '2', 11, 34985205.00),
('99911122222', '20240723', 'ORD000751', 'EXE000751', '000011', '2', 59, 27486308.00),
('99911122222', '20241018', 'ORD000752', 'EXE000752', '000012', '2', 72, 21568800.00),
('99911122222', '20240902', 'ORD000753', 'EXE000753', '000013', '2', 76, 43619597.00),
('99911122222', '20240224', 'ORD000754', 'EXE000754', '000014', '1', 95, 48792615.00),
('99911122222', '20240630', 'ORD000755', 'EXE000755', '000015', '2', 98, 12670329.00),
('99911122222', '20240912', 'ORD000756', 'EXE000756', '000016', '2', 67, 38993905.00),
('99911122222', '20240503', 'ORD000757', 'EXE000757', '000017', '2', 30, 40442816.00),
('99911122222', '20240601', 'ORD000758', 'EXE000758', '000018', '1', 21, 27494266.00),
('99911122222', '20240104', 'ORD000759', 'EXE000759', '000019', '2', 79, 3023323.00),
('99911122222', '20240215', 'ORD000760', 'EXE000760', '000020', '1', 8, 20071275.00),
('99911122222', '20240213', 'ORD000761', 'EXE000761', '000001', '1', 63, 21901898.00),
('99911122222', '20241024', 'ORD000762', 'EXE000762', '000002', '2', 6, 13183250.00),
('99911122222', '20240428', 'ORD000763', 'EXE000763', '000003', '2', 75, 27353570.00),
('99911122222', '20240820', 'ORD000764', 'EXE000764', '000004', '1', 76, 29701522.00),
('99911122222', '20240228', 'ORD000765', 'EXE000765', '000005', '1', 55, 19298555.00),
('99911122222', '20240721', 'ORD000766', 'EXE000766', '000006', '2', 2, 44876529.00),
('99911122222', '20240810', 'ORD000767', 'EXE000767', '000007', '1', 72, 46987058.00),
('99911122222', '20240316', 'ORD000768', 'EXE000768', '000008', '1', 11, 12278676.00),
('99911122222', '20240319', 'ORD000769', 'EXE000769', '000009', '2', 35, 21014498.00),
('99911122222', '20240225', 'ORD000770', 'EXE000770', '000010', '2', 29, 49961282.00),
('99911122222', '20240220', 'ORD000771', 'EXE000771', '000011', '2', 24, 40616929.00),
('99911122222', '20240712', 'ORD000772', 'EXE000772', '000012', '1', 36, 40092317.00),
('99911122222', '20240117', 'ORD000773', 'EXE000773', '000013', '1', 72, 38505102.00),
('99911122222', '20240715', 'ORD000774', 'EXE000774', '000014', '2', 61, 37621628.00),
('99911122222', '20240726', 'ORD000775', 'EXE000775', '000015', '1', 76, 20836691.00),
('99911122222', '20240809', 'ORD000776', 'EXE000776', '000016', '1', 2, 6967388.00),
('99911122222', '20240925', 'ORD000777', 'EXE000777', '000017', '2', 74, 46891422.00),
('99911122222', '20240819', 'ORD000778', 'EXE000778', '000018', '1', 99, 40120328.00),
('99911122222', '20241023', 'ORD000779', 'EXE000779', '000019', '2', 63, 19929324.00),
('99911122222', '20241002', 'ORD000780', 'EXE000780', '000020', '2', 54, 5510692.00),
('99911122222', '20240527', 'ORD000781', 'EXE000781', '000001', '2', 12, 954418.00),
('99911122222', '20240322', 'ORD000782', 'EXE000782', '000002', '1', 91, 2338223.00),
('99911122222', '20241013', 'ORD000783', 'EXE000783', '000003', '2', 51, 23872740.00),
('99911122222', '20240707', 'ORD000784', 'EXE000784', '000004', '2', 70, 39172539.00),
('99911122222', '20241006', 'ORD000785', 'EXE000785', '000005', '1', 58, 17668335.00),
('99911122222', '20240913', 'ORD000786', 'EXE000786', '000006', '1', 92, 46371706.00),
('99911122222', '20240309', 'ORD000787', 'EXE000787', '000007', '1', 2, 47517889.00),
('99911122222', '20241022', 'ORD000788', 'EXE000788', '000008', '2', 23, 48102890.00),
('99911122222', '20240305', 'ORD000789', 'EXE000789', '000009', '1', 59, 5083671.00),
('99911122222', '20240115', 'ORD000790', 'EXE000790', '000010', '2', 47, 46296062.00),
('99911122222', '20240204', 'ORD000791', 'EXE000791', '000011', '2', 57, 6796801.00),
('99911122222', '20240108', 'ORD000792', 'EXE000792', '000012', '2', 95, 24062810.00),
('99911122222', '20240721', 'ORD000793', 'EXE000793', '000013', '1', 85, 38511933.00),
('99911122222', '20240214', 'ORD000794', 'EXE000794', '000014', '2', 6, 39428625.00),
('99911122222', '20240313', 'ORD000795', 'EXE000795', '000015', '1', 72, 22725108.00),
('99911122222', '20240821', 'ORD000796', 'EXE000796', '000016', '2', 61, 16508959.00),
('99911122222', '20240428', 'ORD000797', 'EXE000797', '000017', '2', 60, 26004926.00),
('99911122222', '20240817', 'ORD000798', 'EXE000798', '000018', '2', 42, 6089639.00),
('99911122222', '20240129', 'ORD000799', 'EXE000799', '000019', '2', 32, 42175787.00),
('99911122222', '20240126', 'ORD000800', 'EXE000800', '000020', '1', 29, 37989791.00),
('99911122222', '20240602', 'ORD000801', 'EXE000801', '000001', '2', 70, 15024509.00),
('99911122222', '20240217', 'ORD000802', 'EXE000802', '000002', '2', 37, 33286915.00),
('99911122222', '20240311', 'ORD000803', 'EXE000803', '000003', '1', 62, 2532505.00),
('99911122222', '20240909', 'ORD000804', 'EXE000804', '000004', '2', 53, 17843666.00),
('99911122222', '20240817', 'ORD000805', 'EXE000805', '000005', '2', 2, 38802861.00),
('99911122222', '20241008', 'ORD000806', 'EXE000806', '000006', '2', 79, 47260898.00),
('99911122222', '20240908', 'ORD000807', 'EXE000807', '000007', '2', 96, 42674928.00),
('99911122222', '20241019', 'ORD000808', 'EXE000808', '000008', '2', 30, 49113546.00),
('99911122222', '20240814', 'ORD000809', 'EXE000809', '000009', '1', 75, 30808752.00),
('99911122222', '20240816', 'ORD000810', 'EXE000810', '000010', '2', 94, 23896411.00),
('99911122222', '20241015', 'ORD000811', 'EXE000811', '000011', '1', 59, 19130182.00),
('99911122222', '20240422', 'ORD000812', 'EXE000812', '000012', '1', 14, 46386192.00),
('99911122222', '20240322', 'ORD000813', 'EXE000813', '000013', '1', 18, 35387610.00),
('99911122222', '20240215', 'ORD000814', 'EXE000814', '000014', '1', 15, 41109566.00),
('99911122222', '20240416', 'ORD000815', 'EXE000815', '000015', '2', 36, 29543079.00),
('99911122222', '20240623', 'ORD000816', 'EXE000816', '000016', '1', 26, 17925198.00),
('99911122222', '20240911', 'ORD000817', 'EXE000817', '000017', '2', 35, 16231185.00),
('99911122222', '20240228', 'ORD000818', 'EXE000818', '000018', '2', 25, 29207963.00),
('99911122222', '20240829', 'ORD000819', 'EXE000819', '000019', '2', 62, 46494746.00),
('99911122222', '20240509', 'ORD000820', 'EXE000820', '000020', '1', 67, 48460708.00),
('99911122222', '20240531', 'ORD000821', 'EXE000821', '000001', '2', 87, 14047343.00),
('99911122222', '20240119', 'ORD000822', 'EXE000822', '000002', '2', 10, 38287535.00),
('99911122222', '20240913', 'ORD000823', 'EXE000823', '000003', '1', 88, 40537569.00),
('99911122222', '20240804', 'ORD000824', 'EXE000824', '000004', '2', 57, 8176836.00),
('99911122222', '20240821', 'ORD000825', 'EXE000825', '000005', '2', 90, 49074926.00),
('99911122222', '20240814', 'ORD000826', 'EXE000826', '000006', '2', 42, 48074185.00),
('99911122222', '20241004', 'ORD000827', 'EXE000827', '000007', '2', 7, 49370531.00),
('99911122222', '20240212', 'ORD000828', 'EXE000828', '000008', '2', 66, 45946598.00),
('99911122222', '20240101', 'ORD000829', 'EXE000829', '000009', '2', 63, 969475.00),
('99911122222', '20240702', 'ORD000830', 'EXE000830', '000010', '2', 81, 33660708.00),
('99911122222', '20241022', 'ORD000831', 'EXE000831', '000011', '1', 48, 8858384.00),
('99911122222', '20240807', 'ORD000832', 'EXE000832', '000012', '1', 57, 36415656.00),
('99911122222', '20240730', 'ORD000833', 'EXE000833', '000013', '2', 29, 23813418.00),
('99911122222', '20240814', 'ORD000834', 'EXE000834', '000014', '2', 45, 30380022.00),
('99911122222', '20240803', 'ORD000835', 'EXE000835', '000015', '1', 84, 29670124.00),
('99911122222', '20240427', 'ORD000836', 'EXE000836', '000016', '1', 48, 28999152.00),
('99911122222', '20240629', 'ORD000837', 'EXE000837', '000017', '1', 94, 31501944.00),
('99911122222', '20240203', 'ORD000838', 'EXE000838', '000018', '2', 28, 18403651.00),
('99911122222', '20240404', 'ORD000839', 'EXE000839', '000019', '2', 12, 13511219.00),
('99911122222', '20240605', 'ORD000840', 'EXE000840', '000020', '1', 42, 43901191.00),
('99911122222', '20240220', 'ORD000841', 'EXE000841', '000001', '1', 14, 7378226.00),
('99911122222', '20240810', 'ORD000842', 'EXE000842', '000002', '1', 54, 12146816.00),
('99911122222', '20240130', 'ORD000843', 'EXE000843', '000003', '2', 44, 22387726.00),
('99911122222', '20240105', 'ORD000844', 'EXE000844', '000004', '2', 93, 7887654.00),
('99911122222', '20240612', 'ORD000845', 'EXE000845', '000005', '1', 58, 45392522.00),
('99911122222', '20241005', 'ORD000846', 'EXE000846', '000006', '1', 79, 13071148.00),
('99911122222', '20240311', 'ORD000847', 'EXE000847', '000007', '2', 41, 18698540.00),
('99911122222', '20240326', 'ORD000848', 'EXE000848', '000008', '1', 34, 10320101.00),
('99911122222', '20240525', 'ORD000849', 'EXE000849', '000009', '1', 14, 35977835.00),
('99911122222', '20241015', 'ORD000850', 'EXE000850', '000010', '2', 88, 26243860.00),
('99911122222', '20240513', 'ORD000851', 'EXE000851', '000011', '2', 25, 47343406.00),
('99911122222', '20240120', 'ORD000852', 'EXE000852', '000012', '1', 96, 21848716.00),
('99911122222', '20240525', 'ORD000853', 'EXE000853', '000013', '1', 15, 12141853.00),
('99911122222', '20240128', 'ORD000854', 'EXE000854', '000014', '2', 72, 27542348.00),
('99911122222', '20240315', 'ORD000855', 'EXE000855', '000015', '2', 82, 29170680.00),
('99911122222', '20240521', 'ORD000856', 'EXE000856', '000016', '1', 20, 14042869.00),
('99911122222', '20240627', 'ORD000857', 'EXE000857', '000017', '2', 9, 6966807.00),
('99911122222', '20240911', 'ORD000858', 'EXE000858', '000018', '1', 92, 40843564.00),
('99911122222', '20240629', 'ORD000859', 'EXE000859', '000019', '2', 6, 26625854.00),
('99911122222', '20240309', 'ORD000860', 'EXE000860', '000020', '2', 3, 13051336.00),
('99911122222', '20240907', 'ORD000861', 'EXE000861', '000001', '1', 93, 16386116.00),
('99911122222', '20240506', 'ORD000862', 'EXE000862', '000002', '1', 69, 17126734.00),
('99911122222', '20240520', 'ORD000863', 'EXE000863', '000003', '2', 20, 22493190.00),
('99911122222', '20240502', 'ORD000864', 'EXE000864', '000004', '2', 93, 35354938.00),
('99911122222', '20240702', 'ORD000865', 'EXE000865', '000005', '1', 35, 17892201.00),
('99911122222', '20240620', 'ORD000866', 'EXE000866', '000006', '1', 55, 36501789.00),
('99911122222', '20240925', 'ORD000867', 'EXE000867', '000007', '2', 50, 31925152.00),
('99911122222', '20240807', 'ORD000868', 'EXE000868', '000008', '2', 61, 45488480.00),
('99911122222', '20240220', 'ORD000869', 'EXE000869', '000009', '2', 91, 42524505.00),
('99911122222', '20240815', 'ORD000870', 'EXE000870', '000010', '1', 61, 28233008.00),
('99911122222', '20240718', 'ORD000871', 'EXE000871', '000011', '2', 19, 48044545.00),
('99911122222', '20240628', 'ORD000872', 'EXE000872', '000012', '1', 62, 36825598.00),
('99911122222', '20240521', 'ORD000873', 'EXE000873', '000013', '1', 54, 18327010.00),
('99911122222', '20240612', 'ORD000874', 'EXE000874', '000014', '1', 69, 43746669.00),
('99911122222', '20240422', 'ORD000875', 'EXE000875', '000015', '2', 60, 33666508.00),
('99911122222', '20241013', 'ORD000876', 'EXE000876', '000016', '2', 70, 35882050.00),
('99911122222', '20240815', 'ORD000877', 'EXE000877', '000017', '1', 89, 32990917.00),
('99911122222', '20240808', 'ORD000878', 'EXE000878', '000018', '2', 9, 38921107.00),
('99911122222', '20240302', 'ORD000879', 'EXE000879', '000019', '1', 14, 12812783.00),
('99911122222', '20240506', 'ORD000880', 'EXE000880', '000020', '1', 11, 18515226.00),
('99911122222', '20240721', 'ORD000881', 'EXE000881', '000001', '1', 37, 18573536.00),
('99911122222', '20240514', 'ORD000882', 'EXE000882', '000002', '1', 14, 10431363.00),
('99911122222', '20240222', 'ORD000883', 'EXE000883', '000003', '1', 78, 1082492.00),
('99911122222', '20240122', 'ORD000884', 'EXE000884', '000004', '1', 99, 23486212.00),
('99911122222', '20240416', 'ORD000885', 'EXE000885', '000005', '1', 89, 28846251.00),
('99911122222', '20240427', 'ORD000886', 'EXE000886', '000006', '1', 91, 36318889.00),
('99911122222', '20240214', 'ORD000887', 'EXE000887', '000007', '1', 91, 2153366.00),
('99911122222', '20240730', 'ORD000888', 'EXE000888', '000008', '2', 19, 36825110.00),
('99911122222', '20241021', 'ORD000889', 'EXE000889', '000009', '2', 42, 4007908.00),
('99911122222', '20240307', 'ORD000890', 'EXE000890', '000010', '2', 42, 44215662.00),
('99911122222', '20240323', 'ORD000891', 'EXE000891', '000011', '1', 23, 44897271.00),
('99911122222', '20240706', 'ORD000892', 'EXE000892', '000012', '2', 44, 15520131.00),
('99911122222', '20240209', 'ORD000893', 'EXE000893', '000013', '2', 2, 40426880.00),
('99911122222', '20240128', 'ORD000894', 'EXE000894', '000014', '2', 2, 15870798.00),
('99911122222', '20240401', 'ORD000895', 'EXE000895', '000015', '2', 43, 33945298.00),
('99911122222', '20240207', 'ORD000896', 'EXE000896', '000016', '1', 86, 13412176.00),
('99911122222', '20240220', 'ORD000897', 'EXE000897', '000017', '1', 56, 27001469.00),
('99911122222', '20240415', 'ORD000898', 'EXE000898', '000018', '2', 20, 42387382.00),
('99911122222', '20240224', 'ORD000899', 'EXE000899', '000019', '2', 55, 41117842.00),
('99911122222', '20240303', 'ORD000900', 'EXE000900', '000020', '2', 69, 45866129.00),
('99911122222', '20240312', 'ORD000901', 'EXE000901', '000001', '2', 26, 13279432.00),
('99911122222', '20240927', 'ORD000902', 'EXE000902', '000002', '2', 93, 41607736.00),
('99911122222', '20240506', 'ORD000903', 'EXE000903', '000003', '1', 10, 44216645.00),
('99911122222', '20240201', 'ORD000904', 'EXE000904', '000004', '1', 11, 38018993.00),
('99911122222', '20240513', 'ORD000905', 'EXE000905', '000005', '2', 65, 43791062.00),
('99911122222', '20240404', 'ORD000906', 'EXE000906', '000006', '2', 66, 42587134.00),
('99911122222', '20240522', 'ORD000907', 'EXE000907', '000007', '1', 52, 228610.00),
('99911122222', '20240523', 'ORD000908', 'EXE000908', '000008', '2', 87, 24901050.00),
('99911122222', '20240306', 'ORD000909', 'EXE000909', '000009', '2', 4, 14341273.00),
('99911122222', '20240205', 'ORD000910', 'EXE000910', '000010', '2', 56, 1429743.00),
('99911122222', '20240419', 'ORD000911', 'EXE000911', '000011', '1', 14, 10279052.00),
('99911122222', '20240420', 'ORD000912', 'EXE000912', '000012', '2', 34, 1238862.00),
('99911122222', '20240415', 'ORD000913', 'EXE000913', '000013', '2', 20, 10939389.00),
('99911122222', '20240614', 'ORD000914', 'EXE000914', '000014', '2', 42, 11453939.00),
('99911122222', '20240210', 'ORD000915', 'EXE000915', '000015', '1', 90, 42185862.00),
('99911122222', '20240530', 'ORD000916', 'EXE000916', '000016', '2', 95, 47604435.00),
('99911122222', '20240416', 'ORD000917', 'EXE000917', '000017', '1', 37, 33184529.00),
('99911122222', '20240302', 'ORD000918', 'EXE000918', '000018', '1', 17, 15671930.00),
('99911122222', '20240604', 'ORD000919', 'EXE000919', '000019', '2', 14, 6987743.00),
('99911122222', '20240126', 'ORD000920', 'EXE000920', '000020', '1', 34, 25143837.00),
('99911122222', '20240815', 'ORD000921', 'EXE000921', '000001', '2', 28, 36441530.00),
('99911122222', '20240306', 'ORD000922', 'EXE000922', '000002', '2', 27, 27576812.00),
('99911122222', '20240816', 'ORD000923', 'EXE000923', '000003', '2', 76, 35424158.00),
('99911122222', '20240807', 'ORD000924', 'EXE000924', '000004', '2', 3, 22382102.00),
('99911122222', '20240125', 'ORD000925', 'EXE000925', '000005', '2', 16, 36898102.00),
('99911122222', '20240602', 'ORD000926', 'EXE000926', '000006', '2', 73, 31312614.00),
('99911122222', '20240114', 'ORD000927', 'EXE000927', '000007', '1', 92, 9220806.00),
('99911122222', '20240525', 'ORD000928', 'EXE000928', '000008', '1', 17, 3784495.00),
('99911122222', '20240926', 'ORD000929', 'EXE000929', '000009', '2', 48, 12498020.00),
('99911122222', '20240901', 'ORD000930', 'EXE000930', '000010', '2', 95, 14091179.00);

-- 4. 리밸런싱마스터 (15개)
INSERT INTO rebalancing_master (rebalancing_strategy_code, rebalancing_name, rebalancing_description, risk_level, investment_style, keyword1, keyword2, keyword3) VALUES
('CONSERVATIVE_01', '안정형 포트폴리오', '안전자산 중심의 보수적 투자 전략', '저위험', '지수추종', '안정성', '보수적', '저위험'),
('BALANCED_01', '균형형 포트폴리오', '주식과 채권의 균형잡힌 분산투자', '중위험', '지수추종', '균형', '분산투자', '중위험'),
('GROWTH_01', '성장형 포트폴리오', '성장주 중심의 적극적 투자 전략', '고위험', '성장투자', '성장성', '적극적', '고수익'),
('DIVIDEND_01', '배당형 포트폴리오', '배당수익을 중시하는 안정적 수익 추구', '저위험', '배당투자', '배당', '수익', '안정적'),
('TECH_01', 'IT기술주 포트폴리오', 'IT 기술주에 집중 투자하는 전략', '고위험', '테마/모멘텀', '기술주', 'IT', '혁신'),
('GLOBAL_01', '글로벌 포트폴리오', '해외 주식 분산투자를 통한 글로벌 전략', '중위험', '지수추종', '글로벌', '해외투자', '분산'),
('ESG_01', 'ESG 포트폴리오', '지속가능경영 기업 중심 투자', '중위험', '가치투자', '지속가능', '친환경', 'ESG'),
('SMALL_CAP_01', '중소형주 포트폴리오', '중소형 성장주 중심 투자 전략', '고위험', '성장투자', '중소형주', '성장', '고성장'),
('VALUE_01', '가치투자 포트폴리오', '저평가된 우량주 중심 투자', '중위험', '가치투자', '가치투자', '저평가', '우량주'),
('SECTOR_01', '섹터별 포트폴리오', '업종별 분산투자 전략', '중위험', '테마/모멘텀', '섹터', '업종분산', '다양화'),
('MOMENTUM_01', '모멘텀 포트폴리오', '상승 추세 종목 중심 투자', '초고위험', '테마/모멘텀', '모멘텀', '추세', '상승세'),
('DEFENSIVE_01', '방어형 포트폴리오', '경기방어주 중심의 안정적 투자', '초저위험', '배당투자', '방어', '경기방어주', '안정'),
('INCOME_01', '수익형 포트폴리오', '정기적 수익창출을 목적으로 하는 전략', '저위험', '배당투자', '수익창출', '정기수익', '안정수익'),
('EMERGING_01', '이머징 포트폴리오', '신흥시장 투자를 통한 고성장 추구', '초고위험', '성장투자', '신흥시장', '고성장', '이머징'),
('HYBRID_01', '하이브리드 포트폴리오', '여러 전략을 혼합한 복합 투자 전략', '중위험', '퀀트/시스템트레이딩', '복합전략', '하이브리드', '다전략');

-- 5. 리밸런싱분석 (15개, 전략별 분석)
INSERT INTO rebalancing_analysis (rebalancing_strategy_code, expected_return, volatility, max_drawdown, investor_preference) VALUES
('CONSERVATIVE_01', 10.08, 9.83, 14.43, 3),
('BALANCED_01', 16.59, 15.12, 4.44, 5),
('GROWTH_01', 9.21, 5.57, 3.73, 1),
('DIVIDEND_01', 15.74, 5.57, 24.11, 4),
('TECH_01', 6.53, 19.02, 19.56, 4),
('GLOBAL_01', 10.53, 12.96, 19.63, 1),
('ESG_01', 10.56, 21.06, 28.38, 4),
('SMALL_CAP_01', 9.16, 10.44, 27.43, 1),
('VALUE_01', 6.6, 20.09, 30.4, 5),
('SECTOR_01', 5.73, 8.53, 22.49, 3),
('MOMENTUM_01', 9.82, 15.38, 34.42, 4),
('DEFENSIVE_01', 11.95, 7.63, 34.63, 2),
('INCOME_01', 5.06, 21.85, 24.15, 1),
('EMERGING_01', 10.55, 7.0, 18.68, 5),
('HYBRID_01', 3.74, 16.89, 21.21, 1);

-- 6. 고객전략 (1개)
INSERT INTO customer_strategy (account_number, rebalancing_strategy_code, rebalancing_cycle, allowed_deviation, rebalancing_yn) VALUES
('99911122222', 'BALANCED_01', 30, 5.00, 'Y');

