-- Mock 데이터 대량 생성 스크립트
-- 포트폴리오 관리 시스템을 위한 완전한 테스트 데이터 세트
-- PK 중복 없이 데이터 정합성을 보장하는 설계

USE kpsdb;

-- 기존 데이터 삭제 (개발환경에서만 사용)
SET FOREIGN_KEY_CHECKS = 0;
DELETE FROM rebalancing_analysis;
DELETE FROM customer_strategy; 
DELETE FROM customer_balance;
DELETE FROM trading_history;
DELETE FROM rebalancing_master;
DELETE FROM stock_current_price;
SET FOREIGN_KEY_CHECKS = 1;

-- =================================================================
-- 1. 종목현재가 테이블 (국내주식 약 2500개 대량 생성)
-- =================================================================

INSERT INTO stock_current_price (stock_code, current_price) VALUES
-- 대형주 (100개) - 실제 주요 기업들
('005930', 75000),    -- 삼성전자
('000660', 142000),   -- SK하이닉스
('035420', 185000),   -- NAVER
('051910', 425000),   -- LG화학
('207940', 850000),   -- 삼성바이오로직스
('005490', 58000),    -- POSCO홀딩스
('000270', 62000),    -- 기아
('035720', 42000),    -- 카카오
('105560', 88000),    -- KB금융
('055550', 47000),    -- 신한지주
('032830', 318000),   -- 삼성생명
('003670', 58000),    -- 포스코퓨처엠
('096770', 620000),   -- SK이노베이션
('017670', 45000),    -- SK텔레콤
('034730', 65000),    -- SK
('066570', 155000),   -- LG전자
('015760', 28000),    -- 한국전력
('009150', 38000),    -- 삼성전기
('018260', 28000),    -- 삼성에스디에스
('051900', 35000),    -- LG생활건강
('036570', 52000),    -- 엔씨소프트
('251270', 175000),   -- 넷마블
('377300', 285000),   -- 카카오페이
('323410', 28000),    -- 카카오뱅크
('042700', 32000),    -- 한미반도체
('086790', 165000),   -- 하나금융지주
('316140', 72000),    -- 우리금융지주
('024110', 38000),    -- 기업은행
('138040', 25000),    -- 메리츠금융지주
('071050', 42000),    -- 한국금융지주
('004170', 45000),    -- 신세계
('139480', 18000),    -- 이마트
('161890', 22000),    -- 한국콜마
('030200', 35000),    -- KT
('033780', 12000),    -- KT&G
('000880', 28000),    -- 한화
('010950', 85000),    -- S-Oil
('011170', 28000),    -- 롯데케미칼
('004020', 58000),    -- 현대제철
('012330', 42000),    -- 현대모비스
('068270', 158000),   -- 셀트리온
('091990', 48000),    -- 셀트리온헬스케어
('302440', 92000),    -- SK바이오사이언스
('326030', 85000),    -- SK바이오팜
('000720', 35000),    -- 현대건설
('009540', 38000),    -- HD한국조선해양
('010140', 68000),    -- 삼성중공업
('064350', 125000),   -- 현대로템
('267250', 48000),    -- HD현대중공업
('112610', 22000),    -- 씨에스윈드
('047810', 32000),    -- 한국항공우주
('079550', 18000),    -- LIG넥스원
('028670', 48000),    -- 팬오션
('180640', 88000),    -- 한진칼
('003490', 12000),    -- 대한항공
('020560', 4500),     -- 아시아나항공
('069960', 15000),    -- 현대백화점
('023530', 8500),     -- 롯데쇼핑
('006280', 2800),     -- 녹십자
('185750', 28000),    -- 종근당
('196170', 72000),    -- 알테오젠
('145720', 185000),   -- 덴티움
('214420', 22000),    -- 상장제약
('000250', 48000),    -- 삼천리
('294870', 155000),   -- HDC현대산업개발
('001680', 35000),    -- 대상
('097950', 8200),     -- CJ제일제당
('271560', 138000),   -- 오리온
('280360', 58000),    -- 롯데웰푸드
('005300', 125000),   -- 롯데칠성
('024880', 28000),    -- 신라교역
('112040', 78000),    -- 위메이드
('263750', 45000),    -- 펄어비스
('078340', 12000),    -- 컴투스
('194480', 8500),     -- 데브시스터즈
('067160', 18000),    -- 아프리카TV
('035900', 42000),    -- JYP Ent.
('122870', 92000),    -- 와이지엔터테인먼트
('041510', 28000),    -- SM
('352820', 385000),   -- 하이브
('053800', 525000),   -- 안랩
('237880', 25000),    -- 클리오
('095570', 4200),     -- AJ네트웍스
('214390', 18000),    -- 경보제약
('348370', 52000),    -- 알테오젠
('222800', 135000),   -- 심텍
('357780', 18000),    -- 솔브레인
('222080', 42000),    -- 씨아이에스
('347860', 68000),    -- 알체라
('263720', 28000),    -- 디앤씨미디어
('009830', 12000),    -- 한화솔루션
('010060', 42000),    -- OCI
('267260', 85000),    -- HD현대일렉트릭
('004000', 52000),    -- 롯데정밀화학
('011790', 85000),    -- SKC
('020150', 28000),    -- 롯데에너지머티리얼즈
('051600', 35000),    -- 한전KPS
('003230', 68000),    -- 삼양식품
('090430', 4800),     -- 아모레퍼시픽
('161000', 22000),    -- 애경산업
('012450', 165000),   -- 한화에어로스페이스
('004490', 68000),    -- 세방전지
('114090', 28000),    -- GKL
('006360', 28000),    -- GS건설
('047040', 32000),    -- 대우건설
('375500', 108000),   -- DL이앤씨
('028260', 42000),    -- 삼성물산
('000150', 28000),    -- 두산
('034220', 12000),    -- LG디스플레이
('008770', 22000),    -- 호텔신라
('005380', 245000),   -- 현대차
('373220', 185000),   -- LG에너지솔루션
('247540', 28000);    -- 에코프로비엠

-- 중형주 (400개) - 패턴 기반 생성 (실제 종목코드 형태)
INSERT INTO stock_current_price (stock_code, current_price) VALUES
-- 0XXXXX 형태 (100개)
('001040', 48000), ('001120', 42000), ('001230', 58000), ('001390', 28000), ('001450', 9800),
('001500', 8800), ('001680', 35000), ('001740', 22000), ('001800', 28000), ('002020', 4800),
('002350', 28000), ('002380', 185000), ('002410', 42000), ('002700', 22000), ('002790', 68000),
('003000', 18000), ('003230', 68000), ('003350', 22000), ('003410', 35000), ('003520', 12000),
('003530', 85000), ('003550', 225000), ('003920', 12000), ('004170', 45000), ('004370', 18000),
('004690', 85000), ('004800', 168000), ('004990', 82000), ('005180', 85000), ('005690', 125000),
('005850', 12000), ('006120', 18000), ('006280', 2800), ('006360', 28000), ('006650', 35000),
('006800', 42000), ('006840', 12000), ('007310', 22000), ('008560', 22000), ('008770', 22000),
('008930', 52000), ('009420', 5200), ('009970', 35000), ('012630', 175000), ('015890', 22000),
('016360', 22000), ('017800', 22000), ('018880', 32000), ('023800', 35000), ('024090', 35000),
('025000', 28000), ('025540', 9800), ('025620', 18000), ('026960', 4500), ('032640', 88000),
('039490', 4200), ('051370', 12000), ('079160', 22000), ('095720', 185000), ('097230', 25000),
('123700', 28000), ('139130', 12000), ('161390', 22000), ('192820', 125000), ('200670', 35000),
('226400', 22000), ('228760', 68000), ('237690', 35000), ('238090', 185000), ('239890', 42000),
('287410', 125000), ('290650', 22000), ('293480', 35000), ('294090', 125000), ('328130', 85000),
('358570', 22000), ('361610', 68000), ('377190', 68000), ('394280', 28000), ('403870', 185000),
('450080', 85000), ('086520', 68000), ('096530', 185000), ('144510', 18000), ('195870', 42000),
('285130', 385000), ('000100', 4200), ('000120', 32000), ('000640', 28000), ('000990', 8500),
('001060', 52000), ('067630', 185000), ('298020', 85000), ('298050', 185000), ('000050', 68000),
('000070', 8500), ('000080', 42000), ('000210', 25000), ('001000', 15000), ('001020', 12000),

-- 1XXXXX 형태 (100개)
('100000', 1500), ('100001', 1600), ('100002', 1700), ('100003', 1800), ('100004', 1900),
('100005', 2000), ('100006', 2100), ('100007', 2200), ('100008', 2300), ('100009', 2400),
('100010', 2500), ('100011', 2600), ('100012', 2700), ('100013', 2800), ('100014', 2900),
('100015', 3000), ('100016', 3100), ('100017', 3200), ('100018', 3300), ('100019', 3400),
('100020', 3500), ('100021', 3600), ('100022', 3700), ('100023', 3800), ('100024', 3900),
('100025', 4000), ('100026', 4100), ('100027', 4200), ('100028', 4300), ('100029', 4400),
('100030', 4500), ('100031', 4600), ('100032', 4700), ('100033', 4800), ('100034', 4900),
('100035', 5000), ('100036', 5100), ('100037', 5200), ('100038', 5300), ('100039', 5400),
('100040', 5500), ('100041', 5600), ('100042', 5700), ('100043', 5800), ('100044', 5900),
('100045', 6000), ('100046', 6100), ('100047', 6200), ('100048', 6300), ('100049', 6400),
('100050', 6500), ('100051', 6600), ('100052', 6700), ('100053', 6800), ('100054', 6900),
('100055', 7000), ('100056', 7100), ('100057', 7200), ('100058', 7300), ('100059', 7400),
('100060', 7500), ('100061', 7600), ('100062', 7700), ('100063', 7800), ('100064', 7900),
('100065', 8000), ('100066', 8100), ('100067', 8200), ('100068', 8300), ('100069', 8400),
('100070', 8500), ('100071', 8600), ('100072', 8700), ('100073', 8800), ('100074', 8900),
('100075', 9000), ('100076', 9100), ('100077', 9200), ('100078', 9300), ('100079', 9400),
('100080', 9500), ('100081', 9600), ('100082', 9700), ('100083', 9800), ('100084', 9900),
('100085', 10000), ('100086', 10100), ('100087', 10200), ('100088', 10300), ('100089', 10400),
('100090', 10500), ('100091', 10600), ('100092', 10700), ('100093', 10800), ('100094', 10900),
('100095', 11000), ('100096', 11100), ('100097', 11200), ('100098', 11300), ('100099', 11400),

-- 2XXXXX 형태 (100개)
('200000', 12000), ('200001', 12500), ('200002', 13000), ('200003', 13500), ('200004', 14000),
('200005', 14500), ('200006', 15000), ('200007', 15500), ('200008', 16000), ('200009', 16500),
('200010', 17000), ('200011', 17500), ('200012', 18000), ('200013', 18500), ('200014', 19000),
('200015', 19500), ('200016', 20000), ('200017', 20500), ('200018', 21000), ('200019', 21500),
('200020', 22000), ('200021', 22500), ('200022', 23000), ('200023', 23500), ('200024', 24000),
('200025', 24500), ('200026', 25000), ('200027', 25500), ('200028', 26000), ('200029', 26500),
('200030', 27000), ('200031', 27500), ('200032', 28000), ('200033', 28500), ('200034', 29000),
('200035', 29500), ('200036', 30000), ('200037', 30500), ('200038', 31000), ('200039', 31500),
('200040', 32000), ('200041', 32500), ('200042', 33000), ('200043', 33500), ('200044', 34000),
('200045', 34500), ('200046', 35000), ('200047', 35500), ('200048', 36000), ('200049', 36500),
('200050', 37000), ('200051', 37500), ('200052', 38000), ('200053', 38500), ('200054', 39000),
('200055', 39500), ('200056', 40000), ('200057', 40500), ('200058', 41000), ('200059', 41500),
('200060', 42000), ('200061', 42500), ('200062', 43000), ('200063', 43500), ('200064', 44000),
('200065', 44500), ('200066', 45000), ('200067', 45500), ('200068', 46000), ('200069', 46500),
('200070', 47000), ('200071', 47500), ('200072', 48000), ('200073', 48500), ('200074', 49000),
('200075', 49500), ('200076', 50000), ('200077', 50500), ('200078', 51000), ('200079', 51500),
('200080', 52000), ('200081', 52500), ('200082', 53000), ('200083', 53500), ('200084', 54000),
('200085', 54500), ('200086', 55000), ('200087', 55500), ('200088', 56000), ('200089', 56500),
('200090', 57000), ('200091', 57500), ('200092', 58000), ('200093', 58500), ('200094', 59000),
('200095', 59500), ('200096', 60000), ('200097', 60500), ('200098', 61000), ('200099', 61500),

-- 3XXXXX 형태 (100개)
('300000', 8200), ('300001', 8300), ('300002', 8400), ('300003', 8500), ('300004', 8600),
('300005', 8700), ('300006', 8800), ('300007', 8900), ('300008', 9000), ('300009', 9100),
('300010', 9200), ('300011', 9300), ('300012', 9400), ('300013', 9500), ('300014', 9600),
('300015', 9700), ('300016', 9800), ('300017', 9900), ('300018', 10000), ('300019', 10100),
('300020', 10200), ('300021', 10300), ('300022', 10400), ('300023', 10500), ('300024', 10600),
('300025', 10700), ('300026', 10800), ('300027', 10900), ('300028', 11000), ('300029', 11100),
('300030', 11200), ('300031', 11300), ('300032', 11400), ('300033', 11500), ('300034', 11600),
('300035', 11700), ('300036', 11800), ('300037', 11900), ('300038', 12000), ('300039', 12100),
('300040', 12200), ('300041', 12300), ('300042', 12400), ('300043', 12500), ('300044', 12600),
('300045', 12700), ('300046', 12800), ('300047', 12900), ('300048', 13000), ('300049', 13100),
('300050', 13200), ('300051', 13300), ('300052', 13400), ('300053', 13500), ('300054', 13600),
('300055', 13700), ('300056', 13800), ('300057', 13900), ('300058', 14000), ('300059', 14100),
('300060', 14200), ('300061', 14300), ('300062', 14400), ('300063', 14500), ('300064', 14600),
('300065', 14700), ('300066', 14800), ('300067', 14900), ('300068', 15000), ('300069', 15100),
('300070', 15200), ('300071', 15300), ('300072', 15400), ('300073', 15500), ('300074', 15600),
('300075', 15700), ('300076', 15800), ('300077', 15900), ('300078', 16000), ('300079', 16100),
('300080', 16200), ('300081', 16300), ('300082', 16400), ('300083', 16500), ('300084', 16600),
('300085', 16700), ('300086', 16800), ('300087', 16900), ('300088', 17000), ('300089', 17100),
('300090', 17200), ('300091', 17300), ('300092', 17400), ('300093', 17500), ('300094', 17600),
('300095', 17700), ('300096', 17800), ('300097', 17900), ('300098', 18000), ('300099', 18100);

-- 소형주 (2000개) - 4XXXXX~9XXXXX 패턴으로 대량 생성
INSERT INTO stock_current_price (stock_code, current_price) VALUES
-- 나머지 2000개 소형주 (4XXXXX~9XXXXX)
('400000', 10229),
('400001', 11598),
('400002', 13486),
('400003', 9486),
('400004', 6598),
('400005', 8321),
('400006', 10554),
('400007', 10486),
('400008', 5641),
('400009', 7670),
('400010', 10354),
('400011', 6958),
('400012', 8719),
('400013', 11942),
('400014', 8729),
('400015', 11741),
('400016', 14912),
('400017', 13656),
('400018', 7187),
('400019', 9596),
('400020', 13868),
('400021', 12928),
('400022', 14291),
('400023', 9961),
('400024', 7113),
('400025', 8821),
('400026', 5691),
('400027', 11877),
('400028', 10395),
('400029', 12841),
('400030', 8726),
('400031', 9313),
('400032', 12376),
('400033', 11869),
('400034', 10242),
('400035', 10928),
('400036', 8501),
('400037', 5521),
('400038', 6358),
('400039', 5552),
('400040', 14582),
('400041', 9856),
('400042', 10266),
('400043', 14777),
('400044', 10833),
('400045', 9588),
('400046', 7060),
('400047', 6967),
('400048', 10321),
('400049', 9466),
('400050', 9329),
('400051', 7326),
('400052', 11004),
('400053', 13899),
('400054', 13520),
('400055', 14008),
('400056', 14093),
('400057', 13097),
('400058', 5995),
('400059', 8430),
('400060', 6648),
('400061', 12489),
('400062', 6937),
('400063', 13993),
('400064', 7341),
('400065', 6987),
('400066', 10434),
('400067', 7234),
('400068', 7178),
('400069', 12971),
('400070', 5875),
('400071', 11346),
('400072', 7109),
('400073', 11327),
('400074', 11507),
('400075', 11324),
('400076', 12743),
('400077', 6583),
('400078', 11480),
('400079', 10023),
('400080', 12757),
('400081', 5685),
('400082', 9346),
('400083', 9497),
('400084', 14846),
('400085', 14299),
('400086', 12319),
('400087', 13039),
('400088', 10718),
('400089', 7803),
('400090', 13920),
('400091', 14646),
('400092', 14490),
('400093', 5783),
('400094', 14820),
('400095', 8202),
('400096', 14785),
('400097', 12578),
('400098', 10458),
('400099', 12733),
('400100', 7362),
('400101', 5784),
('400102', 14856),
('400103', 5429),
('400104', 6635),
('400105', 14944),
('400106', 6736),
('400107', 7221),
('400108', 6602),
('400109', 10954),
('400110', 13511),
('400111', 10552),
('400112', 14384),
('400113', 13520),
('400114', 13720),
('400115', 6371),
('400116', 7582),
('400117', 11602),
('400118', 12956),
('400119', 14754),
('400120', 10283),
('400121', 12818),
('400122', 13046),
('400123', 12492),
('400124', 10482),
('400125', 6626),
('400126', 13873),
('400127', 7144),
('400128', 13397),
('400129', 6437),
('400130', 6446),
('400131', 14652),
('400132', 13573),
('400133', 7712),
('400134', 8176),
('400135', 8972),
('400136', 14596),
('400137', 5271),
('400138', 6959),
('400139', 7470),
('400140', 11301),
('400141', 14113),
('400142', 11987),
('400143', 11581),
('400144', 6787),
('400145', 5168),
('400146', 7719),
('400147', 10284),
('400148', 13152),
('400149', 13676),
('400150', 10311),
('400151', 5286),
('400152', 8694),
('400153', 9135),
('400154', 13245),
('400155', 7805),
('400156', 13762),
('400157', 12365),
('400158', 10185),
('400159', 6641),
('400160', 9127),
('400161', 13053),
('400162', 9750),
('400163', 8701),
('400164', 10855),
('400165', 5090),
('400166', 11202),
('400167', 8723),
('400168', 5143),
('400169', 10019),
('400170', 11824),
('400171', 6833),
('400172', 12012),
('400173', 6289),
('400174', 11336),
('400175', 7260),
('400176', 8369),
('400177', 5495),
('400178', 11753),
('400179', 13364),
('400180', 7427),
('400181', 10932),
('400182', 13195),
('400183', 8820),
('400184', 13137),
('400185', 11139),
('400186', 5339),
('400187', 10482),
('400188', 14476),
('400189', 9293),
('400190', 5807),
('400191', 7799),
('400192', 9084),
('400193', 5650),
('400194', 7728),
('400195', 7265),
('400196', 10005),
('400197', 7271),
('400198', 5416),
('400199', 12041),
('400200', 13925),
('400201', 5474),
('400202', 13120),
('400203', 11944),
('400204', 7842),
('400205', 14709),
('400206', 6334),
('400207', 7226),
('400208', 13644),
('400209', 7551),
('400210', 10450),
('400211', 8240),
('400212', 12767),
('400213', 5894),
('400214', 8261),
('400215', 13104),
('400216', 8309),
('400217', 12657),
('400218', 13310),
('400219', 11563),
('400220', 9865),
('400221', 11328),
('400222', 9350),
('400223', 8178),
('400224', 5423),
('400225', 9305),
('400226', 7449),
('400227', 9715),
('400228', 8604),
('400229', 9577),
('400230', 14664),
('400231', 14097),
('400232', 11498),
('400233', 9865),
('400234', 5315),
('400235', 10384),
('400236', 9168),
('400237', 9304),
('400238', 9931),
('400239', 7422),
('400240', 6492),
('400241', 12296),
('400242', 5916),
('400243', 14273),
('400244', 5455),
('400245', 13078),
('400246', 12135),
('400247', 12389),
('400248', 6445),
('400249', 9411),
('400250', 12508),
('400251', 14318),
('400252', 11626),
('400253', 6294),
('400254', 7565),
('400255', 9996),
('400256', 8217),
('400257', 14078),
('400258', 8492),
('400259', 7598),
('400260', 7488),
('400261', 7841),
('400262', 12565),
('400263', 10557),
('400264', 6710),
('400265', 5892),
('400266', 10512),
('400267', 6941),
('400268', 10945),
('400269', 9563),
('400270', 13892),
('400271', 11280),
('400272', 12843),
('400273', 14324),
('400274', 14712),
('400275', 6245),
('400276', 10602),
('400277', 12394),
('400278', 9713),
('400279', 11534),
('400280', 5182),
('400281', 13512),
('400282', 11043),
('400283', 11748),
('400284', 7036),
('400285', 14962),
('400286', 7373),
('400287', 12399),
('400288', 8630),
('400289', 6746),
('400290', 5829),
('400291', 5947),
('400292', 10249),
('400293', 11714),
('400294', 8054),
('400295', 9477),
('400296', 13965),
('400297', 13375),
('400298', 7947),
('400299', 11503),
('400300', 8498),
('400301', 11378),
('400302', 6640),
('400303', 11936),
('400304', 13634),
('400305', 14442),
('400306', 8328),
('400307', 5756),
('400308', 9836),
('400309', 12234),
('400310', 6020),
('400311', 14228),
('400312', 7416),
('400313', 13354),
('400314', 8633),
('400315', 12838),
('400316', 7039),
('400317', 8490),
('400318', 9712),
('400319', 13550),
('400320', 13119),
('400321', 7465),
('400322', 12333),
('400323', 14544),
('400324', 5167),
('400325', 13963),
('400326', 13994),
('400327', 6653),
('400328', 11453),
('400329', 14815),
('400330', 12444),
('400331', 13481),
('400332', 9685),
('500000', 19564),
('500001', 15519),
('500002', 20676),
('500003', 23465),
('500004', 12411),
('500005', 23038),
('500006', 16089),
('500007', 22579),
('500008', 16318),
('500009', 14264),
('500010', 23873),
('500011', 12598),
('500012', 12087),
('500013', 24685),
('500014', 14794),
('500015', 19442),
('500016', 14697),
('500017', 15135),
('500018', 22115),
('500019', 17628),
('500020', 19161),
('500021', 22578),
('500022', 11442),
('500023', 12910),
('500024', 11191),
('500025', 12507),
('500026', 15964),
('500027', 13097),
('500028', 22036),
('500029', 18275),
('500030', 14914),
('500031', 16646),
('500032', 12943),
('500033', 15166),
('500034', 14663),
('500035', 12215),
('500036', 13544),
('500037', 12327),
('500038', 11288),
('500039', 12963),
('500040', 17150),
('500041', 20429),
('500042', 18210),
('500043', 14641),
('500044', 15475),
('500045', 21759),
('500046', 19085),
('500047', 24808),
('500048', 22640),
('500049', 18919),
('500050', 14033),
('500051', 13961),
('500052', 23393),
('500053', 14200),
('500054', 15676),
('500055', 13837),
('500056', 21706),
('500057', 21659),
('500058', 20644),
('500059', 11361),
('500060', 23531),
('500061', 21600),
('500062', 18764),
('500063', 13347),
('500064', 22214),
('500065', 13269),
('500066', 13794),
('500067', 18162),
('500068', 16411),
('500069', 24266),
('500070', 17680),
('500071', 10126),
('500072', 10076),
('500073', 11905),
('500074', 22505),
('500075', 17364),
('500076', 22692),
('500077', 23020),
('500078', 23256),
('500079', 16464),
('500080', 13123),
('500081', 17572),
('500082', 14152),
('500083', 21379),
('500084', 12244),
('500085', 24364),
('500086', 10677),
('500087', 17301),
('500088', 18076),
('500089', 10486),
('500090', 17219),
('500091', 16379),
('500092', 22443),
('500093', 24213),
('500094', 22817),
('500095', 10929),
('500096', 15705),
('500097', 17372),
('500098', 15232),
('500099', 24900),
('500100', 16159),
('500101', 15556),
('500102', 15008),
('500103', 14090),
('500104', 17333),
('500105', 10653),
('500106', 18065),
('500107', 15239),
('500108', 20185),
('500109', 16687),
('500110', 12807),
('500111', 22262),
('500112', 14459),
('500113', 18246),
('500114', 17650),
('500115', 14633),
('500116', 11537),
('500117', 17592),
('500118', 22257),
('500119', 24733),
('500120', 20889),
('500121', 10069),
('500122', 16168),
('500123', 18526),
('500124', 10948),
('500125', 22807),
('500126', 24056),
('500127', 20667),
('500128', 11786),
('500129', 16768),
('500130', 12810),
('500131', 13635),
('500132', 24284),
('500133', 19900),
('500134', 15084),
('500135', 19167),
('500136', 24981),
('500137', 12723),
('500138', 12903),
('500139', 13214),
('500140', 14830),
('500141', 16324),
('500142', 13815),
('500143', 14807),
('500144', 13232),
('500145', 20138),
('500146', 19683),
('500147', 12991),
('500148', 12659),
('500149', 21359),
('500150', 14403),
('500151', 11213),
('500152', 23410),
('500153', 23512),
('500154', 15853),
('500155', 24229),
('500156', 14410),
('500157', 20202),
('500158', 14008),
('500159', 14661),
('500160', 21255),
('500161', 18388),
('500162', 21745),
('500163', 18909),
('500164', 13628),
('500165', 19748),
('500166', 13259),
('500167', 18319),
('500168', 10936),
('500169', 21114),
('500170', 18102),
('500171', 15059),
('500172', 23770),
('500173', 22473),
('500174', 22528),
('500175', 17128),
('500176', 20591),
('500177', 11789),
('500178', 12384),
('500179', 17060),
('500180', 16507),
('500181', 13583),
('500182', 18361),
('500183', 10201),
('500184', 17042),
('500185', 19997),
('500186', 17317),
('500187', 10571),
('500188', 15903),
('500189', 17347),
('500190', 12373),
('500191', 21511),
('500192', 10281),
('500193', 19359),
('500194', 19234),
('500195', 21082),
('500196', 16901),
('500197', 12793),
('500198', 10822),
('500199', 17651),
('500200', 18130),
('500201', 18404),
('500202', 20984),
('500203', 13927),
('500204', 15952),
('500205', 22156),
('500206', 18877),
('500207', 17261),
('500208', 23475),
('500209', 17087),
('500210', 13228),
('500211', 13952),
('500212', 10049),
('500213', 14233),
('500214', 14272),
('500215', 22382),
('500216', 19149),
('500217', 15139),
('500218', 11167),
('500219', 24650),
('500220', 22996),
('500221', 11399),
('500222', 10644),
('500223', 14580),
('500224', 15375),
('500225', 23531),
('500226', 23638),
('500227', 15364),
('500228', 24584),
('500229', 10280),
('500230', 12146),
('500231', 20708),
('500232', 12606),
('500233', 19759),
('500234', 22699),
('500235', 23504),
('500236', 14399),
('500237', 22562),
('500238', 23274),
('500239', 21622),
('500240', 11420),
('500241', 15737),
('500242', 22335),
('500243', 23093),
('500244', 10690),
('500245', 22546),
('500246', 23396),
('500247', 11613),
('500248', 10576),
('500249', 14966),
('500250', 14398),
('500251', 17200),
('500252', 16366),
('500253', 14468),
('500254', 12593),
('500255', 11209),
('500256', 19879),
('500257', 12559),
('500258', 14124),
('500259', 12618),
('500260', 18563),
('500261', 24946),
('500262', 12676),
('500263', 14709),
('500264', 21452),
('500265', 20133),
('500266', 24150),
('500267', 11014),
('500268', 20003),
('500269', 20867),
('500270', 21804),
('500271', 10150),
('500272', 20836),
('500273', 15782),
('500274', 16170),
('500275', 11642),
('500276', 18224),
('500277', 17225),
('500278', 21054),
('500279', 14794),
('500280', 19803),
('500281', 15849),
('500282', 15926),
('500283', 10386),
('500284', 18668),
('500285', 11513),
('500286', 20644),
('500287', 22744),
('500288', 21525),
('500289', 15651),
('500290', 12776),
('500291', 18058),
('500292', 10931),
('500293', 13112),
('500294', 18905),
('500295', 19107),
('500296', 10561),
('500297', 11738),
('500298', 10533),
('500299', 22025),
('500300', 23905),
('500301', 21565),
('500302', 23294),
('500303', 19570),
('500304', 21726),
('500305', 16979),
('500306', 23614),
('500307', 13838),
('500308', 23586),
('500309', 24108),
('500310', 10303),
('500311', 10742),
('500312', 17947),
('500313', 22013),
('500314', 11793),
('500315', 21860),
('500316', 19351),
('500317', 10711),
('500318', 19683),
('500319', 14523),
('500320', 16401),
('500321', 23887),
('500322', 10112),
('500323', 20369),
('500324', 15763),
('500325', 17059),
('500326', 17747),
('500327', 18965),
('500328', 21537),
('500329', 22949),
('500330', 13137),
('500331', 18666),
('500332', 15157),
('600000', 34821),
('600001', 15326),
('600002', 19493),
('600003', 15260),
('600004', 30165),
('600005', 27848),
('600006', 16101),
('600007', 20922),
('600008', 17321),
('600009', 31524),
('600010', 23682),
('600011', 21711),
('600012', 19736),
('600013', 33929),
('600014', 16153),
('600015', 24372),
('600016', 31588),
('600017', 31570),
('600018', 25941),
('600019', 29505),
('600020', 16411),
('600021', 19917),
('600022', 18820),
('600023', 33871),
('600024', 28546),
('600025', 34216),
('600026', 20348),
('600027', 33449),
('600028', 19553),
('600029', 18560),
('600030', 26606),
('600031', 33231),
('600032', 18208),
('600033', 21526),
('600034', 16691),
('600035', 26305),
('600036', 34308),
('600037', 16660),
('600038', 15229),
('600039', 34770),
('600040', 32107),
('600041', 23710),
('600042', 26300),
('600043', 18194),
('600044', 29667),
('600045', 18204),
('600046', 29013),
('600047', 18025),
('600048', 20818),
('600049', 20366),
('600050', 33456),
('600051', 30329),
('600052', 28207),
('600053', 17973),
('600054', 23538),
('600055', 25437),
('600056', 26211),
('600057', 30800),
('600058', 31395),
('600059', 17071),
('600060', 33624),
('600061', 19701),
('600062', 24608),
('600063', 29996),
('600064', 34186),
('600065', 29152),
('600066', 31000),
('600067', 34825),
('600068', 33190),
('600069', 22929),
('600070', 30876),
('600071', 28302),
('600072', 34271),
('600073', 25642),
('600074', 31763),
('600075', 25497),
('600076', 16345),
('600077', 33181),
('600078', 16616),
('600079', 27531),
('600080', 31341),
('600081', 26489),
('600082', 21920),
('600083', 22179),
('600084', 17884),
('600085', 18148),
('600086', 15662),
('600087', 24307),
('600088', 30159),
('600089', 30979),
('600090', 15818),
('600091', 23983),
('600092', 15240),
('600093', 18810),
('600094', 34369),
('600095', 17356),
('600096', 26465),
('600097', 17788),
('600098', 21100),
('600099', 24016),
('600100', 18055),
('600101', 21768),
('600102', 19640),
('600103', 16870),
('600104', 26240),
('600105', 27633),
('600106', 19162),
('600107', 28378),
('600108', 24038),
('600109', 31027),
('600110', 21101),
('600111', 32353),
('600112', 18664),
('600113', 25722),
('600114', 29704),
('600115', 21301),
('600116', 19881),
('600117', 28276),
('600118', 23626),
('600119', 17808),
('600120', 34677),
('600121', 21576),
('600122', 26533),
('600123', 15612),
('600124', 27228),
('600125', 34971),
('600126', 18292),
('600127', 29511),
('600128', 23711),
('600129', 30652),
('600130', 25104),
('600131', 29924),
('600132', 20019),
('600133', 27773),
('600134', 29242),
('600135', 19771),
('600136', 27142),
('600137', 25630),
('600138', 18525),
('600139', 24133),
('600140', 18189),
('600141', 21702),
('600142', 31647),
('600143', 21223),
('600144', 17542),
('600145', 25477),
('600146', 15423),
('600147', 29270),
('600148', 34460),
('600149', 23585),
('600150', 23992),
('600151', 23762),
('600152', 20183),
('600153', 26032),
('600154', 27308),
('600155', 15037),
('600156', 23217),
('600157', 30056),
('600158', 16462),
('600159', 23012),
('600160', 31828),
('600161', 27851),
('600162', 27517),
('600163', 26262),
('600164', 18893),
('600165', 19681),
('600166', 20162),
('600167', 25223),
('600168', 30130),
('600169', 32588),
('600170', 17015),
('600171', 21264),
('600172', 27946),
('600173', 16614),
('600174', 21065),
('600175', 29484),
('600176', 17992),
('600177', 31377),
('600178', 24974),
('600179', 24005),
('600180', 31925),
('600181', 20934),
('600182', 29206),
('600183', 30688),
('600184', 24947),
('600185', 18558),
('600186', 18420),
('600187', 32029),
('600188', 24587),
('600189', 16714),
('600190', 31294),
('600191', 34362),
('600192', 18924),
('600193', 22246),
('600194', 18776),
('600195', 31784),
('600196', 16527),
('600197', 29451),
('600198', 15109),
('600199', 19644),
('600200', 24236),
('600201', 21838),
('600202', 34288),
('600203', 23314),
('600204', 31511),
('600205', 32861),
('600206', 23550),
('600207', 33638),
('600208', 16058),
('600209', 16887),
('600210', 24439),
('600211', 15136),
('600212', 21450),
('600213', 20504),
('600214', 22047),
('600215', 32651),
('600216', 15934),
('600217', 22592),
('600218', 17465),
('600219', 18380),
('600220', 21609),
('600221', 31480),
('600222', 16693),
('600223', 21384),
('600224', 30376),
('600225', 22185),
('600226', 17332),
('600227', 28614),
('600228', 15363),
('600229', 17011),
('600230', 33223),
('600231', 20381),
('600232', 21160),
('600233', 26856),
('600234', 30005),
('600235', 18449),
('600236', 27148),
('600237', 22781),
('600238', 30100),
('600239', 32756),
('600240', 20800),
('600241', 28051),
('600242', 19747),
('600243', 24576),
('600244', 19567),
('600245', 17614),
('600246', 24271),
('600247', 17645),
('600248', 24929),
('600249', 23492),
('600250', 23745),
('600251', 32677),
('600252', 16762),
('600253', 29993),
('600254', 16899),
('600255', 25173),
('600256', 33486),
('600257', 18643),
('600258', 29765),
('600259', 15522),
('600260', 33519),
('600261', 20345),
('600262', 16860),
('600263', 17244),
('600264', 22492),
('600265', 23147),
('600266', 22261),
('600267', 20451),
('600268', 23985),
('600269', 20083),
('600270', 30987),
('600271', 26142),
('600272', 30749),
('600273', 23961),
('600274', 15117),
('600275', 26945),
('600276', 25687),
('600277', 29081),
('600278', 27423),
('600279', 23872),
('600280', 28193),
('600281', 32363),
('600282', 15891),
('600283', 28483),
('600284', 16229),
('600285', 21599),
('600286', 19419),
('600287', 15902),
('600288', 33305),
('600289', 28718),
('600290', 19163),
('600291', 30486),
('600292', 31286),
('600293', 27695),
('600294', 33177),
('600295', 18613),
('600296', 34364),
('600297', 32493),
('600298', 25805),
('600299', 31978),
('600300', 27553),
('600301', 20337),
('600302', 26003),
('600303', 21516),
('600304', 20673),
('600305', 18824),
('600306', 24128),
('600307', 24257),
('600308', 20137),
('600309', 34849),
('600310', 18894),
('600311', 32534),
('600312', 28523),
('600313', 30793),
('600314', 34382),
('600315', 20119),
('600316', 17936),
('600317', 16980),
('600318', 23971),
('600319', 26431),
('600320', 34701),
('600321', 34065),
('600322', 25240),
('600323', 15991),
('600324', 22225),
('600325', 16794),
('600326', 24450),
('600327', 26516),
('600328', 16885),
('600329', 24869),
('600330', 29245),
('600331', 22288),
('600332', 32629),
('700000', 21969),
('700001', 37362),
('700002', 40355),
('700003', 32743),
('700004', 25570),
('700005', 37283),
('700006', 39771),
('700007', 36743),
('700008', 41450),
('700009', 29462),
('700010', 42101),
('700011', 37532),
('700012', 42565),
('700013', 27272),
('700014', 44177),
('700015', 20380),
('700016', 22312),
('700017', 31753),
('700018', 33382),
('700019', 41189),
('700020', 20516),
('700021', 25474),
('700022', 24524),
('700023', 44572),
('700024', 22640),
('700025', 43635),
('700026', 28119),
('700027', 25678),
('700028', 35893),
('700029', 34955),
('700030', 25793),
('700031', 24839),
('700032', 29114),
('700033', 41342),
('700034', 25187),
('700035', 29005),
('700036', 23418),
('700037', 35853),
('700038', 22771),
('700039', 42274),
('700040', 31164),
('700041', 38635),
('700042', 38093),
('700043', 38826),
('700044', 30794),
('700045', 44532),
('700046', 27224),
('700047', 21470),
('700048', 25377),
('700049', 20797),
('700050', 23841),
('700051', 37456),
('700052', 41838),
('700053', 31781),
('700054', 27080),
('700055', 40290),
('700056', 30883),
('700057', 25737),
('700058', 29953),
('700059', 43854),
('700060', 31415),
('700061', 27585),
('700062', 27471),
('700063', 40336),
('700064', 32496),
('700065', 43561),
('700066', 29874),
('700067', 25662),
('700068', 31672),
('700069', 25701),
('700070', 27215),
('700071', 25839),
('700072', 29646),
('700073', 37554),
('700074', 30242),
('700075', 32427),
('700076', 44608),
('700077', 31554),
('700078', 21949),
('700079', 43831),
('700080', 38049),
('700081', 35005),
('700082', 36566),
('700083', 34841),
('700084', 27119),
('700085', 28660),
('700086', 35707),
('700087', 24471),
('700088', 36680),
('700089', 27986),
('700090', 43543),
('700091', 21006),
('700092', 32892),
('700093', 30455),
('700094', 42371),
('700095', 38367),
('700096', 29514),
('700097', 25226),
('700098', 39439),
('700099', 21588),
('700100', 32623),
('700101', 39909),
('700102', 42755),
('700103', 26398),
('700104', 30618),
('700105', 26359),
('700106', 24121),
('700107', 44292),
('700108', 37348),
('700109', 41618),
('700110', 35966),
('700111', 42042),
('700112', 37901),
('700113', 41431),
('700114', 24805),
('700115', 44719),
('700116', 21663),
('700117', 40270),
('700118', 31319),
('700119', 35452),
('700120', 27051),
('700121', 30378),
('700122', 41478),
('700123', 25740),
('700124', 37919),
('700125', 33048),
('700126', 44529),
('700127', 44956),
('700128', 37539),
('700129', 44100),
('700130', 38159),
('700131', 32915),
('700132', 20846),
('700133', 42630),
('700134', 23964),
('700135', 35537),
('700136', 23093),
('700137', 30681),
('700138', 23325),
('700139', 44975),
('700140', 40179),
('700141', 27226),
('700142', 27749),
('700143', 39875),
('700144', 41329),
('700145', 35903),
('700146', 26986),
('700147', 30299),
('700148', 27850),
('700149', 22786),
('700150', 41299),
('700151', 32149),
('700152', 20917),
('700153', 30808),
('700154', 35398),
('700155', 44576),
('700156', 23256),
('700157', 40240),
('700158', 21823),
('700159', 34901),
('700160', 43030),
('700161', 21918),
('700162', 39905),
('700163', 39210),
('700164', 33588),
('700165', 26680),
('700166', 36307),
('700167', 37267),
('700168', 40280),
('700169', 34633),
('700170', 20349),
('700171', 30754),
('700172', 33203),
('700173', 31540),
('700174', 28728),
('700175', 41559),
('700176', 43567),
('700177', 33431),
('700178', 20726),
('700179', 24427),
('700180', 23663),
('700181', 23518),
('700182', 36226),
('700183', 29840),
('700184', 27152),
('700185', 34629),
('700186', 32082),
('700187', 34387),
('700188', 43183),
('700189', 22952),
('700190', 33608),
('700191', 32255),
('700192', 41709),
('700193', 30954),
('700194', 22168),
('700195', 42100),
('700196', 41828),
('700197', 44805),
('700198', 38778),
('700199', 37468),
('700200', 23431),
('700201', 40385),
('700202', 42659),
('700203', 21311),
('700204', 23359),
('700205', 20430),
('700206', 40737),
('700207', 20297),
('700208', 41120),
('700209', 23848),
('700210', 40144),
('700211', 21768),
('700212', 37079),
('700213', 35308),
('700214', 43819),
('700215', 25113),
('700216', 42935),
('700217', 41704),
('700218', 33776),
('700219', 28721),
('700220', 26573),
('700221', 40087),
('700222', 20249),
('700223', 29917),
('700224', 39556),
('700225', 20788),
('700226', 25115),
('700227', 28821),
('700228', 20799),
('700229', 22141),
('700230', 26648),
('700231', 30018),
('700232', 25997),
('700233', 21141),
('700234', 41214),
('700235', 36331),
('700236', 42332),
('700237', 29257),
('700238', 30045),
('700239', 33086),
('700240', 23951),
('700241', 28101),
('700242', 27721),
('700243', 35253),
('700244', 21386),
('700245', 22815),
('700246', 41620),
('700247', 36692),
('700248', 22578),
('700249', 41198),
('700250', 44418),
('700251', 21451),
('700252', 39198),
('700253', 35326),
('700254', 42472),
('700255', 34709),
('700256', 43395),
('700257', 34822),
('700258', 24261),
('700259', 26544),
('700260', 32080),
('700261', 40123),
('700262', 27859),
('700263', 41945),
('700264', 25950),
('700265', 34358),
('700266', 28291),
('700267', 33320),
('700268', 24672),
('700269', 32748),
('700270', 29855),
('700271', 35940),
('700272', 23435),
('700273', 34146),
('700274', 26729),
('700275', 43113),
('700276', 21767),
('700277', 38761),
('700278', 31480),
('700279', 23086),
('700280', 21486),
('700281', 35990),
('700282', 21931),
('700283', 33372),
('700284', 38755),
('700285', 39074),
('700286', 32699),
('700287', 37108),
('700288', 33328),
('700289', 29659),
('700290', 42551),
('700291', 39158),
('700292', 44415),
('700293', 27557),
('700294', 32896),
('700295', 35734),
('700296', 21173),
('700297', 20749),
('700298', 42604),
('700299', 26783),
('700300', 24046),
('700301', 35146),
('700302', 42187),
('700303', 30886),
('700304', 43663),
('700305', 34449),
('700306', 24773),
('700307', 31817),
('700308', 32998),
('700309', 30423),
('700310', 35605),
('700311', 34650),
('700312', 22650),
('700313', 36172),
('700314', 43680),
('700315', 43709),
('700316', 35967),
('700317', 36754),
('700318', 31049),
('700319', 23154),
('700320', 39973),
('700321', 44403),
('700322', 35549),
('700323', 29474),
('700324', 38585),
('700325', 22623),
('700326', 20143),
('700327', 26134),
('700328', 38965),
('700329', 24652),
('700330', 22157),
('700331', 27512),
('700332', 23955),
('800000', 32411),
('800001', 39478),
('800002', 50485),
('800003', 53198),
('800004', 45442),
('800005', 35673),
('800006', 51511),
('800007', 41972),
('800008', 49124),
('800009', 43431),
('800010', 42348),
('800011', 47674),
('800012', 25773),
('800013', 51499),
('800014', 33910),
('800015', 39617),
('800016', 33263),
('800017', 40481),
('800018', 39285),
('800019', 50604),
('800020', 47592),
('800021', 53899),
('800022', 44152),
('800023', 54467),
('800024', 34103),
('800025', 33599),
('800026', 53977),
('800027', 28460),
('800028', 43191),
('800029', 34884),
('800030', 51019),
('800031', 46473),
('800032', 46933),
('800033', 40519),
('800034', 40297),
('800035', 38102),
('800036', 28997),
('800037', 50219),
('800038', 46631),
('800039', 31766),
('800040', 53604),
('800041', 28291),
('800042', 53318),
('800043', 29096),
('800044', 29955),
('800045', 37700),
('800046', 48436),
('800047', 34927),
('800048', 54538),
('800049', 26258),
('800050', 49792),
('800051', 33361),
('800052', 45587),
('800053', 32847),
('800054', 33881),
('800055', 43808),
('800056', 27218),
('800057', 26573),
('800058', 27253),
('800059', 25183),
('800060', 25738),
('800061', 46611),
('800062', 49993),
('800063', 41933),
('800064', 32048),
('800065', 54083),
('800066', 44979),
('800067', 31843),
('800068', 47506),
('800069', 54976),
('800070', 27634),
('800071', 30491),
('800072', 45382),
('800073', 35606),
('800074', 29122),
('800075', 31205),
('800076', 48103),
('800077', 28679),
('800078', 52925),
('800079', 51290),
('800080', 50232),
('800081', 42296),
('800082', 30706),
('800083', 32961),
('800084', 34492),
('800085', 25185),
('800086', 36597),
('800087', 30159),
('800088', 48074),
('800089', 25577),
('800090', 39783),
('800091', 51796),
('800092', 36861),
('800093', 54150),
('800094', 47289),
('800095', 26455),
('800096', 27988),
('800097', 52672),
('800098', 43588),
('800099', 44045),
('800100', 40027),
('800101', 34529),
('800102', 36929),
('800103', 35051),
('800104', 39527),
('800105', 40488),
('800106', 27928),
('800107', 35701),
('800108', 42535),
('800109', 43318),
('800110', 39930),
('800111', 37103),
('800112', 25783),
('800113', 38828),
('800114', 35810),
('800115', 36220),
('800116', 31382),
('800117', 28110),
('800118', 52688),
('800119', 49157),
('800120', 28451),
('800121', 27604),
('800122', 35297),
('800123', 46966),
('800124', 33098),
('800125', 34637),
('800126', 27635),
('800127', 48046),
('800128', 32808),
('800129', 42075),
('800130', 33183),
('800131', 29721),
('800132', 50799),
('800133', 47627),
('800134', 52487),
('800135', 29311),
('800136', 44499),
('800137', 52986),
('800138', 51684),
('800139', 27723),
('800140', 32338),
('800141', 35313),
('800142', 41022),
('800143', 45206),
('800144', 53081),
('800145', 53376),
('800146', 28662),
('800147', 32794),
('800148', 32630),
('800149', 26085),
('800150', 38994),
('800151', 49973),
('800152', 33796),
('800153', 33803),
('800154', 40074),
('800155', 54951),
('800156', 35229),
('800157', 36103),
('800158', 40428),
('800159', 31593),
('800160', 41543),
('800161', 54012),
('800162', 25832),
('800163', 28763),
('800164', 25601),
('800165', 46209),
('800166', 44023),
('800167', 53243),
('800168', 26939),
('800169', 54406),
('800170', 45712),
('800171', 43625),
('800172', 44877),
('800173', 48542),
('800174', 27569),
('800175', 37984),
('800176', 30090),
('800177', 27569),
('800178', 35777),
('800179', 29380),
('800180', 44891),
('800181', 34138),
('800182', 32981),
('800183', 44559),
('800184', 28995),
('800185', 35274),
('800186', 49583),
('800187', 48786),
('800188', 46989),
('800189', 45973),
('800190', 30744),
('800191', 54922),
('800192', 25613),
('800193', 39319),
('800194', 47126),
('800195', 47327),
('800196', 46520),
('800197', 38922),
('800198', 51523),
('800199', 41578),
('800200', 26425),
('800201', 44095),
('800202', 34796),
('800203', 42771),
('800204', 44756),
('800205', 40102),
('800206', 49514),
('800207', 38154),
('800208', 32580),
('800209', 34185),
('800210', 52823),
('800211', 42653),
('800212', 39027),
('800213', 43647),
('800214', 46504),
('800215', 26105),
('800216', 29617),
('800217', 45166),
('800218', 27343),
('800219', 43186),
('800220', 47980),
('800221', 50536),
('800222', 31942),
('800223', 38788),
('800224', 35390),
('800225', 25298),
('800226', 53446),
('800227', 43245),
('800228', 30265),
('800229', 54353),
('800230', 36614),
('800231', 26464),
('800232', 36918),
('800233', 50634),
('800234', 35661),
('800235', 45948),
('800236', 39904),
('800237', 53905),
('800238', 49555),
('800239', 48317),
('800240', 46707),
('800241', 42865),
('800242', 36737),
('800243', 39706),
('800244', 33716),
('800245', 37562),
('800246', 46152),
('800247', 50326),
('800248', 31197),
('800249', 40394),
('800250', 45393),
('800251', 32177),
('800252', 31946),
('800253', 40756),
('800254', 30160),
('800255', 41603),
('800256', 36419),
('800257', 39566),
('800258', 52234),
('800259', 51262),
('800260', 28482),
('800261', 48001),
('800262', 50195),
('800263', 25396),
('800264', 30477),
('800265', 43496),
('800266', 31912),
('800267', 39390),
('800268', 32473),
('800269', 34882),
('800270', 54615),
('800271', 45496),
('800272', 51604),
('800273', 54902),
('800274', 39859),
('800275', 48139),
('800276', 35252),
('800277', 31181),
('800278', 28924),
('800279', 50382),
('800280', 25851),
('800281', 32838),
('800282', 45792),
('800283', 39725),
('800284', 33053),
('800285', 49662),
('800286', 48870),
('800287', 38027),
('800288', 48047),
('800289', 36756),
('800290', 33797),
('800291', 31381),
('800292', 32614),
('800293', 34834),
('800294', 49818),
('800295', 53768),
('800296', 29501),
('800297', 28146),
('800298', 51679),
('800299', 52698),
('800300', 41973),
('800301', 25810),
('800302', 45513),
('800303', 32918),
('800304', 54740),
('800305', 29551),
('800306', 41657),
('800307', 52236),
('800308', 34571),
('800309', 34733),
('800310', 39841),
('800311', 51036),
('800312', 34883),
('800313', 49108),
('800314', 29049),
('800315', 45171),
('800316', 27597),
('800317', 54825),
('800318', 43542),
('800319', 32524),
('800320', 46963),
('800321', 39551),
('800322', 27650),
('800323', 43684),
('800324', 41029),
('800325', 30768),
('800326', 50629),
('800327', 27644),
('800328', 47714),
('800329', 51150),
('800330', 39167),
('800331', 42227),
('800332', 25617),
('900000', 46688),
('900001', 45652),
('900002', 64455),
('900003', 60452),
('900004', 64118),
('900005', 48381),
('900006', 39224),
('900007', 30969),
('900008', 61229),
('900009', 62775),
('900010', 60304),
('900011', 34736),
('900012', 49176),
('900013', 60141),
('900014', 53871),
('900015', 56429),
('900016', 64453),
('900017', 56994),
('900018', 47265),
('900019', 56359),
('900020', 56211),
('900021', 46906),
('900022', 37568),
('900023', 53702),
('900024', 61568),
('900025', 56284),
('900026', 47247),
('900027', 56555),
('900028', 59192),
('900029', 60082),
('900030', 39166),
('900031', 30228),
('900032', 62986),
('900033', 33526),
('900034', 41061),
('900035', 43432),
('900036', 61183),
('900037', 43982),
('900038', 44962),
('900039', 56348),
('900040', 40913),
('900041', 58982),
('900042', 32992),
('900043', 58691),
('900044', 42792),
('900045', 33419),
('900046', 30268),
('900047', 61308),
('900048', 58366),
('900049', 57655),
('900050', 62102),
('900051', 36981),
('900052', 49077),
('900053', 41179),
('900054', 61080),
('900055', 45964),
('900056', 38025),
('900057', 40303),
('900058', 42174),
('900059', 35424),
('900060', 35967),
('900061', 48740),
('900062', 32983),
('900063', 31633),
('900064', 42816),
('900065', 51471),
('900066', 38217),
('900067', 57692),
('900068', 56576),
('900069', 61090),
('900070', 49207),
('900071', 32509),
('900072', 63018),
('900073', 37805),
('900074', 48729),
('900075', 42528),
('900076', 45240),
('900077', 58588),
('900078', 52353),
('900079', 36912),
('900080', 36045),
('900081', 33798),
('900082', 38605),
('900083', 60065),
('900084', 47000),
('900085', 37117),
('900086', 53573),
('900087', 49081),
('900088', 46659),
('900089', 36200),
('900090', 47432),
('900091', 64687),
('900092', 63062),
('900093', 61890),
('900094', 36403),
('900095', 58085),
('900096', 37389),
('900097', 59666),
('900098', 51817),
('900099', 63963),
('900100', 42221),
('900101', 46424),
('900102', 59694),
('900103', 59007),
('900104', 48392),
('900105', 64911),
('900106', 47302),
('900107', 63267),
('900108', 62163),
('900109', 32236),
('900110', 46153),
('900111', 30436),
('900112', 61387),
('900113', 50872),
('900114', 49278),
('900115', 55110),
('900116', 53290),
('900117', 43710),
('900118', 47277),
('900119', 47535),
('900120', 63270),
('900121', 54511),
('900122', 40761),
('900123', 52937),
('900124', 44041),
('900125', 32122),
('900126', 49957),
('900127', 62822),
('900128', 38895),
('900129', 43335),
('900130', 51083),
('900131', 33808),
('900132', 60512),
('900133', 43390),
('900134', 38606),
('900135', 35297),
('900136', 62069),
('900137', 61760),
('900138', 32149),
('900139', 30674),
('900140', 45502),
('900141', 35898),
('900142', 44301),
('900143', 37195),
('900144', 33201),
('900145', 35488),
('900146', 59030),
('900147', 56516),
('900148', 49500),
('900149', 50663),
('900150', 51483),
('900151', 60190),
('900152', 53641),
('900153', 63743),
('900154', 48429),
('900155', 39702),
('900156', 60828),
('900157', 49753),
('900158', 57330),
('900159', 40718),
('900160', 57593),
('900161', 36853),
('900162', 50929),
('900163', 40696),
('900164', 34360),
('900165', 42812),
('900166', 48788),
('900167', 32122),
('900168', 60483),
('900169', 34639),
('900170', 41167),
('900171', 53419),
('900172', 36618),
('900173', 54505),
('900174', 31370),
('900175', 48643),
('900176', 59610),
('900177', 31244),
('900178', 35966),
('900179', 59121),
('900180', 44930),
('900181', 44300),
('900182', 61849),
('900183', 44921),
('900184', 58071),
('900185', 45092),
('900186', 33692),
('900187', 56312),
('900188', 36044),
('900189', 36744),
('900190', 61984),
('900191', 43663),
('900192', 53522),
('900193', 50557),
('900194', 62630),
('900195', 36858),
('900196', 30370),
('900197', 46006),
('900198', 53032),
('900199', 57635),
('900200', 32020),
('900201', 40371),
('900202', 31186),
('900203', 61112),
('900204', 32577),
('900205', 42773),
('900206', 59514),
('900207', 30297),
('900208', 35758),
('900209', 41977),
('900210', 60587),
('900211', 30076),
('900212', 61913),
('900213', 38184),
('900214', 54055),
('900215', 57926),
('900216', 59640),
('900217', 51341),
('900218', 62713),
('900219', 49519),
('900220', 49778),
('900221', 38754),
('900222', 35440),
('900223', 36996),
('900224', 32825),
('900225', 54137),
('900226', 49659),
('900227', 36154),
('900228', 63191),
('900229', 61743),
('900230', 44526),
('900231', 43187),
('900232', 38813),
('900233', 34461),
('900234', 34234),
('900235', 32625),
('900236', 39764),
('900237', 64583),
('900238', 46915),
('900239', 56593),
('900240', 55710),
('900241', 58864),
('900242', 36942),
('900243', 46995),
('900244', 62846),
('900245', 50362),
('900246', 43350),
('900247', 58788),
('900248', 36778),
('900249', 37318),
('900250', 47432),
('900251', 47325),
('900252', 42253),
('900253', 59099),
('900254', 38109),
('900255', 39226),
('900256', 55250),
('900257', 37728),
('900258', 31338),
('900259', 46700),
('900260', 36516),
('900261', 58573),
('900262', 55484),
('900263', 42709),
('900264', 61801),
('900265', 40329),
('900266', 35821),
('900267', 52602),
('900268', 64585),
('900269', 57726),
('900270', 36899),
('900271', 38603),
('900272', 54626),
('900273', 61898),
('900274', 64132),
('900275', 47727),
('900276', 57929),
('900277', 61103),
('900278', 61362),
('900279', 38259),
('900280', 40086),
('900281', 63492),
('900282', 60679),
('900283', 46052),
('900284', 32581),
('900285', 49708),
('900286', 49555),
('900287', 48278),
('900288', 40744),
('900289', 45491),
('900290', 36618),
('900291', 54765),
('900292', 39302),
('900293', 35035),
('900294', 31012),
('900295', 32082),
('900296', 45083),
('900297', 55698),
('900298', 38963),
('900299', 46502),
('900300', 48861),
('900301', 41408),
('900302', 48127),
('900303', 53573),
('900304', 42738),
('900305', 63840),
('900306', 39192),
('900307', 56716),
('900308', 47572),
('900309', 63233),
('900310', 32736),
('900311', 43904),
('900312', 39001),
('900313', 34833),
('900314', 53698),
('900315', 56660),
('900316', 52885),
('900317', 50963),
('900318', 52724),
('900319', 37347),
('900320', 55354),
('900321', 53226),
('900322', 50805),
('900323', 57851),
('900324', 33653),
('900325', 60300),
('900326', 32699),
('900327', 37456),
('900328', 31104),
('900329', 30880),
('900330', 60330),
('900331', 30606),
('900332', 61954),
('999998', 98000),
('999999', 99000);

-- =================================================================
-- 2. 리밸런싱마스터 테이블 (15건)
-- =================================================================

INSERT INTO rebalancing_master (
    rebalancing_strategy_code, 
    rebalancing_name, 
    rebalancing_description, 
    risk_level, 
    investment_style, 
    keyword1, 
    keyword2, 
    keyword3
) VALUES
('GROWTH_TECH_001', '기술성장형 포트폴리오', 'IT, 바이오, 반도체 등 기술주 중심의 고성장 추구 전략', '고위험', '성장투자', 'IT', '반도체', '바이오'),
('DIVIDEND_STABLE_002', '안정배당형 포트폴리오', '안정적인 배당수익을 추구하는 보수적 투자 전략', '저위험', '배당투자', '배당주', '안정성', '장기투자'),
('VALUE_PICK_003', '가치발굴형 포트폴리오', '저평가된 우량주를 발굴하여 장기 보유하는 전략', '중위험', '가치투자', '저평가', '우량주', '펀더멘털'),
('ESG_SUSTAINABLE_004', 'ESG 지속가능 포트폴리오', '환경, 사회, 지배구조를 고려한 지속가능한 투자', '중위험', '성장투자', 'ESG', '지속가능', '친환경'),
('KOSPI_INDEX_005', 'KOSPI 추종형 포트폴리오', 'KOSPI 지수의 움직임을 따라가는 인덱스 투자', '중위험', '지수추종', '인덱스', 'KOSPI', '분산투자'),
('MOMENTUM_SWING_006', '모멘텀 스윙 포트폴리오', '단기 모멘텀을 활용한 스윙 트레이딩 전략', '고위험', '단기/스윙', '모멘텀', '스윙', '단기수익'),
('QUANT_SYSTEM_007', '퀀트 시스템 포트폴리오', '데이터 분석과 알고리즘 기반의 체계적 투자', '고위험', '퀀트/시스템트레이딩', '퀀트', '알고리즘', '데이터'),
('CONSERVATIVE_008', '보수적 안전자산 포트폴리오', '원금보존을 최우선으로 하는 초보수적 전략', '초저위험', '배당투자', '안전자산', '원금보존', '보수적'),
('BLUE_CHIP_009', '우량주 중심 포트폴리오', '대형 우량주 중심의 안정적 수익 추구', '저위험', '가치투자', '우량주', '대형주', '안정성'),
('SMALL_CAP_010', '중소형주 성장 포트폴리오', '성장 잠재력이 높은 중소형주 집중 투자', '초고위험', '성장투자', '중소형주', '성장잠재력', '고수익'),
('K_BATTERY_011', 'K-배터리 테마 포트폴리오', '2차전지, 전기차 관련 테마주 집중 투자', '고위험', '테마/모멘텀', '배터리', '전기차', '2차전지'),
('HEALTHCARE_012', '헬스케어 특화 포트폴리오', '제약, 바이오, 의료기기 등 헬스케어 집중', '고위험', '성장투자', '헬스케어', '제약', '의료기기'),
('GLOBAL_EXPORT_013', '글로벌 수출주 포트폴리오', '해외 수출 비중이 높은 기업들로 구성', '중위험', '성장투자', '수출주', '글로벌', '환율헷지'),
('DEFENSIVE_014', '방어적 포트폴리오', '경기침체에도 안정적인 필수소비재 중심', '저위험', '배당투자', '방어주', '필수소비재', '경기방어'),
('AI_DIGITAL_015', 'AI 디지털 혁신 포트폴리오', '인공지능, 디지털 전환 관련 혁신기업 투자', '초고위험', '성장투자', 'AI', '디지털전환', '혁신기업');

-- =================================================================
-- 3. 리밸런싱분석 테이블 (15건)
-- =================================================================

INSERT INTO rebalancing_analysis (
    rebalancing_strategy_code,
    expected_return,
    volatility,
    max_drawdown,
    investor_preference
) VALUES
('GROWTH_TECH_001', 12.50, 25.30, -18.40, 78),
('DIVIDEND_STABLE_002', 6.20, 8.50, -5.20, 92),
('VALUE_PICK_003', 9.80, 15.20, -12.30, 85),
('ESG_SUSTAINABLE_004', 8.90, 12.80, -9.70, 88),
('KOSPI_INDEX_005', 7.40, 18.60, -15.20, 95),
('MOMENTUM_SWING_006', 15.20, 32.40, -25.60, 65),
('QUANT_SYSTEM_007', 11.30, 22.10, -16.80, 72),
('CONSERVATIVE_008', 3.80, 4.20, -2.10, 98),
('BLUE_CHIP_009', 7.80, 11.40, -8.30, 90),
('SMALL_CAP_010', 18.60, 38.70, -32.40, 58),
('K_BATTERY_011', 14.80, 29.20, -22.10, 73),
('HEALTHCARE_012', 13.40, 24.60, -19.30, 76),
('GLOBAL_EXPORT_013', 10.20, 19.80, -14.60, 82),
('DEFENSIVE_014', 5.60, 7.30, -4.80, 94),
('AI_DIGITAL_015', 16.90, 35.50, -28.90, 68);

-- =================================================================
-- 4. 고객잔고 테이블 (20개 종목)
-- =================================================================

INSERT INTO customer_balance (
    account_number,
    stock_code,
    stock_name,
    quantity,
    purchase_amount
) VALUES
('99911122222', '005930', '삼성전자', 500, 72000.00),
('99911122222', '000660', 'SK하이닉스', 150, 138000.00),
('99911122222', '035420', 'NAVER', 80, 178000.00),
('99911122222', '051910', 'LG화학', 45, 410000.00),
('99911122222', '207940', '삼성바이오로직스', 25, 820000.00),
('99911122222', '005490', 'POSCO홀딩스', 120, 56000.00),
('99911122222', '000270', '기아', 200, 59000.00),
('99911122222', '035720', '카카오', 180, 45000.00),
('99911122222', '105560', 'KB금융', 220, 85000.00),
('99911122222', '055550', '신한지주', 300, 45000.00),
('99911122222', '096770', 'SK이노베이션', 85, 600000.00),
('99911122222', '017670', 'SK텔레콤', 160, 43000.00),
('99911122222', '066570', 'LG전자', 90, 150000.00),
('99911122222', '009150', '삼성전기', 130, 36000.00),
('99911122222', '036570', '엔씨소프트', 75, 48000.00),
('99911122222', '323410', '카카오뱅크', 400, 26000.00),
('99911122222', '086790', '하나금융지주', 110, 158000.00),
('99911122222', '068270', '셀트리온', 95, 152000.00),
('99911122222', '373220', 'LG에너지솔루션', 60, 180000.00),
('99911122222', '247540', '에코프로비엠', 140, 25000.00);

-- =================================================================
-- 5. 매매내역 테이블 (930건)
-- =================================================================

INSERT INTO trading_history (
    account_number, trading_date, order_number, execution_number, 
    stock_code, buy_sell_code, order_quantity, order_amount
) VALUES
('99911122222', '20250805', 'ORD20250805001', 'EXE20250805001', '005930', '1', 300, 155858.00),
('99911122222', '20250822', 'ORD20250822002', 'EXE20250822002', '005930', '1', 200, 158185.00),
('99911122222', '20250803', 'ORD20250803003', 'EXE20250803003', '000660', '1', 90, 94717.00),
('99911122222', '20250828', 'ORD20250828004', 'EXE20250828004', '000660', '1', 60, 97727.00),
('99911122222', '20250806', 'ORD20250806005', 'EXE20250806005', '035420', '1', 48, 188669.00),
('99911122222', '20250824', 'ORD20250824006', 'EXE20250824006', '035420', '1', 32, 187706.00),
('99911122222', '20250804', 'ORD20250804007', 'EXE20250804007', '051910', '1', 27, 63731.00),
('99911122222', '20250818', 'ORD20250818008', 'EXE20250818008', '051910', '1', 18, 71737.00),
('99911122222', '20250803', 'ORD20250803009', 'EXE20250803009', '207940', '1', 15, 199096.00),
('99911122222', '20250818', 'ORD20250818010', 'EXE20250818010', '207940', '1', 10, 195970.00),
('99911122222', '20250811', 'ORD20250811011', 'EXE20250811011', '005490', '1', 72, 128324.00),
('99911122222', '20250821', 'ORD20250821012', 'EXE20250821012', '005490', '1', 48, 129874.00),
('99911122222', '20250813', 'ORD20250813013', 'EXE20250813013', '000270', '1', 120, 103512.00),
('99911122222', '20250816', 'ORD20250816014', 'EXE20250816014', '000270', '1', 80, 111776.00),
('99911122222', '20250805', 'ORD20250805015', 'EXE20250805015', '035720', '1', 108, 181804.00),
('99911122222', '20250823', 'ORD20250823016', 'EXE20250823016', '035720', '1', 72, 178052.00),
('99911122222', '20250803', 'ORD20250803017', 'EXE20250803017', '105560', '1', 132, 194636.00),
('99911122222', '20250817', 'ORD20250817018', 'EXE20250817018', '105560', '1', 88, 202476.00),
('99911122222', '20250804', 'ORD20250804019', 'EXE20250804019', '055550', '1', 180, 182698.00),
('99911122222', '20250831', 'ORD20250831020', 'EXE20250831020', '055550', '1', 120, 188882.00),
('99911122222', '20250813', 'ORD20250813021', 'EXE20250813021', '096770', '1', 51, 71589.00),
('99911122222', '20250817', 'ORD20250817022', 'EXE20250817022', '096770', '1', 34, 81346.00),
('99911122222', '20250814', 'ORD20250814023', 'EXE20250814023', '017670', '1', 96, 99551.00),
('99911122222', '20250816', 'ORD20250816024', 'EXE20250816024', '017670', '1', 64, 103913.00),
('99911122222', '20250808', 'ORD20250808025', 'EXE20250808025', '066570', '1', 54, 115391.00),
('99911122222', '20250830', 'ORD20250830026', 'EXE20250830026', '066570', '1', 36, 121883.00),
('99911122222', '20250809', 'ORD20250809027', 'EXE20250809027', '009150', '1', 78, 27042.00),
('99911122222', '20250828', 'ORD20250828028', 'EXE20250828028', '009150', '1', 52, 28838.00),
('99911122222', '20250814', 'ORD20250814029', 'EXE20250814029', '036570', '1', 45, 81418.00),
('99911122222', '20250830', 'ORD20250830030', 'EXE20250830030', '036570', '1', 30, 84558.00),
('99911122222', '20250814', 'ORD20250814031', 'EXE20250814031', '323410', '1', 240, 128926.00),
('99911122222', '20250820', 'ORD20250820032', 'EXE20250820032', '323410', '1', 160, 127991.00),
('99911122222', '20250814', 'ORD20250814033', 'EXE20250814033', '086790', '1', 66, 162652.00),
('99911122222', '20250822', 'ORD20250822034', 'EXE20250822034', '086790', '1', 44, 168985.00),
('99911122222', '20250804', 'ORD20250804035', 'EXE20250804035', '068270', '1', 57, 103827.00),
('99911122222', '20250819', 'ORD20250819036', 'EXE20250819036', '068270', '1', 38, 110336.00),
('99911122222', '20250801', 'ORD20250801037', 'EXE20250801037', '373220', '1', 36, 125693.00),
('99911122222', '20250831', 'ORD20250831038', 'EXE20250831038', '373220', '1', 24, 124141.00),
('99911122222', '20250809', 'ORD20250809039', 'EXE20250809039', '247540', '1', 84, 172534.00),
('99911122222', '20250825', 'ORD20250825040', 'EXE20250825040', '247540', '1', 56, 179916.00),
('99911122222', '20250827', 'ORD20250827041', 'EXE20250827041', '100001', '1', 84, 47562.00),
('99911122222', '20250829', 'ORD20250829042', 'EXE20250829042', '100001', '2', 84, 46896.00),
('99911122222', '20250817', 'ORD20250817043', 'EXE20250817043', '100002', '1', 118, 45706.00),
('99911122222', '20250819', 'ORD20250819044', 'EXE20250819044', '100002', '2', 118, 48231.00),
('99911122222', '20250820', 'ORD20250820045', 'EXE20250820045', '100003', '1', 154, 14674.00),
('99911122222', '20250823', 'ORD20250823046', 'EXE20250823046', '100003', '2', 154, 15331.00),
('99911122222', '20250808', 'ORD20250808047', 'EXE20250808047', '100004', '1', 139, 34787.00),
('99911122222', '20250811', 'ORD20250811048', 'EXE20250811048', '100004', '2', 139, 36719.00),
('99911122222', '20250801', 'ORD20250801049', 'EXE20250801049', '100005', '1', 52, 43080.00),
('99911122222', '20250805', 'ORD20250805050', 'EXE20250805050', '100005', '2', 52, 45371.00),
('99911122222', '20250822', 'ORD20250822051', 'EXE20250822051', '200001', '1', 141, 26091.00),
('99911122222', '20250824', 'ORD20250824052', 'EXE20250824052', '200001', '2', 141, 28519.00),
('99911122222', '20250805', 'ORD20250805053', 'EXE20250805053', '200002', '1', 154, 7026.00),
('99911122222', '20250809', 'ORD20250809054', 'EXE20250809054', '200002', '2', 154, 9262.00),
('99911122222', '20250817', 'ORD20250817055', 'EXE20250817055', '200003', '1', 129, 42834.00),
('99911122222', '20250819', 'ORD20250819056', 'EXE20250819056', '200003', '2', 129, 42975.00),
('99911122222', '20250807', 'ORD20250807057', 'EXE20250807057', '200004', '1', 142, 35019.00),
('99911122222', '20250809', 'ORD20250809058', 'EXE20250809058', '200004', '2', 142, 34814.00),
('99911122222', '20250812', 'ORD20250812059', 'EXE20250812059', '200005', '1', 124, 46149.00),
('99911122222', '20250813', 'ORD20250813060', 'EXE20250813060', '200005', '2', 124, 47012.00),
('99911122222', '20250808', 'ORD20250808061', 'EXE20250808061', '300001', '1', 191, 17530.00),
('99911122222', '20250813', 'ORD20250813062', 'EXE20250813062', '300001', '2', 191, 17069.00),
('99911122222', '20250827', 'ORD20250827063', 'EXE20250827063', '300002', '1', 15, 16545.00),
('99911122222', '20250829', 'ORD20250829064', 'EXE20250829064', '300002', '2', 15, 16525.00),
('99911122222', '20250803', 'ORD20250803065', 'EXE20250803065', '300003', '1', 102, 6035.00),
('99911122222', '20250807', 'ORD20250807066', 'EXE20250807066', '300003', '2', 102, 7439.00),
('99911122222', '20250811', 'ORD20250811067', 'EXE20250811067', '300004', '1', 29, 13019.00),
('99911122222', '20250815', 'ORD20250815068', 'EXE20250815068', '300004', '2', 29, 13931.00),
('99911122222', '20250827', 'ORD20250827069', 'EXE20250827069', '300005', '1', 122, 11113.00),
('99911122222', '20250828', 'ORD20250828070', 'EXE20250828070', '300005', '2', 122, 13992.00),
('99911122222', '20250802', 'ORD20250802071', 'EXE20250802071', '400001', '1', 115, 29879.00),
('99911122222', '20250805', 'ORD20250805072', 'EXE20250805072', '400001', '2', 115, 32219.00),
('99911122222', '20250820', 'ORD20250820073', 'EXE20250820073', '400002', '1', 46, 40753.00),
('99911122222', '20250824', 'ORD20250824074', 'EXE20250824074', '400002', '2', 46, 39944.00),
('99911122222', '20250813', 'ORD20250813075', 'EXE20250813075', '400003', '1', 98, 41193.00),
('99911122222', '20250815', 'ORD20250815076', 'EXE20250815076', '400003', '2', 98, 40254.00),
('99911122222', '20250806', 'ORD20250806077', 'EXE20250806077', '400004', '1', 31, 33935.00),
('99911122222', '20250807', 'ORD20250807078', 'EXE20250807078', '400004', '2', 31, 35180.00),
('99911122222', '20250824', 'ORD20250824079', 'EXE20250824079', '400005', '1', 17, 41034.00),
('99911122222', '20250829', 'ORD20250829080', 'EXE20250829080', '400005', '2', 17, 40840.00),
('99911122222', '20250808', 'ORD20250808081', 'EXE20250808081', '500001', '1', 29, 24435.00),
('99911122222', '20250811', 'ORD20250811082', 'EXE20250811082', '500001', '2', 29, 23781.00),
('99911122222', '20250801', 'ORD20250801083', 'EXE20250801083', '500002', '1', 199, 49916.00),
('99911122222', '20250803', 'ORD20250803084', 'EXE20250803084', '500002', '2', 199, 51143.00),
('99911122222', '20250816', 'ORD20250816085', 'EXE20250816085', '500003', '1', 139, 32852.00),
('99911122222', '20250818', 'ORD20250818086', 'EXE20250818086', '500003', '2', 139, 32226.00),
('99911122222', '20250811', 'ORD20250811087', 'EXE20250811087', '500004', '1', 96, 19891.00),
('99911122222', '20250814', 'ORD20250814088', 'EXE20250814088', '500004', '2', 96, 22590.00),
('99911122222', '20250805', 'ORD20250805089', 'EXE20250805089', '500005', '1', 67, 28655.00),
('99911122222', '20250807', 'ORD20250807090', 'EXE20250807090', '500005', '2', 67, 30298.00),
('99911122222', '20250807', 'ORD20250807091', 'EXE20250807091', '600001', '1', 121, 29279.00),
('99911122222', '20250809', 'ORD20250809092', 'EXE20250809092', '600001', '2', 121, 29877.00),
('99911122222', '20250818', 'ORD20250818093', 'EXE20250818093', '600002', '1', 84, 31247.00),
('99911122222', '20250823', 'ORD20250823094', 'EXE20250823094', '600002', '2', 84, 31137.00),
('99911122222', '20250825', 'ORD20250825095', 'EXE20250825095', '600003', '1', 124, 28220.00),
('99911122222', '20250827', 'ORD20250827096', 'EXE20250827096', '600003', '2', 124, 29232.00),
('99911122222', '20250809', 'ORD20250809097', 'EXE20250809097', '600004', '1', 131, 49599.00),
('99911122222', '20250810', 'ORD20250810098', 'EXE20250810098', '600004', '2', 131, 51889.00),
('99911122222', '20250803', 'ORD20250803099', 'EXE20250803099', '600005', '1', 72, 21504.00),
('99911122222', '20250807', 'ORD20250807100', 'EXE20250807100', '600005', '2', 72, 22287.00),
('99911122222', '20250823', 'ORD20250823101', 'EXE20250823101', '700001', '1', 34, 19898.00),
('99911122222', '20250827', 'ORD20250827102', 'EXE20250827102', '700001', '2', 34, 21057.00),
('99911122222', '20250823', 'ORD20250823103', 'EXE20250823103', '700002', '1', 54, 45428.00),
('99911122222', '20250824', 'ORD20250824104', 'EXE20250824104', '700002', '2', 54, 46688.00),
('99911122222', '20250819', 'ORD20250819105', 'EXE20250819105', '700003', '1', 172, 35078.00),
('99911122222', '20250820', 'ORD20250820106', 'EXE20250820106', '700003', '2', 172, 34582.00),
('99911122222', '20250814', 'ORD20250814107', 'EXE20250814107', '700004', '1', 23, 24000.00),
('99911122222', '20250816', 'ORD20250816108', 'EXE20250816108', '700004', '2', 23, 25880.00),
('99911122222', '20250822', 'ORD20250822109', 'EXE20250822109', '700005', '1', 121, 28474.00),
('99911122222', '20250826', 'ORD20250826110', 'EXE20250826110', '700005', '2', 121, 30416.00),
('99911122222', '20250801', 'ORD20250801111', 'EXE20250801111', '800001', '1', 63, 23731.00),
('99911122222', '20250803', 'ORD20250803112', 'EXE20250803112', '800001', '2', 63, 25658.00),
('99911122222', '20250808', 'ORD20250808113', 'EXE20250808113', '800002', '1', 126, 43991.00),
('99911122222', '20250812', 'ORD20250812114', 'EXE20250812114', '800002', '2', 126, 46216.00),
('99911122222', '20250818', 'ORD20250818115', 'EXE20250818115', '800003', '1', 42, 28096.00),
('99911122222', '20250823', 'ORD20250823116', 'EXE20250823116', '800003', '2', 42, 29263.00),
('99911122222', '20250813', 'ORD20250813117', 'EXE20250813117', '800004', '1', 155, 38252.00),
('99911122222', '20250817', 'ORD20250817118', 'EXE20250817118', '800004', '2', 155, 37820.00),
('99911122222', '20250802', 'ORD20250802119', 'EXE20250802119', '800005', '1', 132, 43972.00),
('99911122222', '20250806', 'ORD20250806120', 'EXE20250806120', '800005', '2', 132, 45494.00),
('99911122222', '20250806', 'ORD20250806121', 'EXE20250806121', '900001', '1', 73, 28593.00),
('99911122222', '20250807', 'ORD20250807122', 'EXE20250807122', '900001', '2', 73, 28769.00),
('99911122222', '20250807', 'ORD20250807123', 'EXE20250807123', '900002', '1', 149, 40122.00),
('99911122222', '20250808', 'ORD20250808124', 'EXE20250808124', '900002', '2', 149, 41341.00),
('99911122222', '20250813', 'ORD20250813125', 'EXE20250813125', '900003', '1', 42, 9144.00),
('99911122222', '20250818', 'ORD20250818126', 'EXE20250818126', '900003', '2', 42, 12142.00),
('99911122222', '20250825', 'ORD20250825127', 'EXE20250825127', '900004', '1', 168, 20028.00),
('99911122222', '20250828', 'ORD20250828128', 'EXE20250828128', '900004', '2', 168, 22144.00),
('99911122222', '20250807', 'ORD20250807129', 'EXE20250807129', '900005', '1', 35, 10735.00),
('99911122222', '20250809', 'ORD20250809130', 'EXE20250809130', '900005', '2', 35, 11343.00),
('99911122222', '20250820', 'ORD20250820131', 'EXE20250820131', '001040', '1', 55, 16609.00),
('99911122222', '20250821', 'ORD20250821132', 'EXE20250821132', '001040', '2', 55, 17959.00),
('99911122222', '20250808', 'ORD20250808133', 'EXE20250808133', '002790', '1', 49, 11460.00),
('99911122222', '20250812', 'ORD20250812134', 'EXE20250812134', '002790', '2', 49, 12824.00),
('99911122222', '20250804', 'ORD20250804135', 'EXE20250804135', '003230', '1', 108, 18641.00),
('99911122222', '20250805', 'ORD20250805136', 'EXE20250805136', '003230', '2', 108, 19148.00),
('99911122222', '20250802', 'ORD20250802137', 'EXE20250802137', '004370', '1', 200, 21097.00),
('99911122222', '20250803', 'ORD20250803138', 'EXE20250803138', '004370', '2', 200, 20526.00),
('99911122222', '20250807', 'ORD20250807139', 'EXE20250807139', '007310', '1', 68, 44759.00),
('99911122222', '20250811', 'ORD20250811140', 'EXE20250811140', '007310', '2', 68, 46041.00),
('99911122222', '20250827', 'ORD20250827141', 'EXE20250827141', '026960', '1', 173, 11037.00),
('99911122222', '20250831', 'ORD20250831142', 'EXE20250831142', '026960', '2', 173, 10334.00),
('99911122222', '20250807', 'ORD20250807143', 'EXE20250807143', '005180', '1', 126, 18723.00),
('99911122222', '20250809', 'ORD20250809144', 'EXE20250809144', '005180', '2', 126, 19438.00),
('99911122222', '20250812', 'ORD20250812145', 'EXE20250812145', '003920', '1', 163, 7936.00),
('99911122222', '20250813', 'ORD20250813146', 'EXE20250813146', '003920', '2', 163, 8753.00),
('99911122222', '20250824', 'ORD20250824147', 'EXE20250824147', '005690', '1', 170, 13425.00),
('99911122222', '20250825', 'ORD20250825148', 'EXE20250825148', '005690', '2', 170, 15844.00),
('99911122222', '20250821', 'ORD20250821149', 'EXE20250821149', '002700', '1', 29, 18710.00),
('99911122222', '20250824', 'ORD20250824150', 'EXE20250824150', '002700', '2', 29, 21128.00),
('99911122222', '20250806', 'ORD20250806151', 'EXE20250806151', '500064', '1', 34, 72791.00),
('99911122222', '20250806', 'ORD20250806152', 'EXE20250806152', '500064', '2', 34, 72350.00),
('99911122222', '20250810', 'ORD20250810153', 'EXE20250810153', '400039', '1', 64, 69954.00),
('99911122222', '20250810', 'ORD20250810154', 'EXE20250810154', '400039', '2', 64, 71066.00),
('99911122222', '20250827', 'ORD20250827155', 'EXE20250827155', '400035', '1', 62, 29759.00),
('99911122222', '20250828', 'ORD20250828156', 'EXE20250828156', '400035', '2', 62, 30908.00),
('99911122222', '20250803', 'ORD20250803157', 'EXE20250803157', '500002', '1', 39, 44955.00),
('99911122222', '20250804', 'ORD20250804158', 'EXE20250804158', '500002', '2', 39, 44838.00),
('99911122222', '20250826', 'ORD20250826159', 'EXE20250826159', '500003', '1', 90, 78438.00),
('99911122222', '20250827', 'ORD20250827160', 'EXE20250827160', '500003', '2', 90, 78491.00),
('99911122222', '20250812', 'ORD20250812161', 'EXE20250812161', '500050', '1', 78, 32240.00),
('99911122222', '20250812', 'ORD20250812162', 'EXE20250812162', '500050', '2', 78, 33714.00),
('99911122222', '20250814', 'ORD20250814163', 'EXE20250814163', '002790', '1', 93, 5238.00),
('99911122222', '20250814', 'ORD20250814164', 'EXE20250814164', '002790', '2', 93, 6410.00),
('99911122222', '20250826', 'ORD20250826165', 'EXE20250826165', '500080', '1', 12, 18239.00),
('99911122222', '20250826', 'ORD20250826166', 'EXE20250826166', '500080', '2', 12, 19171.00),
('99911122222', '20250824', 'ORD20250824167', 'EXE20250824167', '400059', '1', 11, 45641.00),
('99911122222', '20250824', 'ORD20250824168', 'EXE20250824168', '400059', '2', 11, 46935.00),
('99911122222', '20250820', 'ORD20250820169', 'EXE20250820169', '400035', '1', 47, 8236.00),
('99911122222', '20250820', 'ORD20250820170', 'EXE20250820170', '400035', '2', 47, 8917.00),
('99911122222', '20250810', 'ORD20250810171', 'EXE20250810171', '500019', '1', 84, 79313.00),
('99911122222', '20250811', 'ORD20250811172', 'EXE20250811172', '500019', '2', 84, 79409.00),
('99911122222', '20250828', 'ORD20250828173', 'EXE20250828173', '400042', '1', 15, 25006.00),
('99911122222', '20250828', 'ORD20250828174', 'EXE20250828174', '400042', '2', 15, 26063.00),
('99911122222', '20250818', 'ORD20250818175', 'EXE20250818175', '400015', '1', 42, 25881.00),
('99911122222', '20250818', 'ORD20250818176', 'EXE20250818176', '400015', '2', 42, 25668.00),
('99911122222', '20250820', 'ORD20250820177', 'EXE20250820177', '207940', '1', 15, 8668.00),
('99911122222', '20250820', 'ORD20250820178', 'EXE20250820178', '207940', '2', 15, 9839.00),
('99911122222', '20250804', 'ORD20250804179', 'EXE20250804179', '500036', '1', 85, 67555.00),
('99911122222', '20250804', 'ORD20250804180', 'EXE20250804180', '500036', '2', 85, 67823.00),
('99911122222', '20250802', 'ORD20250802181', 'EXE20250802181', '400036', '1', 5, 68463.00),
('99911122222', '20250802', 'ORD20250802182', 'EXE20250802182', '400036', '2', 5, 69409.00),
('99911122222', '20250810', 'ORD20250810183', 'EXE20250810183', '500009', '1', 40, 53064.00),
('99911122222', '20250811', 'ORD20250811184', 'EXE20250811184', '500009', '2', 40, 53075.00),
('99911122222', '20250810', 'ORD20250810185', 'EXE20250810185', '400017', '1', 79, 61635.00),
('99911122222', '20250811', 'ORD20250811186', 'EXE20250811186', '400017', '2', 79, 62734.00),
('99911122222', '20250829', 'ORD20250829187', 'EXE20250829187', '700001', '1', 82, 34467.00),
('99911122222', '20250829', 'ORD20250829188', 'EXE20250829188', '700001', '2', 82, 35484.00),
('99911122222', '20250803', 'ORD20250803189', 'EXE20250803189', '400088', '1', 92, 46439.00),
('99911122222', '20250803', 'ORD20250803190', 'EXE20250803190', '400088', '2', 92, 47409.00),
('99911122222', '20250808', 'ORD20250808191', 'EXE20250808191', '400001', '1', 38, 36892.00),
('99911122222', '20250809', 'ORD20250809192', 'EXE20250809192', '400001', '2', 38, 37300.00),
('99911122222', '20250807', 'ORD20250807193', 'EXE20250807193', '500072', '1', 34, 63026.00),
('99911122222', '20250807', 'ORD20250807194', 'EXE20250807194', '500072', '2', 34, 62772.00),
('99911122222', '20250816', 'ORD20250816195', 'EXE20250816195', '400086', '1', 13, 55468.00),
('99911122222', '20250816', 'ORD20250816196', 'EXE20250816196', '400086', '2', 13, 55277.00),
('99911122222', '20250822', 'ORD20250822197', 'EXE20250822197', '500086', '1', 47, 67953.00),
('99911122222', '20250822', 'ORD20250822198', 'EXE20250822198', '500086', '2', 47, 69247.00),
('99911122222', '20250827', 'ORD20250827199', 'EXE20250827199', '400006', '1', 31, 22947.00),
('99911122222', '20250828', 'ORD20250828200', 'EXE20250828200', '400006', '2', 31, 22553.00),
('99911122222', '20250815', 'ORD20250815201', 'EXE20250815201', '500054', '1', 50, 17375.00),
('99911122222', '20250815', 'ORD20250815202', 'EXE20250815202', '500054', '2', 50, 17548.00),
('99911122222', '20250801', 'ORD20250801203', 'EXE20250801203', '500096', '1', 52, 62288.00),
('99911122222', '20250801', 'ORD20250801204', 'EXE20250801204', '500096', '2', 52, 62638.00),
('99911122222', '20250817', 'ORD20250817205', 'EXE20250817205', '400071', '1', 80, 77341.00),
('99911122222', '20250818', 'ORD20250818206', 'EXE20250818206', '400071', '2', 80, 78167.00),
('99911122222', '20250815', 'ORD20250815207', 'EXE20250815207', '400001', '1', 9, 66659.00),
('99911122222', '20250815', 'ORD20250815208', 'EXE20250815208', '400001', '2', 9, 67858.00),
('99911122222', '20250809', 'ORD20250809209', 'EXE20250809209', '300002', '1', 38, 44069.00),
('99911122222', '20250810', 'ORD20250810210', 'EXE20250810210', '300002', '2', 38, 45507.00),
('99911122222', '20250829', 'ORD20250829211', 'EXE20250829211', '400030', '1', 62, 27067.00),
('99911122222', '20250830', 'ORD20250830212', 'EXE20250830212', '400030', '2', 62, 28537.00),
('99911122222', '20250818', 'ORD20250818213', 'EXE20250818213', '400055', '1', 49, 27864.00),
('99911122222', '20250818', 'ORD20250818214', 'EXE20250818214', '400055', '2', 49, 28173.00),
('99911122222', '20250807', 'ORD20250807215', 'EXE20250807215', '500055', '1', 33, 79066.00),
('99911122222', '20250807', 'ORD20250807216', 'EXE20250807216', '500055', '2', 33, 80232.00),
('99911122222', '20250804', 'ORD20250804217', 'EXE20250804217', '500002', '1', 32, 30159.00),
('99911122222', '20250804', 'ORD20250804218', 'EXE20250804218', '500002', '2', 32, 30992.00),
('99911122222', '20250803', 'ORD20250803219', 'EXE20250803219', '300001', '1', 73, 36168.00),
('99911122222', '20250803', 'ORD20250803220', 'EXE20250803220', '300001', '2', 73, 37491.00),
('99911122222', '20250827', 'ORD20250827221', 'EXE20250827221', '500032', '1', 48, 18987.00),
('99911122222', '20250827', 'ORD20250827222', 'EXE20250827222', '500032', '2', 48, 19391.00),
('99911122222', '20250807', 'ORD20250807223', 'EXE20250807223', '600003', '1', 61, 39345.00),
('99911122222', '20250808', 'ORD20250808224', 'EXE20250808224', '600003', '2', 61, 40709.00),
('99911122222', '20250816', 'ORD20250816225', 'EXE20250816225', '400011', '1', 54, 30268.00),
('99911122222', '20250816', 'ORD20250816226', 'EXE20250816226', '400011', '2', 54, 30574.00),
('99911122222', '20250809', 'ORD20250809227', 'EXE20250809227', '400083', '1', 92, 71108.00),
('99911122222', '20250810', 'ORD20250810228', 'EXE20250810228', '400083', '2', 92, 72194.00),
('99911122222', '20250810', 'ORD20250810229', 'EXE20250810229', '500055', '1', 55, 41969.00),
('99911122222', '20250810', 'ORD20250810230', 'EXE20250810230', '500055', '2', 55, 42527.00),
('99911122222', '20250808', 'ORD20250808231', 'EXE20250808231', '500087', '1', 62, 26987.00),
('99911122222', '20250808', 'ORD20250808232', 'EXE20250808232', '500087', '2', 62, 26939.00),
('99911122222', '20250805', 'ORD20250805233', 'EXE20250805233', '400032', '1', 31, 77217.00),
('99911122222', '20250805', 'ORD20250805234', 'EXE20250805234', '400032', '2', 31, 76848.00),
('99911122222', '20250810', 'ORD20250810235', 'EXE20250810235', '400049', '1', 71, 24443.00),
('99911122222', '20250810', 'ORD20250810236', 'EXE20250810236', '400049', '2', 71, 23978.00),
('99911122222', '20250820', 'ORD20250820237', 'EXE20250820237', '400091', '1', 12, 23933.00),
('99911122222', '20250821', 'ORD20250821238', 'EXE20250821238', '400091', '2', 12, 24288.00),
('99911122222', '20250802', 'ORD20250802239', 'EXE20250802239', '500032', '1', 16, 78856.00),
('99911122222', '20250803', 'ORD20250803240', 'EXE20250803240', '500032', '2', 16, 79662.00),
('99911122222', '20250825', 'ORD20250825241', 'EXE20250825241', '066570', '1', 57, 22454.00),
('99911122222', '20250826', 'ORD20250826242', 'EXE20250826242', '066570', '2', 57, 22881.00),
('99911122222', '20250802', 'ORD20250802243', 'EXE20250802243', '400094', '1', 43, 70063.00),
('99911122222', '20250802', 'ORD20250802244', 'EXE20250802244', '400094', '2', 43, 70484.00),
('99911122222', '20250822', 'ORD20250822245', 'EXE20250822245', '500063', '1', 97, 24617.00),
('99911122222', '20250823', 'ORD20250823246', 'EXE20250823246', '500063', '2', 97, 24664.00),
('99911122222', '20250825', 'ORD20250825247', 'EXE20250825247', '400004', '1', 18, 46226.00),
('99911122222', '20250826', 'ORD20250826248', 'EXE20250826248', '400004', '2', 18, 46287.00),
('99911122222', '20250815', 'ORD20250815249', 'EXE20250815249', '400048', '1', 30, 39326.00),
('99911122222', '20250815', 'ORD20250815250', 'EXE20250815250', '400048', '2', 30, 39687.00),
('99911122222', '20250819', 'ORD20250819251', 'EXE20250819251', '900004', '1', 57, 26611.00),
('99911122222', '20250819', 'ORD20250819252', 'EXE20250819252', '900004', '2', 57, 27545.00),
('99911122222', '20250821', 'ORD20250821253', 'EXE20250821253', '066570', '1', 68, 73898.00),
('99911122222', '20250821', 'ORD20250821254', 'EXE20250821254', '066570', '2', 68, 75049.00),
('99911122222', '20250814', 'ORD20250814255', 'EXE20250814255', '400080', '1', 78, 68844.00),
('99911122222', '20250815', 'ORD20250815256', 'EXE20250815256', '400080', '2', 78, 69560.00),
('99911122222', '20250812', 'ORD20250812257', 'EXE20250812257', '400017', '1', 45, 65453.00),
('99911122222', '20250813', 'ORD20250813258', 'EXE20250813258', '400017', '2', 45, 65813.00),
('99911122222', '20250803', 'ORD20250803259', 'EXE20250803259', '500074', '1', 13, 50173.00),
('99911122222', '20250804', 'ORD20250804260', 'EXE20250804260', '500074', '2', 13, 49994.00),
('99911122222', '20250821', 'ORD20250821261', 'EXE20250821261', '400018', '1', 10, 26448.00),
('99911122222', '20250821', 'ORD20250821262', 'EXE20250821262', '400018', '2', 10, 26663.00),
('99911122222', '20250815', 'ORD20250815263', 'EXE20250815263', '500091', '1', 86, 27227.00),
('99911122222', '20250815', 'ORD20250815264', 'EXE20250815264', '500091', '2', 86, 27225.00),
('99911122222', '20250809', 'ORD20250809265', 'EXE20250809265', '500015', '1', 41, 30765.00),
('99911122222', '20250810', 'ORD20250810266', 'EXE20250810266', '500015', '2', 41, 30439.00),
('99911122222', '20250821', 'ORD20250821267', 'EXE20250821267', '600001', '1', 72, 14555.00),
('99911122222', '20250821', 'ORD20250821268', 'EXE20250821268', '600001', '2', 72, 14778.00),
('99911122222', '20250806', 'ORD20250806269', 'EXE20250806269', '400065', '1', 88, 28459.00),
('99911122222', '20250806', 'ORD20250806270', 'EXE20250806270', '400065', '2', 88, 29304.00),
('99911122222', '20250826', 'ORD20250826271', 'EXE20250826271', '400091', '1', 5, 26231.00),
('99911122222', '20250827', 'ORD20250827272', 'EXE20250827272', '400091', '2', 5, 27133.00),
('99911122222', '20250829', 'ORD20250829273', 'EXE20250829273', '500013', '1', 83, 49121.00),
('99911122222', '20250830', 'ORD20250830274', 'EXE20250830274', '500013', '2', 83, 49041.00),
('99911122222', '20250823', 'ORD20250823275', 'EXE20250823275', '066570', '1', 47, 71469.00),
('99911122222', '20250824', 'ORD20250824276', 'EXE20250824276', '066570', '2', 47, 71030.00),
('99911122222', '20250827', 'ORD20250827277', 'EXE20250827277', '500051', '1', 53, 11906.00),
('99911122222', '20250828', 'ORD20250828278', 'EXE20250828278', '500051', '2', 53, 11818.00),
('99911122222', '20250810', 'ORD20250810279', 'EXE20250810279', '400063', '1', 79, 65231.00),
('99911122222', '20250810', 'ORD20250810280', 'EXE20250810280', '400063', '2', 79, 65490.00),
('99911122222', '20250824', 'ORD20250824281', 'EXE20250824281', '500007', '1', 13, 29482.00),
('99911122222', '20250824', 'ORD20250824282', 'EXE20250824282', '500007', '2', 13, 29102.00),
('99911122222', '20250814', 'ORD20250814283', 'EXE20250814283', '500091', '1', 96, 34670.00),
('99911122222', '20250814', 'ORD20250814284', 'EXE20250814284', '500091', '2', 96, 35044.00),
('99911122222', '20250803', 'ORD20250803285', 'EXE20250803285', '105560', '1', 58, 34564.00),
('99911122222', '20250803', 'ORD20250803286', 'EXE20250803286', '105560', '2', 58, 34148.00),
('99911122222', '20250815', 'ORD20250815287', 'EXE20250815287', '003920', '1', 68, 74304.00),
('99911122222', '20250816', 'ORD20250816288', 'EXE20250816288', '003920', '2', 68, 74659.00),
('99911122222', '20250804', 'ORD20250804289', 'EXE20250804289', '500035', '1', 61, 4718.00),
('99911122222', '20250805', 'ORD20250805290', 'EXE20250805290', '500035', '2', 61, 5727.00),
('99911122222', '20250819', 'ORD20250819291', 'EXE20250819291', '400060', '1', 52, 34364.00),
('99911122222', '20250819', 'ORD20250819292', 'EXE20250819292', '400060', '2', 52, 34185.00),
('99911122222', '20250811', 'ORD20250811293', 'EXE20250811293', '500075', '1', 38, 77711.00),
('99911122222', '20250811', 'ORD20250811294', 'EXE20250811294', '500075', '2', 38, 77737.00),
('99911122222', '20250809', 'ORD20250809295', 'EXE20250809295', '500080', '1', 22, 28145.00),
('99911122222', '20250809', 'ORD20250809296', 'EXE20250809296', '500080', '2', 22, 29220.00),
('99911122222', '20250828', 'ORD20250828297', 'EXE20250828297', '500092', '1', 69, 48150.00),
('99911122222', '20250828', 'ORD20250828298', 'EXE20250828298', '500092', '2', 69, 48480.00),
('99911122222', '20250807', 'ORD20250807299', 'EXE20250807299', '500054', '1', 39, 26543.00),
('99911122222', '20250808', 'ORD20250808300', 'EXE20250808300', '500054', '2', 39, 27930.00),
('99911122222', '20250823', 'ORD20250823301', 'EXE20250823301', '500020', '1', 72, 38991.00),
('99911122222', '20250823', 'ORD20250823302', 'EXE20250823302', '500020', '2', 72, 39523.00),
('99911122222', '20250818', 'ORD20250818303', 'EXE20250818303', '400021', '1', 5, 68077.00),
('99911122222', '20250818', 'ORD20250818304', 'EXE20250818304', '400021', '2', 5, 68603.00),
('99911122222', '20250802', 'ORD20250802305', 'EXE20250802305', '500028', '1', 34, 37713.00),
('99911122222', '20250803', 'ORD20250803306', 'EXE20250803306', '500028', '2', 34, 37388.00),
('99911122222', '20250817', 'ORD20250817307', 'EXE20250817307', '500098', '1', 99, 39065.00),
('99911122222', '20250817', 'ORD20250817308', 'EXE20250817308', '500098', '2', 99, 38571.00),
('99911122222', '20250819', 'ORD20250819309', 'EXE20250819309', '400000', '1', 40, 69085.00),
('99911122222', '20250819', 'ORD20250819310', 'EXE20250819310', '400000', '2', 40, 69955.00),
('99911122222', '20250820', 'ORD20250820311', 'EXE20250820311', '400071', '1', 29, 24379.00),
('99911122222', '20250820', 'ORD20250820312', 'EXE20250820312', '400071', '2', 29, 24167.00),
('99911122222', '20250809', 'ORD20250809313', 'EXE20250809313', '500048', '1', 12, 72342.00),
('99911122222', '20250810', 'ORD20250810314', 'EXE20250810314', '500048', '2', 12, 73039.00),
('99911122222', '20250817', 'ORD20250817315', 'EXE20250817315', '500089', '1', 61, 31918.00),
('99911122222', '20250817', 'ORD20250817316', 'EXE20250817316', '500089', '2', 61, 32742.00),
('99911122222', '20250807', 'ORD20250807317', 'EXE20250807317', '400047', '1', 73, 28752.00),
('99911122222', '20250807', 'ORD20250807318', 'EXE20250807318', '400047', '2', 73, 29648.00),
('99911122222', '20250805', 'ORD20250805319', 'EXE20250805319', '400099', '1', 81, 79277.00),
('99911122222', '20250806', 'ORD20250806320', 'EXE20250806320', '400099', '2', 81, 78995.00),
('99911122222', '20250813', 'ORD20250813321', 'EXE20250813321', '400091', '1', 10, 74656.00),
('99911122222', '20250813', 'ORD20250813322', 'EXE20250813322', '400091', '2', 10, 75906.00),
('99911122222', '20250824', 'ORD20250824323', 'EXE20250824323', '400002', '1', 70, 37186.00),
('99911122222', '20250824', 'ORD20250824324', 'EXE20250824324', '400002', '2', 70, 36753.00),
('99911122222', '20250810', 'ORD20250810325', 'EXE20250810325', '035720', '1', 38, 22365.00),
('99911122222', '20250811', 'ORD20250811326', 'EXE20250811326', '035720', '2', 38, 22117.00),
('99911122222', '20250815', 'ORD20250815327', 'EXE20250815327', '300004', '1', 32, 50962.00),
('99911122222', '20250815', 'ORD20250815328', 'EXE20250815328', '300004', '2', 32, 51342.00),
('99911122222', '20250810', 'ORD20250810329', 'EXE20250810329', '400054', '1', 13, 63804.00),
('99911122222', '20250811', 'ORD20250811330', 'EXE20250811330', '400054', '2', 13, 64309.00),
('99911122222', '20250830', 'ORD20250830331', 'EXE20250830331', '100001', '1', 71, 42008.00),
('99911122222', '20250830', 'ORD20250830332', 'EXE20250830332', '100001', '2', 71, 41571.00),
('99911122222', '20250829', 'ORD20250829333', 'EXE20250829333', '500013', '1', 99, 10145.00),
('99911122222', '20250829', 'ORD20250829334', 'EXE20250829334', '500013', '2', 99, 10350.00),
('99911122222', '20250802', 'ORD20250802335', 'EXE20250802335', '400095', '1', 90, 31657.00),
('99911122222', '20250802', 'ORD20250802336', 'EXE20250802336', '400095', '2', 90, 33055.00),
('99911122222', '20250828', 'ORD20250828337', 'EXE20250828337', '400055', '1', 81, 58092.00),
('99911122222', '20250829', 'ORD20250829338', 'EXE20250829338', '400055', '2', 81, 58142.00),
('99911122222', '20250802', 'ORD20250802339', 'EXE20250802339', '105560', '1', 79, 67937.00),
('99911122222', '20250802', 'ORD20250802340', 'EXE20250802340', '105560', '2', 79, 68737.00),
('99911122222', '20250822', 'ORD20250822341', 'EXE20250822341', '500097', '1', 52, 55615.00),
('99911122222', '20250822', 'ORD20250822342', 'EXE20250822342', '500097', '2', 52, 56117.00),
('99911122222', '20250802', 'ORD20250802343', 'EXE20250802343', '400050', '1', 51, 67495.00),
('99911122222', '20250803', 'ORD20250803344', 'EXE20250803344', '400050', '2', 51, 67111.00),
('99911122222', '20250810', 'ORD20250810345', 'EXE20250810345', '500027', '1', 41, 29213.00),
('99911122222', '20250810', 'ORD20250810346', 'EXE20250810346', '500027', '2', 41, 30396.00),
('99911122222', '20250830', 'ORD20250830347', 'EXE20250830347', '500069', '1', 81, 40923.00),
('99911122222', '20250830', 'ORD20250830348', 'EXE20250830348', '500069', '2', 81, 41552.00),
('99911122222', '20250822', 'ORD20250822349', 'EXE20250822349', '400052', '1', 62, 42138.00),
('99911122222', '20250822', 'ORD20250822350', 'EXE20250822350', '400052', '2', 62, 42694.00),
('99911122222', '20250823', 'ORD20250823351', 'EXE20250823351', '400017', '1', 10, 40716.00),
('99911122222', '20250824', 'ORD20250824352', 'EXE20250824352', '400017', '2', 10, 40669.00),
('99911122222', '20250806', 'ORD20250806353', 'EXE20250806353', '500019', '1', 59, 66808.00),
('99911122222', '20250806', 'ORD20250806354', 'EXE20250806354', '500019', '2', 59, 66537.00),
('99911122222', '20250812', 'ORD20250812355', 'EXE20250812355', '400063', '1', 5, 66082.00),
('99911122222', '20250812', 'ORD20250812356', 'EXE20250812356', '400063', '2', 5, 66345.00),
('99911122222', '20250830', 'ORD20250830357', 'EXE20250830357', '400021', '1', 19, 56240.00),
('99911122222', '20250830', 'ORD20250830358', 'EXE20250830358', '400021', '2', 19, 56617.00),
('99911122222', '20250820', 'ORD20250820359', 'EXE20250820359', '500008', '1', 13, 23880.00),
('99911122222', '20250820', 'ORD20250820360', 'EXE20250820360', '500008', '2', 13, 23945.00),
('99911122222', '20250820', 'ORD20250820361', 'EXE20250820361', '055550', '1', 26, 68500.00),
('99911122222', '20250820', 'ORD20250820362', 'EXE20250820362', '055550', '2', 26, 69087.00),
('99911122222', '20250817', 'ORD20250817363', 'EXE20250817363', '400029', '1', 16, 53385.00),
('99911122222', '20250817', 'ORD20250817364', 'EXE20250817364', '400029', '2', 16, 54878.00),
('99911122222', '20250804', 'ORD20250804365', 'EXE20250804365', '100004', '1', 83, 74375.00),
('99911122222', '20250805', 'ORD20250805366', 'EXE20250805366', '100004', '2', 83, 75139.00),
('99911122222', '20250801', 'ORD20250801367', 'EXE20250801367', '100001', '1', 95, 53453.00),
('99911122222', '20250801', 'ORD20250801368', 'EXE20250801368', '100001', '2', 95, 53664.00),
('99911122222', '20250820', 'ORD20250820369', 'EXE20250820369', '500056', '1', 43, 15862.00),
('99911122222', '20250820', 'ORD20250820370', 'EXE20250820370', '500056', '2', 43, 16032.00),
('99911122222', '20250820', 'ORD20250820371', 'EXE20250820371', '500070', '1', 44, 61397.00),
('99911122222', '20250820', 'ORD20250820372', 'EXE20250820372', '500070', '2', 44, 62520.00),
('99911122222', '20250830', 'ORD20250830373', 'EXE20250830373', '500001', '1', 100, 24774.00),
('99911122222', '20250830', 'ORD20250830374', 'EXE20250830374', '500001', '2', 100, 24276.00),
('99911122222', '20250816', 'ORD20250816375', 'EXE20250816375', '400061', '1', 85, 13662.00),
('99911122222', '20250816', 'ORD20250816376', 'EXE20250816376', '400061', '2', 85, 14759.00),
('99911122222', '20250830', 'ORD20250830377', 'EXE20250830377', '100003', '1', 20, 75380.00),
('99911122222', '20250830', 'ORD20250830378', 'EXE20250830378', '100003', '2', 20, 75256.00),
('99911122222', '20250830', 'ORD20250830379', 'EXE20250830379', '500079', '1', 92, 45947.00),
('99911122222', '20250831', 'ORD20250831380', 'EXE20250831380', '500079', '2', 92, 46261.00),
('99911122222', '20250825', 'ORD20250825381', 'EXE20250825381', '400059', '1', 32, 33132.00),
('99911122222', '20250825', 'ORD20250825382', 'EXE20250825382', '400059', '2', 32, 33261.00),
('99911122222', '20250822', 'ORD20250822383', 'EXE20250822383', '051910', '1', 56, 48374.00),
('99911122222', '20250822', 'ORD20250822384', 'EXE20250822384', '051910', '2', 56, 48718.00),
('99911122222', '20250830', 'ORD20250830385', 'EXE20250830385', '247540', '1', 76, 54872.00),
('99911122222', '20250830', 'ORD20250830386', 'EXE20250830386', '247540', '2', 76, 56192.00),
('99911122222', '20250801', 'ORD20250801387', 'EXE20250801387', '700003', '1', 30, 58816.00),
('99911122222', '20250802', 'ORD20250802388', 'EXE20250802388', '700003', '2', 30, 59878.00),
('99911122222', '20250814', 'ORD20250814389', 'EXE20250814389', '500082', '1', 28, 16606.00),
('99911122222', '20250814', 'ORD20250814390', 'EXE20250814390', '500082', '2', 28, 16126.00),
('99911122222', '20250826', 'ORD20250826391', 'EXE20250826391', '400063', '1', 30, 60720.00),
('99911122222', '20250826', 'ORD20250826392', 'EXE20250826392', '400063', '2', 30, 61664.00),
('99911122222', '20250807', 'ORD20250807393', 'EXE20250807393', '400033', '1', 22, 22802.00),
('99911122222', '20250807', 'ORD20250807394', 'EXE20250807394', '400033', '2', 22, 22898.00),
('99911122222', '20250812', 'ORD20250812395', 'EXE20250812395', '105560', '1', 52, 45308.00),
('99911122222', '20250812', 'ORD20250812396', 'EXE20250812396', '105560', '2', 52, 45480.00),
('99911122222', '20250821', 'ORD20250821397', 'EXE20250821397', '400085', '1', 64, 62087.00),
('99911122222', '20250821', 'ORD20250821398', 'EXE20250821398', '400085', '2', 64, 61911.00),
('99911122222', '20250826', 'ORD20250826399', 'EXE20250826399', '500098', '1', 70, 10256.00),
('99911122222', '20250826', 'ORD20250826400', 'EXE20250826400', '500098', '2', 70, 11233.00),
('99911122222', '20250816', 'ORD20250816401', 'EXE20250816401', '900002', '1', 60, 9233.00),
('99911122222', '20250817', 'ORD20250817402', 'EXE20250817402', '900002', '2', 60, 10043.00),
('99911122222', '20250823', 'ORD20250823403', 'EXE20250823403', '400015', '1', 84, 71431.00),
('99911122222', '20250823', 'ORD20250823404', 'EXE20250823404', '400015', '2', 84, 72087.00),
('99911122222', '20250802', 'ORD20250802405', 'EXE20250802405', '400062', '1', 22, 8906.00),
('99911122222', '20250802', 'ORD20250802406', 'EXE20250802406', '400062', '2', 22, 8922.00),
('99911122222', '20250819', 'ORD20250819407', 'EXE20250819407', '400066', '1', 18, 57551.00),
('99911122222', '20250819', 'ORD20250819408', 'EXE20250819408', '400066', '2', 18, 57301.00),
('99911122222', '20250828', 'ORD20250828409', 'EXE20250828409', '400009', '1', 90, 51643.00),
('99911122222', '20250829', 'ORD20250829410', 'EXE20250829410', '400009', '2', 90, 51191.00),
('99911122222', '20250826', 'ORD20250826411', 'EXE20250826411', '500092', '1', 76, 16814.00),
('99911122222', '20250827', 'ORD20250827412', 'EXE20250827412', '500092', '2', 76, 16695.00),
('99911122222', '20250812', 'ORD20250812413', 'EXE20250812413', '400089', '1', 96, 62376.00),
('99911122222', '20250813', 'ORD20250813414', 'EXE20250813414', '400089', '2', 96, 62319.00),
('99911122222', '20250804', 'ORD20250804415', 'EXE20250804415', '400088', '1', 56, 49842.00),
('99911122222', '20250804', 'ORD20250804416', 'EXE20250804416', '400088', '2', 56, 49792.00),
('99911122222', '20250809', 'ORD20250809417', 'EXE20250809417', '500012', '1', 100, 40831.00),
('99911122222', '20250810', 'ORD20250810418', 'EXE20250810418', '500012', '2', 100, 42167.00),
('99911122222', '20250820', 'ORD20250820419', 'EXE20250820419', '800003', '1', 15, 4390.00),
('99911122222', '20250820', 'ORD20250820420', 'EXE20250820420', '800003', '2', 15, 4796.00),
('99911122222', '20250821', 'ORD20250821421', 'EXE20250821421', '500022', '1', 28, 26404.00),
('99911122222', '20250821', 'ORD20250821422', 'EXE20250821422', '500022', '2', 28, 26190.00),
('99911122222', '20250825', 'ORD20250825423', 'EXE20250825423', '500095', '1', 90, 39888.00),
('99911122222', '20250825', 'ORD20250825424', 'EXE20250825424', '500095', '2', 90, 40931.00),
('99911122222', '20250807', 'ORD20250807425', 'EXE20250807425', '400062', '1', 32, 37883.00),
('99911122222', '20250807', 'ORD20250807426', 'EXE20250807426', '400062', '2', 32, 37668.00),
('99911122222', '20250819', 'ORD20250819427', 'EXE20250819427', '002700', '1', 31, 63393.00),
('99911122222', '20250819', 'ORD20250819428', 'EXE20250819428', '002700', '2', 31, 63059.00),
('99911122222', '20250805', 'ORD20250805429', 'EXE20250805429', '400013', '1', 39, 43349.00),
('99911122222', '20250805', 'ORD20250805430', 'EXE20250805430', '400013', '2', 39, 44165.00),
('99911122222', '20250828', 'ORD20250828431', 'EXE20250828431', '500023', '1', 85, 25629.00),
('99911122222', '20250828', 'ORD20250828432', 'EXE20250828432', '500023', '2', 85, 26089.00),
('99911122222', '20250803', 'ORD20250803433', 'EXE20250803433', '500086', '1', 25, 22499.00),
('99911122222', '20250803', 'ORD20250803434', 'EXE20250803434', '500086', '2', 25, 22505.00),
('99911122222', '20250801', 'ORD20250801435', 'EXE20250801435', '400080', '1', 59, 60678.00),
('99911122222', '20250801', 'ORD20250801436', 'EXE20250801436', '400080', '2', 59, 60495.00),
('99911122222', '20250801', 'ORD20250801437', 'EXE20250801437', '500004', '1', 70, 61192.00),
('99911122222', '20250802', 'ORD20250802438', 'EXE20250802438', '500004', '2', 70, 61644.00),
('99911122222', '20250814', 'ORD20250814439', 'EXE20250814439', '400035', '1', 22, 12511.00),
('99911122222', '20250814', 'ORD20250814440', 'EXE20250814440', '400035', '2', 22, 13885.00),
('99911122222', '20250818', 'ORD20250818441', 'EXE20250818441', '400008', '1', 52, 18240.00),
('99911122222', '20250818', 'ORD20250818442', 'EXE20250818442', '400008', '2', 52, 18830.00),
('99911122222', '20250819', 'ORD20250819443', 'EXE20250819443', '400086', '1', 47, 66673.00),
('99911122222', '20250819', 'ORD20250819444', 'EXE20250819444', '400086', '2', 47, 66236.00),
('99911122222', '20250818', 'ORD20250818445', 'EXE20250818445', '500062', '1', 84, 22774.00),
('99911122222', '20250819', 'ORD20250819446', 'EXE20250819446', '500062', '2', 84, 23328.00),
('99911122222', '20250821', 'ORD20250821447', 'EXE20250821447', '400040', '1', 70, 33356.00),
('99911122222', '20250821', 'ORD20250821448', 'EXE20250821448', '400040', '2', 70, 33942.00),
('99911122222', '20250824', 'ORD20250824449', 'EXE20250824449', '400045', '1', 52, 37177.00),
('99911122222', '20250824', 'ORD20250824450', 'EXE20250824450', '400045', '2', 52, 36867.00),
('99911122222', '20250828', 'ORD20250828451', 'EXE20250828451', '400064', '1', 63, 71848.00),
('99911122222', '20250829', 'ORD20250829452', 'EXE20250829452', '400064', '2', 63, 72994.00),
('99911122222', '20250826', 'ORD20250826453', 'EXE20250826453', '400092', '1', 19, 8598.00),
('99911122222', '20250826', 'ORD20250826454', 'EXE20250826454', '400092', '2', 19, 9997.00),
('99911122222', '20250814', 'ORD20250814455', 'EXE20250814455', '100004', '1', 37, 68407.00),
('99911122222', '20250814', 'ORD20250814456', 'EXE20250814456', '100004', '2', 37, 69581.00),
('99911122222', '20250829', 'ORD20250829457', 'EXE20250829457', '400086', '1', 46, 42095.00),
('99911122222', '20250829', 'ORD20250829458', 'EXE20250829458', '400086', '2', 46, 43530.00),
('99911122222', '20250828', 'ORD20250828459', 'EXE20250828459', '800003', '1', 100, 79084.00),
('99911122222', '20250828', 'ORD20250828460', 'EXE20250828460', '800003', '2', 100, 79052.00),
('99911122222', '20250827', 'ORD20250827461', 'EXE20250827461', '900002', '1', 98, 57770.00),
('99911122222', '20250828', 'ORD20250828462', 'EXE20250828462', '900002', '2', 98, 58256.00),
('99911122222', '20250808', 'ORD20250808463', 'EXE20250808463', '400028', '1', 22, 46190.00),
('99911122222', '20250808', 'ORD20250808464', 'EXE20250808464', '400028', '2', 22, 46491.00),
('99911122222', '20250815', 'ORD20250815465', 'EXE20250815465', '500093', '1', 67, 62115.00),
('99911122222', '20250815', 'ORD20250815466', 'EXE20250815466', '500093', '2', 67, 62022.00),
('99911122222', '20250804', 'ORD20250804467', 'EXE20250804467', '400026', '1', 5, 37081.00),
('99911122222', '20250804', 'ORD20250804468', 'EXE20250804468', '400026', '2', 5, 37084.00),
('99911122222', '20250820', 'ORD20250820469', 'EXE20250820469', '400094', '1', 44, 36684.00),
('99911122222', '20250821', 'ORD20250821470', 'EXE20250821470', '400094', '2', 44, 37534.00),
('99911122222', '20250802', 'ORD20250802471', 'EXE20250802471', '400051', '1', 13, 13346.00),
('99911122222', '20250802', 'ORD20250802472', 'EXE20250802472', '400051', '2', 13, 14068.00),
('99911122222', '20250826', 'ORD20250826473', 'EXE20250826473', '086790', '1', 51, 62438.00),
('99911122222', '20250826', 'ORD20250826474', 'EXE20250826474', '086790', '2', 51, 62856.00),
('99911122222', '20250825', 'ORD20250825475', 'EXE20250825475', '500046', '1', 17, 33583.00),
('99911122222', '20250825', 'ORD20250825476', 'EXE20250825476', '500046', '2', 17, 33719.00),
('99911122222', '20250809', 'ORD20250809477', 'EXE20250809477', '500079', '1', 25, 19889.00),
('99911122222', '20250809', 'ORD20250809478', 'EXE20250809478', '500079', '2', 25, 20344.00),
('99911122222', '20250802', 'ORD20250802479', 'EXE20250802479', '323410', '1', 48, 48143.00),
('99911122222', '20250802', 'ORD20250802480', 'EXE20250802480', '323410', '2', 48, 47702.00),
('99911122222', '20250810', 'ORD20250810481', 'EXE20250810481', '500030', '1', 52, 7950.00),
('99911122222', '20250810', 'ORD20250810482', 'EXE20250810482', '500030', '2', 52, 8258.00),
('99911122222', '20250812', 'ORD20250812483', 'EXE20250812483', '400084', '1', 35, 60229.00),
('99911122222', '20250812', 'ORD20250812484', 'EXE20250812484', '400084', '2', 35, 59753.00),
('99911122222', '20250801', 'ORD20250801485', 'EXE20250801485', '500044', '1', 28, 68849.00),
('99911122222', '20250801', 'ORD20250801486', 'EXE20250801486', '500044', '2', 28, 68448.00),
('99911122222', '20250814', 'ORD20250814487', 'EXE20250814487', '900001', '1', 89, 68564.00),
('99911122222', '20250814', 'ORD20250814488', 'EXE20250814488', '900001', '2', 89, 69816.00),
('99911122222', '20250811', 'ORD20250811489', 'EXE20250811489', '500039', '1', 64, 31173.00),
('99911122222', '20250811', 'ORD20250811490', 'EXE20250811490', '500039', '2', 64, 32145.00),
('99911122222', '20250815', 'ORD20250815491', 'EXE20250815491', '400086', '1', 61, 11364.00),
('99911122222', '20250816', 'ORD20250816492', 'EXE20250816492', '400086', '2', 61, 11895.00),
('99911122222', '20250809', 'ORD20250809493', 'EXE20250809493', '500030', '1', 17, 65597.00),
('99911122222', '20250810', 'ORD20250810494', 'EXE20250810494', '500030', '2', 17, 65875.00),
('99911122222', '20250819', 'ORD20250819495', 'EXE20250819495', '400056', '1', 97, 44404.00),
('99911122222', '20250819', 'ORD20250819496', 'EXE20250819496', '400056', '2', 97, 45018.00),
('99911122222', '20250816', 'ORD20250816497', 'EXE20250816497', '500069', '1', 82, 16502.00),
('99911122222', '20250817', 'ORD20250817498', 'EXE20250817498', '500069', '2', 82, 17140.00),
('99911122222', '20250825', 'ORD20250825499', 'EXE20250825499', '500006', '1', 80, 58126.00),
('99911122222', '20250826', 'ORD20250826500', 'EXE20250826500', '500006', '2', 80, 58576.00),
('99911122222', '20250817', 'ORD20250817501', 'EXE20250817501', '400038', '1', 41, 74045.00),
('99911122222', '20250818', 'ORD20250818502', 'EXE20250818502', '400038', '2', 41, 73591.00),
('99911122222', '20250817', 'ORD20250817503', 'EXE20250817503', '247540', '1', 59, 42688.00),
('99911122222', '20250817', 'ORD20250817504', 'EXE20250817504', '247540', '2', 59, 43016.00),
('99911122222', '20250815', 'ORD20250815505', 'EXE20250815505', '400066', '1', 27, 26518.00),
('99911122222', '20250815', 'ORD20250815506', 'EXE20250815506', '400066', '2', 27, 27857.00),
('99911122222', '20250804', 'ORD20250804507', 'EXE20250804507', '400017', '1', 82, 5031.00),
('99911122222', '20250804', 'ORD20250804508', 'EXE20250804508', '400017', '2', 82, 6110.00),
('99911122222', '20250809', 'ORD20250809509', 'EXE20250809509', '400055', '1', 44, 63691.00),
('99911122222', '20250810', 'ORD20250810510', 'EXE20250810510', '400055', '2', 44, 64605.00),
('99911122222', '20250810', 'ORD20250810511', 'EXE20250810511', '400082', '1', 33, 38348.00),
('99911122222', '20250810', 'ORD20250810512', 'EXE20250810512', '400082', '2', 33, 39415.00),
('99911122222', '20250816', 'ORD20250816513', 'EXE20250816513', '500010', '1', 25, 63512.00),
('99911122222', '20250816', 'ORD20250816514', 'EXE20250816514', '500010', '2', 25, 64505.00),
('99911122222', '20250808', 'ORD20250808515', 'EXE20250808515', '035420', '1', 24, 57543.00),
('99911122222', '20250809', 'ORD20250809516', 'EXE20250809516', '035420', '2', 24, 57485.00),
('99911122222', '20250808', 'ORD20250808517', 'EXE20250808517', '500014', '1', 78, 6206.00),
('99911122222', '20250808', 'ORD20250808518', 'EXE20250808518', '500014', '2', 78, 5881.00),
('99911122222', '20250810', 'ORD20250810519', 'EXE20250810519', '400015', '1', 11, 18311.00),
('99911122222', '20250811', 'ORD20250811520', 'EXE20250811520', '400015', '2', 11, 18696.00),
('99911122222', '20250825', 'ORD20250825521', 'EXE20250825521', '400077', '1', 52, 34714.00),
('99911122222', '20250825', 'ORD20250825522', 'EXE20250825522', '400077', '2', 52, 35139.00),
('99911122222', '20250810', 'ORD20250810523', 'EXE20250810523', '500029', '1', 71, 36290.00),
('99911122222', '20250811', 'ORD20250811524', 'EXE20250811524', '500029', '2', 71, 36260.00),
('99911122222', '20250804', 'ORD20250804525', 'EXE20250804525', '100005', '1', 30, 24460.00),
('99911122222', '20250804', 'ORD20250804526', 'EXE20250804526', '100005', '2', 30, 25819.00),
('99911122222', '20250817', 'ORD20250817527', 'EXE20250817527', '500050', '1', 32, 74568.00),
('99911122222', '20250817', 'ORD20250817528', 'EXE20250817528', '500050', '2', 32, 74268.00),
('99911122222', '20250804', 'ORD20250804529', 'EXE20250804529', '400057', '1', 6, 50983.00),
('99911122222', '20250804', 'ORD20250804530', 'EXE20250804530', '400057', '2', 6, 51114.00),
('99911122222', '20250829', 'ORD20250829531', 'EXE20250829531', '400065', '1', 94, 37800.00),
('99911122222', '20250830', 'ORD20250830532', 'EXE20250830532', '400065', '2', 94, 38537.00),
('99911122222', '20250802', 'ORD20250802533', 'EXE20250802533', '400036', '1', 14, 75203.00),
('99911122222', '20250802', 'ORD20250802534', 'EXE20250802534', '400036', '2', 14, 76688.00),
('99911122222', '20250829', 'ORD20250829535', 'EXE20250829535', '800004', '1', 43, 43573.00),
('99911122222', '20250829', 'ORD20250829536', 'EXE20250829536', '800004', '2', 43, 44632.00),
('99911122222', '20250821', 'ORD20250821537', 'EXE20250821537', '400059', '1', 90, 25987.00),
('99911122222', '20250821', 'ORD20250821538', 'EXE20250821538', '400059', '2', 90, 26170.00),
('99911122222', '20250810', 'ORD20250810539', 'EXE20250810539', '500073', '1', 68, 79209.00),
('99911122222', '20250810', 'ORD20250810540', 'EXE20250810540', '500073', '2', 68, 79139.00),
('99911122222', '20250806', 'ORD20250806541', 'EXE20250806541', '900005', '1', 6, 70815.00),
('99911122222', '20250807', 'ORD20250807542', 'EXE20250807542', '900005', '2', 6, 71025.00),
('99911122222', '20250802', 'ORD20250802543', 'EXE20250802543', '500088', '1', 95, 20516.00),
('99911122222', '20250802', 'ORD20250802544', 'EXE20250802544', '500088', '2', 95, 21028.00),
('99911122222', '20250818', 'ORD20250818545', 'EXE20250818545', '500037', '1', 87, 45922.00),
('99911122222', '20250818', 'ORD20250818546', 'EXE20250818546', '500037', '2', 87, 46047.00),
('99911122222', '20250830', 'ORD20250830547', 'EXE20250830547', '400087', '1', 51, 79706.00),
('99911122222', '20250830', 'ORD20250830548', 'EXE20250830548', '400087', '2', 51, 79253.00),
('99911122222', '20250816', 'ORD20250816549', 'EXE20250816549', '500005', '1', 22, 49128.00),
('99911122222', '20250816', 'ORD20250816550', 'EXE20250816550', '500005', '2', 22, 49520.00),
('99911122222', '20250820', 'ORD20250820551', 'EXE20250820551', '500029', '1', 50, 43503.00),
('99911122222', '20250821', 'ORD20250821552', 'EXE20250821552', '500029', '2', 50, 43596.00),
('99911122222', '20250817', 'ORD20250817553', 'EXE20250817553', '500097', '1', 41, 4486.00),
('99911122222', '20250817', 'ORD20250817554', 'EXE20250817554', '500097', '2', 41, 5570.00),
('99911122222', '20250828', 'ORD20250828555', 'EXE20250828555', '500054', '1', 97, 24167.00),
('99911122222', '20250828', 'ORD20250828556', 'EXE20250828556', '500054', '2', 97, 24782.00),
('99911122222', '20250823', 'ORD20250823557', 'EXE20250823557', '400042', '1', 5, 42577.00),
('99911122222', '20250824', 'ORD20250824558', 'EXE20250824558', '400042', '2', 5, 42576.00),
('99911122222', '20250812', 'ORD20250812559', 'EXE20250812559', '400023', '1', 32, 55184.00),
('99911122222', '20250812', 'ORD20250812560', 'EXE20250812560', '400023', '2', 32, 55431.00),
('99911122222', '20250816', 'ORD20250816561', 'EXE20250816561', '500095', '1', 46, 6648.00),
('99911122222', '20250816', 'ORD20250816562', 'EXE20250816562', '500095', '2', 46, 8117.00),
('99911122222', '20250821', 'ORD20250821563', 'EXE20250821563', '700003', '1', 39, 16811.00),
('99911122222', '20250821', 'ORD20250821564', 'EXE20250821564', '700003', '2', 39, 17163.00),
('99911122222', '20250813', 'ORD20250813565', 'EXE20250813565', '700004', '1', 93, 65056.00),
('99911122222', '20250813', 'ORD20250813566', 'EXE20250813566', '700004', '2', 93, 64662.00),
('99911122222', '20250812', 'ORD20250812567', 'EXE20250812567', '400087', '1', 25, 25036.00),
('99911122222', '20250812', 'ORD20250812568', 'EXE20250812568', '400087', '2', 25, 25454.00),
('99911122222', '20250805', 'ORD20250805569', 'EXE20250805569', '068270', '1', 85, 44328.00),
('99911122222', '20250805', 'ORD20250805570', 'EXE20250805570', '068270', '2', 85, 43985.00),
('99911122222', '20250823', 'ORD20250823571', 'EXE20250823571', '035420', '1', 61, 58344.00),
('99911122222', '20250823', 'ORD20250823572', 'EXE20250823572', '035420', '2', 61, 59559.00),
('99911122222', '20250801', 'ORD20250801573', 'EXE20250801573', '500083', '1', 89, 78310.00),
('99911122222', '20250802', 'ORD20250802574', 'EXE20250802574', '500083', '2', 89, 79443.00),
('99911122222', '20250827', 'ORD20250827575', 'EXE20250827575', '400038', '1', 86, 49154.00),
('99911122222', '20250827', 'ORD20250827576', 'EXE20250827576', '400038', '2', 86, 49931.00),
('99911122222', '20250806', 'ORD20250806577', 'EXE20250806577', '400053', '1', 99, 67856.00),
('99911122222', '20250807', 'ORD20250807578', 'EXE20250807578', '400053', '2', 99, 68609.00),
('99911122222', '20250814', 'ORD20250814579', 'EXE20250814579', '500052', '1', 98, 17076.00),
('99911122222', '20250814', 'ORD20250814580', 'EXE20250814580', '500052', '2', 98, 17315.00),
('99911122222', '20250815', 'ORD20250815581', 'EXE20250815581', '500001', '1', 12, 75535.00),
('99911122222', '20250816', 'ORD20250816582', 'EXE20250816582', '500001', '2', 12, 75654.00),
('99911122222', '20250807', 'ORD20250807583', 'EXE20250807583', '500095', '1', 22, 37602.00),
('99911122222', '20250808', 'ORD20250808584', 'EXE20250808584', '500095', '2', 22, 38302.00),
('99911122222', '20250809', 'ORD20250809585', 'EXE20250809585', '207940', '1', 58, 20763.00),
('99911122222', '20250809', 'ORD20250809586', 'EXE20250809586', '207940', '2', 58, 20545.00),
('99911122222', '20250818', 'ORD20250818587', 'EXE20250818587', '500045', '1', 88, 29803.00),
('99911122222', '20250818', 'ORD20250818588', 'EXE20250818588', '500045', '2', 88, 31098.00),
('99911122222', '20250813', 'ORD20250813589', 'EXE20250813589', '400042', '1', 75, 64416.00),
('99911122222', '20250813', 'ORD20250813590', 'EXE20250813590', '400042', '2', 75, 64209.00),
('99911122222', '20250821', 'ORD20250821591', 'EXE20250821591', '500003', '1', 16, 17988.00),
('99911122222', '20250821', 'ORD20250821592', 'EXE20250821592', '500003', '2', 16, 18341.00),
('99911122222', '20250828', 'ORD20250828593', 'EXE20250828593', '400043', '1', 42, 78231.00),
('99911122222', '20250828', 'ORD20250828594', 'EXE20250828594', '400043', '2', 42, 78527.00),
('99911122222', '20250806', 'ORD20250806595', 'EXE20250806595', '002790', '1', 97, 17324.00),
('99911122222', '20250806', 'ORD20250806596', 'EXE20250806596', '002790', '2', 97, 17589.00),
('99911122222', '20250805', 'ORD20250805597', 'EXE20250805597', '400059', '1', 69, 23517.00),
('99911122222', '20250805', 'ORD20250805598', 'EXE20250805598', '400059', '2', 69, 23084.00),
('99911122222', '20250821', 'ORD20250821599', 'EXE20250821599', '400069', '1', 5, 17194.00),
('99911122222', '20250821', 'ORD20250821600', 'EXE20250821600', '400069', '2', 5, 17072.00),
('99911122222', '20250824', 'ORD20250824601', 'EXE20250824601', '400001', '1', 32, 25620.00),
('99911122222', '20250824', 'ORD20250824602', 'EXE20250824602', '400001', '2', 32, 26657.00),
('99911122222', '20250804', 'ORD20250804603', 'EXE20250804603', '500036', '1', 29, 16306.00),
('99911122222', '20250804', 'ORD20250804604', 'EXE20250804604', '500036', '2', 29, 16805.00),
('99911122222', '20250825', 'ORD20250825605', 'EXE20250825605', '500010', '1', 14, 17910.00),
('99911122222', '20250825', 'ORD20250825606', 'EXE20250825606', '500010', '2', 14, 18597.00),
('99911122222', '20250812', 'ORD20250812607', 'EXE20250812607', '500021', '1', 55, 33810.00),
('99911122222', '20250812', 'ORD20250812608', 'EXE20250812608', '500021', '2', 55, 33806.00),
('99911122222', '20250812', 'ORD20250812609', 'EXE20250812609', '400086', '1', 16, 67997.00),
('99911122222', '20250813', 'ORD20250813610', 'EXE20250813610', '400086', '2', 16, 67682.00),
('99911122222', '20250825', 'ORD20250825611', 'EXE20250825611', '500075', '1', 63, 51846.00),
('99911122222', '20250825', 'ORD20250825612', 'EXE20250825612', '500075', '2', 63, 51917.00),
('99911122222', '20250819', 'ORD20250819613', 'EXE20250819613', '500003', '1', 40, 31200.00),
('99911122222', '20250819', 'ORD20250819614', 'EXE20250819614', '500003', '2', 40, 32014.00),
('99911122222', '20250814', 'ORD20250814615', 'EXE20250814615', '500004', '1', 96, 59652.00),
('99911122222', '20250815', 'ORD20250815616', 'EXE20250815616', '500004', '2', 96, 60155.00),
('99911122222', '20250819', 'ORD20250819617', 'EXE20250819617', '017670', '1', 100, 38958.00),
('99911122222', '20250820', 'ORD20250820618', 'EXE20250820618', '017670', '2', 100, 40374.00),
('99911122222', '20250827', 'ORD20250827619', 'EXE20250827619', '200003', '1', 35, 4044.00),
('99911122222', '20250827', 'ORD20250827620', 'EXE20250827620', '200003', '2', 35, 4403.00),
('99911122222', '20250825', 'ORD20250825621', 'EXE20250825621', '500002', '1', 97, 79987.00),
('99911122222', '20250825', 'ORD20250825622', 'EXE20250825622', '500002', '2', 97, 81127.00),
('99911122222', '20250809', 'ORD20250809623', 'EXE20250809623', '400015', '1', 40, 61170.00),
('99911122222', '20250810', 'ORD20250810624', 'EXE20250810624', '400015', '2', 40, 61952.00),
('99911122222', '20250803', 'ORD20250803625', 'EXE20250803625', '003920', '1', 69, 71198.00),
('99911122222', '20250804', 'ORD20250804626', 'EXE20250804626', '003920', '2', 69, 71651.00),
('99911122222', '20250807', 'ORD20250807627', 'EXE20250807627', '400060', '1', 72, 50722.00),
('99911122222', '20250807', 'ORD20250807628', 'EXE20250807628', '400060', '2', 72, 50577.00),
('99911122222', '20250802', 'ORD20250802629', 'EXE20250802629', '500089', '1', 87, 42359.00),
('99911122222', '20250803', 'ORD20250803630', 'EXE20250803630', '500089', '2', 87, 43680.00),
('99911122222', '20250803', 'ORD20250803631', 'EXE20250803631', '400018', '1', 60, 60518.00),
('99911122222', '20250803', 'ORD20250803632', 'EXE20250803632', '400018', '2', 60, 60668.00),
('99911122222', '20250830', 'ORD20250830633', 'EXE20250830633', '400047', '1', 63, 34365.00),
('99911122222', '20250830', 'ORD20250830634', 'EXE20250830634', '400047', '2', 63, 34043.00),
('99911122222', '20250805', 'ORD20250805635', 'EXE20250805635', '400045', '1', 86, 68511.00),
('99911122222', '20250806', 'ORD20250806636', 'EXE20250806636', '400045', '2', 86, 68150.00),
('99911122222', '20250818', 'ORD20250818637', 'EXE20250818637', '500080', '1', 31, 23308.00),
('99911122222', '20250818', 'ORD20250818638', 'EXE20250818638', '500080', '2', 31, 23384.00),
('99911122222', '20250805', 'ORD20250805639', 'EXE20250805639', '500082', '1', 82, 52305.00),
('99911122222', '20250805', 'ORD20250805640', 'EXE20250805640', '500082', '2', 82, 53062.00),
('99911122222', '20250811', 'ORD20250811641', 'EXE20250811641', '400022', '1', 55, 55056.00),
('99911122222', '20250811', 'ORD20250811642', 'EXE20250811642', '400022', '2', 55, 54625.00),
('99911122222', '20250818', 'ORD20250818643', 'EXE20250818643', '500071', '1', 34, 46487.00),
('99911122222', '20250818', 'ORD20250818644', 'EXE20250818644', '500071', '2', 34, 47613.00),
('99911122222', '20250807', 'ORD20250807645', 'EXE20250807645', '400074', '1', 17, 74967.00),
('99911122222', '20250808', 'ORD20250808646', 'EXE20250808646', '400074', '2', 17, 76304.00),
('99911122222', '20250815', 'ORD20250815647', 'EXE20250815647', '051910', '1', 25, 27575.00),
('99911122222', '20250816', 'ORD20250816648', 'EXE20250816648', '051910', '2', 25, 28126.00),
('99911122222', '20250815', 'ORD20250815649', 'EXE20250815649', '500015', '1', 83, 32393.00),
('99911122222', '20250815', 'ORD20250815650', 'EXE20250815650', '500015', '2', 83, 32989.00),
('99911122222', '20250828', 'ORD20250828651', 'EXE20250828651', '400094', '1', 28, 56630.00),
('99911122222', '20250829', 'ORD20250829652', 'EXE20250829652', '400094', '2', 28, 57639.00),
('99911122222', '20250819', 'ORD20250819653', 'EXE20250819653', '500068', '1', 72, 40500.00),
('99911122222', '20250819', 'ORD20250819654', 'EXE20250819654', '500068', '2', 72, 40061.00),
('99911122222', '20250813', 'ORD20250813655', 'EXE20250813655', '400094', '1', 68, 68178.00),
('99911122222', '20250813', 'ORD20250813656', 'EXE20250813656', '400094', '2', 68, 67825.00),
('99911122222', '20250806', 'ORD20250806657', 'EXE20250806657', '500039', '1', 92, 43467.00),
('99911122222', '20250806', 'ORD20250806658', 'EXE20250806658', '500039', '2', 92, 44253.00),
('99911122222', '20250806', 'ORD20250806659', 'EXE20250806659', '500079', '1', 52, 53353.00),
('99911122222', '20250806', 'ORD20250806660', 'EXE20250806660', '500079', '2', 52, 54350.00),
('99911122222', '20250806', 'ORD20250806661', 'EXE20250806661', '700001', '1', 98, 72894.00),
('99911122222', '20250806', 'ORD20250806662', 'EXE20250806662', '700001', '2', 98, 73568.00),
('99911122222', '20250812', 'ORD20250812663', 'EXE20250812663', '500022', '1', 6, 73978.00),
('99911122222', '20250813', 'ORD20250813664', 'EXE20250813664', '500022', '2', 6, 73766.00),
('99911122222', '20250815', 'ORD20250815665', 'EXE20250815665', '600003', '1', 81, 57320.00),
('99911122222', '20250815', 'ORD20250815666', 'EXE20250815666', '600003', '2', 81, 57381.00),
('99911122222', '20250804', 'ORD20250804667', 'EXE20250804667', '300004', '1', 8, 42953.00),
('99911122222', '20250804', 'ORD20250804668', 'EXE20250804668', '300004', '2', 8, 42797.00),
('99911122222', '20250820', 'ORD20250820669', 'EXE20250820669', '500035', '1', 83, 73056.00),
('99911122222', '20250820', 'ORD20250820670', 'EXE20250820670', '500035', '2', 83, 72997.00),
('99911122222', '20250820', 'ORD20250820671', 'EXE20250820671', '500046', '1', 30, 69575.00),
('99911122222', '20250820', 'ORD20250820672', 'EXE20250820672', '500046', '2', 30, 69314.00),
('99911122222', '20250803', 'ORD20250803673', 'EXE20250803673', '800005', '1', 96, 28075.00),
('99911122222', '20250803', 'ORD20250803674', 'EXE20250803674', '800005', '2', 96, 27640.00),
('99911122222', '20250830', 'ORD20250830675', 'EXE20250830675', '300005', '1', 10, 38719.00),
('99911122222', '20250830', 'ORD20250830676', 'EXE20250830676', '300005', '2', 10, 39645.00),
('99911122222', '20250809', 'ORD20250809677', 'EXE20250809677', '500099', '1', 88, 21732.00),
('99911122222', '20250809', 'ORD20250809678', 'EXE20250809678', '500099', '2', 88, 22176.00),
('99911122222', '20250803', 'ORD20250803679', 'EXE20250803679', '400034', '1', 16, 33413.00),
('99911122222', '20250803', 'ORD20250803680', 'EXE20250803680', '400034', '2', 16, 33011.00),
('99911122222', '20250826', 'ORD20250826681', 'EXE20250826681', '500067', '1', 31, 3627.00),
('99911122222', '20250826', 'ORD20250826682', 'EXE20250826682', '500067', '2', 31, 4253.00),
('99911122222', '20250823', 'ORD20250823683', 'EXE20250823683', '200003', '1', 75, 15491.00),
('99911122222', '20250823', 'ORD20250823684', 'EXE20250823684', '200003', '2', 75, 15907.00),
('99911122222', '20250822', 'ORD20250822685', 'EXE20250822685', '400083', '1', 48, 45406.00),
('99911122222', '20250822', 'ORD20250822686', 'EXE20250822686', '400083', '2', 48, 45135.00),
('99911122222', '20250825', 'ORD20250825687', 'EXE20250825687', '400088', '1', 24, 70850.00),
('99911122222', '20250826', 'ORD20250826688', 'EXE20250826688', '400088', '2', 24, 71055.00),
('99911122222', '20250825', 'ORD20250825689', 'EXE20250825689', '500050', '1', 94, 23499.00),
('99911122222', '20250825', 'ORD20250825690', 'EXE20250825690', '500050', '2', 94, 24975.00),
('99911122222', '20250822', 'ORD20250822691', 'EXE20250822691', '500064', '1', 12, 60188.00),
('99911122222', '20250823', 'ORD20250823692', 'EXE20250823692', '500064', '2', 12, 59982.00),
('99911122222', '20250823', 'ORD20250823693', 'EXE20250823693', '100001', '1', 53, 24685.00),
('99911122222', '20250823', 'ORD20250823694', 'EXE20250823694', '100001', '2', 53, 25986.00),
('99911122222', '20250802', 'ORD20250802695', 'EXE20250802695', '500094', '1', 44, 22784.00),
('99911122222', '20250802', 'ORD20250802696', 'EXE20250802696', '500094', '2', 44, 22309.00),
('99911122222', '20250821', 'ORD20250821697', 'EXE20250821697', '500025', '1', 22, 65203.00),
('99911122222', '20250821', 'ORD20250821698', 'EXE20250821698', '500025', '2', 22, 65392.00),
('99911122222', '20250805', 'ORD20250805699', 'EXE20250805699', '400089', '1', 16, 40668.00),
('99911122222', '20250806', 'ORD20250806700', 'EXE20250806700', '400089', '2', 16, 41330.00),
('99911122222', '20250830', 'ORD20250830701', 'EXE20250830701', '500064', '1', 100, 51103.00),
('99911122222', '20250830', 'ORD20250830702', 'EXE20250830702', '500064', '2', 100, 51022.00),
('99911122222', '20250819', 'ORD20250819703', 'EXE20250819703', '003920', '1', 78, 16708.00),
('99911122222', '20250819', 'ORD20250819704', 'EXE20250819704', '003920', '2', 78, 17396.00),
('99911122222', '20250809', 'ORD20250809705', 'EXE20250809705', '005180', '1', 63, 56908.00),
('99911122222', '20250810', 'ORD20250810706', 'EXE20250810706', '005180', '2', 63, 57464.00),
('99911122222', '20250806', 'ORD20250806707', 'EXE20250806707', '005180', '1', 25, 78568.00),
('99911122222', '20250807', 'ORD20250807708', 'EXE20250807708', '005180', '2', 25, 79222.00),
('99911122222', '20250815', 'ORD20250815709', 'EXE20250815709', '400038', '1', 68, 74322.00),
('99911122222', '20250815', 'ORD20250815710', 'EXE20250815710', '400038', '2', 68, 74834.00),
('99911122222', '20250825', 'ORD20250825711', 'EXE20250825711', '500000', '1', 48, 16157.00),
('99911122222', '20250826', 'ORD20250826712', 'EXE20250826712', '500000', '2', 48, 17149.00),
('99911122222', '20250810', 'ORD20250810713', 'EXE20250810713', '400001', '1', 52, 70193.00),
('99911122222', '20250810', 'ORD20250810714', 'EXE20250810714', '400001', '2', 52, 70510.00),
('99911122222', '20250820', 'ORD20250820715', 'EXE20250820715', '800002', '1', 78, 13325.00),
('99911122222', '20250821', 'ORD20250821716', 'EXE20250821716', '800002', '2', 78, 14692.00),
('99911122222', '20250829', 'ORD20250829717', 'EXE20250829717', '500006', '1', 50, 19097.00),
('99911122222', '20250830', 'ORD20250830718', 'EXE20250830718', '500006', '2', 50, 19452.00),
('99911122222', '20250824', 'ORD20250824719', 'EXE20250824719', '400078', '1', 26, 76453.00),
('99911122222', '20250824', 'ORD20250824720', 'EXE20250824720', '400078', '2', 26, 77171.00),
('99911122222', '20250801', 'ORD20250801721', 'EXE20250801721', '500020', '1', 89, 69095.00),
('99911122222', '20250801', 'ORD20250801722', 'EXE20250801722', '500020', '2', 89, 69472.00),
('99911122222', '20250828', 'ORD20250828723', 'EXE20250828723', '500029', '1', 61, 71931.00),
('99911122222', '20250829', 'ORD20250829724', 'EXE20250829724', '500029', '2', 61, 71878.00),
('99911122222', '20250814', 'ORD20250814725', 'EXE20250814725', '500023', '1', 91, 77044.00),
('99911122222', '20250814', 'ORD20250814726', 'EXE20250814726', '500023', '2', 91, 78094.00),
('99911122222', '20250819', 'ORD20250819727', 'EXE20250819727', '500001', '1', 64, 48730.00),
('99911122222', '20250819', 'ORD20250819728', 'EXE20250819728', '500001', '2', 64, 48766.00),
('99911122222', '20250820', 'ORD20250820729', 'EXE20250820729', '400045', '1', 48, 23579.00),
('99911122222', '20250820', 'ORD20250820730', 'EXE20250820730', '400045', '2', 48, 23864.00),
('99911122222', '20250819', 'ORD20250819731', 'EXE20250819731', '400053', '1', 89, 35735.00),
('99911122222', '20250820', 'ORD20250820732', 'EXE20250820732', '400053', '2', 89, 36557.00),
('99911122222', '20250823', 'ORD20250823733', 'EXE20250823733', '500064', '1', 7, 70727.00),
('99911122222', '20250824', 'ORD20250824734', 'EXE20250824734', '500064', '2', 7, 70925.00),
('99911122222', '20250828', 'ORD20250828735', 'EXE20250828735', '400020', '1', 69, 29357.00),
('99911122222', '20250828', 'ORD20250828736', 'EXE20250828736', '400020', '2', 69, 30406.00),
('99911122222', '20250806', 'ORD20250806737', 'EXE20250806737', '500035', '1', 77, 44291.00),
('99911122222', '20250806', 'ORD20250806738', 'EXE20250806738', '500035', '2', 77, 44728.00),
('99911122222', '20250828', 'ORD20250828739', 'EXE20250828739', '300002', '1', 34, 15417.00),
('99911122222', '20250828', 'ORD20250828740', 'EXE20250828740', '300002', '2', 34, 16701.00),
('99911122222', '20250804', 'ORD20250804741', 'EXE20250804741', '300003', '1', 64, 53674.00),
('99911122222', '20250804', 'ORD20250804742', 'EXE20250804742', '300003', '2', 64, 54724.00),
('99911122222', '20250812', 'ORD20250812743', 'EXE20250812743', '400099', '1', 41, 12201.00),
('99911122222', '20250812', 'ORD20250812744', 'EXE20250812744', '400099', '2', 41, 13681.00),
('99911122222', '20250809', 'ORD20250809745', 'EXE20250809745', '400069', '1', 26, 7093.00),
('99911122222', '20250809', 'ORD20250809746', 'EXE20250809746', '400069', '2', 26, 7235.00),
('99911122222', '20250830', 'ORD20250830747', 'EXE20250830747', '400046', '1', 59, 47853.00),
('99911122222', '20250830', 'ORD20250830748', 'EXE20250830748', '400046', '2', 59, 47527.00),
('99911122222', '20250826', 'ORD20250826749', 'EXE20250826749', '400008', '1', 54, 24043.00),
('99911122222', '20250826', 'ORD20250826750', 'EXE20250826750', '400008', '2', 54, 24899.00),
('99911122222', '20250823', 'ORD20250823751', 'EXE20250823751', '005490', '1', 47, 72047.00),
('99911122222', '20250824', 'ORD20250824752', 'EXE20250824752', '005490', '2', 47, 72601.00),
('99911122222', '20250807', 'ORD20250807753', 'EXE20250807753', '400062', '1', 56, 5243.00),
('99911122222', '20250807', 'ORD20250807754', 'EXE20250807754', '400062', '2', 56, 6019.00),
('99911122222', '20250804', 'ORD20250804755', 'EXE20250804755', '035720', '1', 100, 34550.00),
('99911122222', '20250804', 'ORD20250804756', 'EXE20250804756', '035720', '2', 100, 34669.00),
('99911122222', '20250822', 'ORD20250822757', 'EXE20250822757', '400020', '1', 12, 3878.00),
('99911122222', '20250822', 'ORD20250822758', 'EXE20250822758', '400020', '2', 12, 5125.00),
('99911122222', '20250810', 'ORD20250810759', 'EXE20250810759', '500096', '1', 70, 73043.00),
('99911122222', '20250810', 'ORD20250810760', 'EXE20250810760', '500096', '2', 70, 73527.00),
('99911122222', '20250821', 'ORD20250821761', 'EXE20250821761', '500053', '1', 80, 74214.00),
('99911122222', '20250822', 'ORD20250822762', 'EXE20250822762', '500053', '2', 80, 73772.00),
('99911122222', '20250812', 'ORD20250812763', 'EXE20250812763', '400025', '1', 34, 70667.00),
('99911122222', '20250813', 'ORD20250813764', 'EXE20250813764', '400025', '2', 34, 72024.00),
('99911122222', '20250804', 'ORD20250804765', 'EXE20250804765', '500046', '1', 69, 65366.00),
('99911122222', '20250805', 'ORD20250805766', 'EXE20250805766', '500046', '2', 69, 65088.00),
('99911122222', '20250805', 'ORD20250805767', 'EXE20250805767', '500082', '1', 38, 45200.00),
('99911122222', '20250805', 'ORD20250805768', 'EXE20250805768', '500082', '2', 38, 46583.00),
('99911122222', '20250816', 'ORD20250816769', 'EXE20250816769', '005180', '1', 51, 8375.00),
('99911122222', '20250816', 'ORD20250816770', 'EXE20250816770', '005180', '2', 51, 8492.00),
('99911122222', '20250827', 'ORD20250827771', 'EXE20250827771', '400009', '1', 28, 60724.00),
('99911122222', '20250827', 'ORD20250827772', 'EXE20250827772', '400009', '2', 28, 62194.00),
('99911122222', '20250815', 'ORD20250815773', 'EXE20250815773', '500078', '1', 66, 60842.00),
('99911122222', '20250815', 'ORD20250815774', 'EXE20250815774', '500078', '2', 66, 61457.00),
('99911122222', '20250821', 'ORD20250821775', 'EXE20250821775', '400082', '1', 24, 73201.00),
('99911122222', '20250821', 'ORD20250821776', 'EXE20250821776', '400082', '2', 24, 73195.00),
('99911122222', '20250812', 'ORD20250812777', 'EXE20250812777', '500056', '1', 27, 67843.00),
('99911122222', '20250812', 'ORD20250812778', 'EXE20250812778', '500056', '2', 27, 68444.00),
('99911122222', '20250825', 'ORD20250825779', 'EXE20250825779', '300004', '1', 86, 8911.00),
('99911122222', '20250825', 'ORD20250825780', 'EXE20250825780', '300004', '2', 86, 10168.00),
('99911122222', '20250819', 'ORD20250819781', 'EXE20250819781', '800003', '1', 11, 8275.00),
('99911122222', '20250820', 'ORD20250820782', 'EXE20250820782', '800003', '2', 11, 7840.00),
('99911122222', '20250817', 'ORD20250817783', 'EXE20250817783', '400004', '1', 100, 64063.00),
('99911122222', '20250817', 'ORD20250817784', 'EXE20250817784', '400004', '2', 100, 65517.00),
('99911122222', '20250826', 'ORD20250826785', 'EXE20250826785', '500079', '1', 57, 18857.00),
('99911122222', '20250826', 'ORD20250826786', 'EXE20250826786', '500079', '2', 57, 20177.00),
('99911122222', '20250829', 'ORD20250829787', 'EXE20250829787', '500009', '1', 44, 45813.00),
('99911122222', '20250829', 'ORD20250829788', 'EXE20250829788', '500009', '2', 44, 46298.00),
('99911122222', '20250821', 'ORD20250821789', 'EXE20250821789', '500053', '1', 51, 79360.00),
('99911122222', '20250821', 'ORD20250821790', 'EXE20250821790', '500053', '2', 51, 79858.00),
('99911122222', '20250825', 'ORD20250825791', 'EXE20250825791', '300004', '1', 50, 62758.00),
('99911122222', '20250825', 'ORD20250825792', 'EXE20250825792', '300004', '2', 50, 63104.00),
('99911122222', '20250821', 'ORD20250821793', 'EXE20250821793', '373220', '1', 39, 4276.00),
('99911122222', '20250822', 'ORD20250822794', 'EXE20250822794', '373220', '2', 39, 4345.00),
('99911122222', '20250826', 'ORD20250826795', 'EXE20250826795', '400090', '1', 66, 46178.00),
('99911122222', '20250826', 'ORD20250826796', 'EXE20250826796', '400090', '2', 66, 46674.00),
('99911122222', '20250826', 'ORD20250826797', 'EXE20250826797', '500028', '1', 20, 63936.00),
('99911122222', '20250827', 'ORD20250827798', 'EXE20250827798', '500028', '2', 20, 65339.00),
('99911122222', '20250827', 'ORD20250827799', 'EXE20250827799', '400012', '1', 7, 48454.00),
('99911122222', '20250828', 'ORD20250828800', 'EXE20250828800', '400012', '2', 7, 48222.00),
('99911122222', '20250815', 'ORD20250815801', 'EXE20250815801', '400006', '1', 11, 76393.00),
('99911122222', '20250815', 'ORD20250815802', 'EXE20250815802', '400006', '2', 11, 76990.00),
('99911122222', '20250828', 'ORD20250828803', 'EXE20250828803', '400000', '1', 44, 15417.00),
('99911122222', '20250828', 'ORD20250828804', 'EXE20250828804', '400000', '2', 44, 15598.00),
('99911122222', '20250828', 'ORD20250828805', 'EXE20250828805', '500076', '1', 87, 34663.00),
('99911122222', '20250828', 'ORD20250828806', 'EXE20250828806', '500076', '2', 87, 35505.00),
('99911122222', '20250822', 'ORD20250822807', 'EXE20250822807', '500086', '1', 87, 23532.00),
('99911122222', '20250823', 'ORD20250823808', 'EXE20250823808', '500086', '2', 87, 23557.00),
('99911122222', '20250825', 'ORD20250825809', 'EXE20250825809', '400097', '1', 19, 30635.00),
('99911122222', '20250826', 'ORD20250826810', 'EXE20250826810', '400097', '2', 19, 30764.00),
('99911122222', '20250824', 'ORD20250824811', 'EXE20250824811', '400080', '1', 5, 6154.00),
('99911122222', '20250824', 'ORD20250824812', 'EXE20250824812', '400080', '2', 5, 7156.00),
('99911122222', '20250830', 'ORD20250830813', 'EXE20250830813', '005930', '1', 12, 44825.00),
('99911122222', '20250831', 'ORD20250831814', 'EXE20250831814', '005930', '2', 12, 44616.00),
('99911122222', '20250803', 'ORD20250803815', 'EXE20250803815', '400017', '1', 84, 4996.00),
('99911122222', '20250803', 'ORD20250803816', 'EXE20250803816', '400017', '2', 84, 5916.00),
('99911122222', '20250803', 'ORD20250803817', 'EXE20250803817', '500023', '1', 29, 17713.00),
('99911122222', '20250803', 'ORD20250803818', 'EXE20250803818', '500023', '2', 29, 17784.00),
('99911122222', '20250812', 'ORD20250812819', 'EXE20250812819', '005180', '1', 100, 53710.00),
('99911122222', '20250813', 'ORD20250813820', 'EXE20250813820', '005180', '2', 100, 55177.00),
('99911122222', '20250809', 'ORD20250809821', 'EXE20250809821', '300002', '1', 42, 40826.00),
('99911122222', '20250809', 'ORD20250809822', 'EXE20250809822', '300002', '2', 42, 41017.00),
('99911122222', '20250818', 'ORD20250818823', 'EXE20250818823', '400054', '1', 21, 17823.00),
('99911122222', '20250818', 'ORD20250818824', 'EXE20250818824', '400054', '2', 21, 18602.00),
('99911122222', '20250806', 'ORD20250806825', 'EXE20250806825', '500057', '1', 65, 70855.00),
('99911122222', '20250807', 'ORD20250807826', 'EXE20250807826', '500057', '2', 65, 71752.00),
('99911122222', '20250814', 'ORD20250814827', 'EXE20250814827', '400031', '1', 28, 69642.00),
('99911122222', '20250814', 'ORD20250814828', 'EXE20250814828', '400031', '2', 28, 71124.00),
('99911122222', '20250811', 'ORD20250811829', 'EXE20250811829', '400089', '1', 5, 54075.00),
('99911122222', '20250811', 'ORD20250811830', 'EXE20250811830', '400089', '2', 5, 53696.00),
('99911122222', '20250825', 'ORD20250825831', 'EXE20250825831', '500015', '1', 100, 44523.00),
('99911122222', '20250825', 'ORD20250825832', 'EXE20250825832', '500015', '2', 100, 44959.00),
('99911122222', '20250810', 'ORD20250810833', 'EXE20250810833', '500098', '1', 62, 40848.00),
('99911122222', '20250810', 'ORD20250810834', 'EXE20250810834', '500098', '2', 62, 40853.00),
('99911122222', '20250827', 'ORD20250827835', 'EXE20250827835', '300004', '1', 77, 74150.00),
('99911122222', '20250828', 'ORD20250828836', 'EXE20250828836', '300004', '2', 77, 74498.00),
('99911122222', '20250817', 'ORD20250817837', 'EXE20250817837', '400001', '1', 82, 74013.00),
('99911122222', '20250817', 'ORD20250817838', 'EXE20250817838', '400001', '2', 82, 74948.00),
('99911122222', '20250808', 'ORD20250808839', 'EXE20250808839', '500007', '1', 17, 31637.00),
('99911122222', '20250808', 'ORD20250808840', 'EXE20250808840', '500007', '2', 17, 31716.00),
('99911122222', '20250816', 'ORD20250816841', 'EXE20250816841', '400035', '1', 65, 33402.00),
('99911122222', '20250816', 'ORD20250816842', 'EXE20250816842', '400035', '2', 65, 34105.00),
('99911122222', '20250823', 'ORD20250823843', 'EXE20250823843', '500064', '1', 39, 52394.00),
('99911122222', '20250824', 'ORD20250824844', 'EXE20250824844', '500064', '2', 39, 52902.00),
('99911122222', '20250819', 'ORD20250819845', 'EXE20250819845', '400026', '1', 25, 65719.00),
('99911122222', '20250819', 'ORD20250819846', 'EXE20250819846', '400026', '2', 25, 66291.00),
('99911122222', '20250803', 'ORD20250803847', 'EXE20250803847', '400065', '1', 10, 72949.00),
('99911122222', '20250803', 'ORD20250803848', 'EXE20250803848', '400065', '2', 10, 72934.00),
('99911122222', '20250802', 'ORD20250802849', 'EXE20250802849', '500009', '1', 27, 10921.00),
('99911122222', '20250803', 'ORD20250803850', 'EXE20250803850', '500009', '2', 27, 10591.00),
('99911122222', '20250830', 'ORD20250830851', 'EXE20250830851', '500086', '1', 19, 24235.00),
('99911122222', '20250830', 'ORD20250830852', 'EXE20250830852', '500086', '2', 19, 24102.00),
('99911122222', '20250811', 'ORD20250811853', 'EXE20250811853', '500050', '1', 86, 67708.00),
('99911122222', '20250811', 'ORD20250811854', 'EXE20250811854', '500050', '2', 86, 69201.00),
('99911122222', '20250819', 'ORD20250819855', 'EXE20250819855', '300004', '1', 47, 40346.00),
('99911122222', '20250819', 'ORD20250819856', 'EXE20250819856', '300004', '2', 47, 40239.00),
('99911122222', '20250827', 'ORD20250827857', 'EXE20250827857', '300004', '1', 57, 30269.00),
('99911122222', '20250828', 'ORD20250828858', 'EXE20250828858', '300004', '2', 57, 31220.00),
('99911122222', '20250820', 'ORD20250820859', 'EXE20250820859', '096770', '1', 53, 48747.00),
('99911122222', '20250820', 'ORD20250820860', 'EXE20250820860', '096770', '2', 53, 49198.00),
('99911122222', '20250826', 'ORD20250826861', 'EXE20250826861', '400064', '1', 68, 75868.00),
('99911122222', '20250827', 'ORD20250827862', 'EXE20250827862', '400064', '2', 68, 76489.00),
('99911122222', '20250803', 'ORD20250803863', 'EXE20250803863', '400005', '1', 71, 25573.00),
('99911122222', '20250803', 'ORD20250803864', 'EXE20250803864', '400005', '2', 71, 25427.00),
('99911122222', '20250827', 'ORD20250827865', 'EXE20250827865', '400097', '1', 86, 40524.00),
('99911122222', '20250828', 'ORD20250828866', 'EXE20250828866', '400097', '2', 86, 40466.00),
('99911122222', '20250817', 'ORD20250817867', 'EXE20250817867', '500075', '1', 49, 36965.00),
('99911122222', '20250818', 'ORD20250818868', 'EXE20250818868', '500075', '2', 49, 37315.00),
('99911122222', '20250826', 'ORD20250826869', 'EXE20250826869', '500020', '1', 53, 14811.00),
('99911122222', '20250826', 'ORD20250826870', 'EXE20250826870', '500020', '2', 53, 14783.00),
('99911122222', '20250810', 'ORD20250810871', 'EXE20250810871', '400064', '1', 41, 69403.00),
('99911122222', '20250811', 'ORD20250811872', 'EXE20250811872', '400064', '2', 41, 70286.00),
('99911122222', '20250817', 'ORD20250817873', 'EXE20250817873', '500036', '1', 6, 59788.00),
('99911122222', '20250817', 'ORD20250817874', 'EXE20250817874', '500036', '2', 6, 60951.00),
('99911122222', '20250814', 'ORD20250814875', 'EXE20250814875', '500021', '1', 64, 21319.00),
('99911122222', '20250814', 'ORD20250814876', 'EXE20250814876', '500021', '2', 64, 21337.00),
('99911122222', '20250805', 'ORD20250805877', 'EXE20250805877', '400013', '1', 64, 54244.00),
('99911122222', '20250805', 'ORD20250805878', 'EXE20250805878', '400013', '2', 64, 54904.00),
('99911122222', '20250825', 'ORD20250825879', 'EXE20250825879', '900001', '1', 10, 9664.00),
('99911122222', '20250825', 'ORD20250825880', 'EXE20250825880', '900001', '2', 10, 9530.00),
('99911122222', '20250823', 'ORD20250823881', 'EXE20250823881', '400091', '1', 22, 44020.00),
('99911122222', '20250823', 'ORD20250823882', 'EXE20250823882', '400091', '2', 22, 43534.00),
('99911122222', '20250819', 'ORD20250819883', 'EXE20250819883', '400084', '1', 12, 60758.00),
('99911122222', '20250819', 'ORD20250819884', 'EXE20250819884', '400084', '2', 12, 60336.00),
('99911122222', '20250812', 'ORD20250812885', 'EXE20250812885', '500028', '1', 24, 48594.00),
('99911122222', '20250812', 'ORD20250812886', 'EXE20250812886', '500028', '2', 24, 48835.00),
('99911122222', '20250813', 'ORD20250813887', 'EXE20250813887', '600002', '1', 73, 35761.00),
('99911122222', '20250813', 'ORD20250813888', 'EXE20250813888', '600002', '2', 73, 36558.00),
('99911122222', '20250817', 'ORD20250817889', 'EXE20250817889', '400037', '1', 20, 56837.00),
('99911122222', '20250817', 'ORD20250817890', 'EXE20250817890', '400037', '2', 20, 57068.00),
('99911122222', '20250829', 'ORD20250829891', 'EXE20250829891', '400082', '1', 40, 14657.00),
('99911122222', '20250829', 'ORD20250829892', 'EXE20250829892', '400082', '2', 40, 14643.00),
('99911122222', '20250808', 'ORD20250808893', 'EXE20250808893', '400035', '1', 86, 68312.00),
('99911122222', '20250808', 'ORD20250808894', 'EXE20250808894', '400035', '2', 86, 67814.00),
('99911122222', '20250812', 'ORD20250812895', 'EXE20250812895', '400061', '1', 28, 35540.00),
('99911122222', '20250812', 'ORD20250812896', 'EXE20250812896', '400061', '2', 28, 35671.00),
('99911122222', '20250820', 'ORD20250820897', 'EXE20250820897', '500069', '1', 7, 66550.00),
('99911122222', '20250821', 'ORD20250821898', 'EXE20250821898', '500069', '2', 7, 66922.00),
('99911122222', '20250830', 'ORD20250830899', 'EXE20250830899', '400020', '1', 78, 39091.00),
('99911122222', '20250831', 'ORD20250831900', 'EXE20250831900', '400020', '2', 78, 39183.00),
('99911122222', '20250802', 'ORD20250802901', 'EXE20250802901', '200001', '1', 49, 14340.00),
('99911122222', '20250803', 'ORD20250803902', 'EXE20250803902', '200001', '2', 49, 14155.00),
('99911122222', '20250825', 'ORD20250825903', 'EXE20250825903', '247540', '1', 52, 10268.00),
('99911122222', '20250826', 'ORD20250826904', 'EXE20250826904', '247540', '2', 52, 10827.00),
('99911122222', '20250814', 'ORD20250814905', 'EXE20250814905', '400029', '1', 52, 29577.00),
('99911122222', '20250815', 'ORD20250815906', 'EXE20250815906', '400029', '2', 52, 29836.00),
('99911122222', '20250818', 'ORD20250818907', 'EXE20250818907', '500055', '1', 64, 67655.00),
('99911122222', '20250819', 'ORD20250819908', 'EXE20250819908', '500055', '2', 64, 67751.00),
('99911122222', '20250812', 'ORD20250812909', 'EXE20250812909', '500020', '1', 84, 77190.00),
('99911122222', '20250812', 'ORD20250812910', 'EXE20250812910', '500020', '2', 84, 78594.00),
('99911122222', '20250828', 'ORD20250828911', 'EXE20250828911', '400038', '1', 93, 59160.00),
('99911122222', '20250828', 'ORD20250828912', 'EXE20250828912', '400038', '2', 93, 59495.00),
('99911122222', '20250824', 'ORD20250824913', 'EXE20250824913', '700004', '1', 67, 75990.00),
('99911122222', '20250825', 'ORD20250825914', 'EXE20250825914', '700004', '2', 67, 75638.00),
('99911122222', '20250803', 'ORD20250803915', 'EXE20250803915', '007310', '1', 65, 31124.00),
('99911122222', '20250803', 'ORD20250803916', 'EXE20250803916', '007310', '2', 65, 31352.00),
('99911122222', '20250808', 'ORD20250808917', 'EXE20250808917', '400042', '1', 20, 65430.00),
('99911122222', '20250809', 'ORD20250809918', 'EXE20250809918', '400042', '2', 20, 65072.00),
('99911122222', '20250817', 'ORD20250817919', 'EXE20250817919', '400065', '1', 7, 53705.00),
('99911122222', '20250817', 'ORD20250817920', 'EXE20250817920', '400065', '2', 7, 53990.00),
('99911122222', '20250823', 'ORD20250823921', 'EXE20250823921', '100005', '1', 10, 57977.00),
('99911122222', '20250823', 'ORD20250823922', 'EXE20250823922', '100005', '2', 10, 58154.00),
('99911122222', '20250821', 'ORD20250821923', 'EXE20250821923', '500067', '1', 71, 58799.00),
('99911122222', '20250821', 'ORD20250821924', 'EXE20250821924', '500067', '2', 71, 58477.00),
('99911122222', '20250805', 'ORD20250805925', 'EXE20250805925', '400001', '1', 56, 38053.00),
('99911122222', '20250806', 'ORD20250806926', 'EXE20250806926', '400001', '2', 56, 38707.00),
('99911122222', '20250803', 'ORD20250803927', 'EXE20250803927', '400053', '1', 9, 63932.00),
('99911122222', '20250803', 'ORD20250803928', 'EXE20250803928', '400053', '2', 9, 63987.00),
('99911122222', '20250819', 'ORD20250819929', 'EXE20250819929', '500056', '1', 21, 72331.00),
('99911122222', '20250819', 'ORD20250819930', 'EXE20250819930', '500056', '2', 21, 72503.00);

-- =================================================================
-- 6. 고객전략 테이블 (1건)
-- =================================================================

INSERT INTO customer_strategy (
    account_number,
    rebalancing_strategy_code,
    rebalancing_cycle,
    allowed_deviation,
    rebalancing_yn
) VALUES
('99911122222', 'GROWTH_TECH_001', 30, 5.00, 'Y');

-- =================================================================
-- 데이터 검증 쿼리
-- =================================================================

-- 테이블별 데이터 건수 확인
SELECT 'stock_current_price' as table_name, COUNT(*) as count FROM stock_current_price
UNION ALL
SELECT 'customer_balance' as table_name, COUNT(*) as count FROM customer_balance
UNION ALL
SELECT 'trading_history' as table_name, COUNT(*) as count FROM trading_history
UNION ALL
SELECT 'rebalancing_master' as table_name, COUNT(*) as count FROM rebalancing_master
UNION ALL
SELECT 'rebalancing_analysis' as table_name, COUNT(*) as count FROM rebalancing_analysis
UNION ALL
SELECT 'customer_strategy' as table_name, COUNT(*) as count FROM customer_strategy;

-- 매매내역 매수/매도 건수 확인
SELECT 
    buy_sell_code,
    CASE 
        WHEN buy_sell_code = '1' THEN '매수'
        WHEN buy_sell_code = '2' THEN '매도'
    END as trade_type,
    COUNT(*) as count
FROM trading_history 
WHERE account_number = '99911122222'
GROUP BY buy_sell_code;

-- 고객 포트폴리오 현황 확인
SELECT 
    cb.stock_code,
    cb.stock_name,
    cb.quantity,
    cb.purchase_amount,
    scp.current_price,
    (cb.quantity * scp.current_price) as current_value,
    (cb.quantity * scp.current_price - cb.quantity * cb.purchase_amount) as unrealized_pnl,
    ROUND(((scp.current_price - cb.purchase_amount) / cb.purchase_amount * 100), 2) as pnl_rate
FROM customer_balance cb
JOIN stock_current_price scp ON cb.stock_code = scp.stock_code
WHERE cb.account_number = '99911122222'
ORDER BY current_value DESC;

-- ✅ 완료 메시지
SELECT '🎉 모든 Mock 데이터가 성공적으로 생성되었습니다!' as result,
       '📊 종목현재가: ~2500개, 매매내역: 930건, 고객잔고: 20개 종목' as summary;
