-- 실제 테이블 스키마와 완벽 호환 Mock 데이터
-- 생성일시: 2025-09-10 15:10:15

USE kpsdb;

-- 1. 종목현재가 (2,500개)
INSERT INTO stock_current_price (stock_code, current_price) VALUES
('000763', 584645),
('001195', 104292),
('002254', 97733),
('002505', 358866),
('002613', 165339),
('002952', 645784),
('003167', 459417),
('003365', 139263),
('003720', 488005),
('003793', 531628),
('004319', 267035),
('004608', 481216),
('005474', 498208),
('005738', 422022),
('006031', 224184),
('006163', 663506),
('006482', 403471),
('007152', 703424),
('007838', 238133),
('007918', 542309),
('007954', 66990),
('008030', 165396),
('008530', 843978),
('009812', 398207),
('009849', 571760),
('009883', 546967),
('010868', 860778),
('011737', 147440),
('011873', 413989),
('012128', 893793),
('012741', 857589),
('012766', 523358),
('012943', 393203),
('013378', 23612),
('014250', 703683),
('015085', 4255),
('015869', 292057),
('016090', 495386),
('016277', 647385),
('016471', 306175),
('017089', 271145),
('017453', 654980),
('017569', 43013),
('017954', 882047),
('018300', 435353),
('018600', 245876),
('020461', 478330),
('020651', 365477),
('020936', 859701),
('021280', 309115),
('021568', 591419),
('021707', 433644),
('023103', 226349),
('023184', 359673),
('023487', 511818),
('023565', 492806),
('023892', 239960),
('023946', 554855),
('024266', 635841),
('024378', 22864),
('024588', 633368),
('024782', 326171),
('025434', 341861),
('026102', 584221),
('026576', 502731),
('027192', 74122),
('027543', 673341),
('027709', 458508),
('027834', 731475),
('027855', 610836),
('028041', 104184),
('028618', 186002),
('028643', 120345),
('028689', 54983),
('028988', 67190),
('029258', 199254),
('029318', 418659),
('029676', 613616),
('029952', 396673),
('030086', 443938),
('030772', 244150),
('030834', 154474),
('030933', 198977),
('031110', 498095),
('031433', 341031),
('032025', 380724),
('032161', 569742),
('032162', 144329),
('032334', 427284),
('032833', 361589),
('033141', 104673),
('033241', 151331),
('033366', 394680),
('033867', 389629),
('033923', 560504),
('034210', 242976),
('035343', 619180),
('036008', 887425),
('036095', 383206),
('036546', 66283),
('037118', 177830),
('037389', 800484),
('037399', 507325),
('038152', 797416),
('038517', 770684),
('038807', 28747),
('038899', 602608),
('039471', 409189),
('039717', 507761),
('039868', 482461),
('039870', 194809),
('040513', 731377),
('041277', 610318),
('041460', 857787),
('041915', 375798),
('042111', 21104),
('042291', 649157),
('042443', 495918),
('042608', 375644),
('042712', 378487),
('042713', 323976),
('042787', 787124),
('043418', 532716),
('044849', 8812),
('044860', 862094),
('044930', 544234),
('045008', 672764),
('045191', 745754),
('045692', 536303),
('045699', 480776),
('045809', 243632),
('046270', 610291),
('046368', 77947),
('046621', 350084),
('047245', 762749),
('047347', 549000),
('047620', 313292),
('048536', 207832),
('048580', 287161),
('050576', 841106),
('050804', 468473),
('051262', 358593),
('051651', 200950),
('052469', 8568),
('052764', 297974),
('053384', 1350),
('053709', 78109),
('053948', 126046),
('054586', 722833),
('054983', 409488),
('055173', 757940),
('055261', 541555),
('055346', 29481),
('055376', 85173),
('055677', 420493),
('055803', 427511),
('056078', 3720),
('056531', 482887),
('056770', 355701),
('057367', 693163),
('058625', 167013),
('058735', 539747),
('059039', 562575),
('060612', 367472),
('060960', 576319),
('061782', 449115),
('061913', 163021),
('062457', 49974),
('062605', 582349),
('062880', 344105),
('062911', 556687),
('062935', 343468),
('063499', 189300),
('063844', 600739),
('063879', 608929),
('064477', 833009),
('064916', 85308),
('065102', 756789),
('065233', 139583),
('065337', 693571),
('065542', 347709),
('065627', 801960),
('065922', 865049),
('066512', 61850),
('066727', 45430),
('066783', 58607),
('066870', 779759),
('067282', 404245),
('068261', 333921),
('069868', 92390),
('070448', 802169),
('070878', 573731),
('072855', 462593),
('072866', 847075),
('073000', 551047),
('073072', 855674),
('073114', 158785),
('074003', 466693),
('074901', 554979),
('075036', 708550),
('075048', 15070),
('075364', 317407),
('075557', 889497),
('075947', 622557),
('076564', 814330),
('076881', 783367),
('077136', 51822),
('077923', 189050),
('078145', 400579),
('080101', 834739),
('080177', 755472),
('081341', 133776),
('081456', 790533),
('081522', 55852),
('082280', 197640),
('082302', 745658),
('082884', 173296),
('083014', 686940),
('083084', 246284),
('084251', 232641),
('084300', 19296),
('085106', 697071),
('085252', 4894),
('085417', 832934),
('086153', 178002),
('088008', 742997),
('088319', 485007),
('089372', 623692),
('089801', 76603),
('090046', 308353),
('090096', 645669),
('090475', 498853),
('090674', 317198),
('091353', 410740),
('092250', 55812),
('093181', 669227),
('093221', 275712),
('093376', 401226),
('094277', 97751),
('094412', 295173),
('094684', 649371),
('095201', 106911),
('095714', 799808),
('095851', 668349),
('096042', 713736),
('096381', 218216),
('096523', 179937),
('096895', 323552),
('096967', 875614),
('097575', 610476),
('098891', 728373),
('099169', 743483),
('099316', 126812),
('099713', 275405),
('099722', 699489),
('100280', 753260),
('100461', 316325),
('101144', 454748),
('102664', 88495),
('102797', 826971),
('102837', 676705),
('103296', 891225),
('104421', 88399),
('104741', 146309),
('104837', 247958),
('105207', 51116),
('105280', 94529),
('105397', 180287),
('105493', 103343),
('105620', 622917),
('106259', 14768),
('106324', 19501),
('107110', 460394),
('107896', 524059),
('108434', 271249),
('108752', 864018),
('108774', 676781),
('108946', 842834),
('109632', 665037),
('109785', 737686),
('109799', 93431),
('110275', 236455),
('111126', 711150),
('111907', 36946),
('112284', 41626),
('112310', 118164),
('112705', 803620),
('112766', 618155),
('113023', 847617),
('113121', 771637),
('113502', 572136),
('113725', 738009),
('114398', 359333),
('114706', 846979),
('115206', 460824),
('115449', 184457),
('116423', 335551),
('116560', 677985),
('116861', 797966),
('118204', 427623),
('118681', 246907),
('118718', 792203),
('119015', 481902),
('119458', 67913),
('120100', 373210),
('120167', 568726),
('120223', 855002),
('120347', 433881),
('120675', 286144),
('120964', 234867),
('121543', 771437),
('122003', 893901),
('122065', 51678),
('122374', 94152),
('122436', 172781),
('123160', 92546),
('124893', 262770),
('125021', 347274),
('125089', 503478),
('125342', 520292),
('125522', 419720),
('128215', 344470),
('128467', 77100),
('128706', 326089),
('129584', 762740),
('130288', 833620),
('131131', 456049),
('131158', 486835),
('132100', 446234),
('132120', 367985),
('133246', 10848),
('133727', 792485),
('133859', 354034),
('134351', 685782),
('134527', 742913),
('135046', 214688),
('135750', 623406),
('135912', 93538),
('135984', 631645),
('137530', 326038),
('138001', 331478),
('138382', 293471),
('138456', 252716),
('138613', 224061),
('138630', 163498),
('139152', 763518),
('139657', 810403),
('140136', 244485),
('140362', 741641),
('140371', 349946),
('140393', 99791),
('140705', 378915),
('140873', 86427),
('141266', 117899),
('141948', 253052),
('142573', 155165),
('142684', 216444),
('142703', 221470),
('142779', 92472),
('143457', 532579),
('143467', 644446),
('143945', 323285),
('143970', 326384),
('144574', 858296),
('144774', 581083),
('144862', 324998),
('145144', 209750),
('145441', 422042),
('145490', 774653),
('145570', 333795),
('145705', 830138),
('145916', 498170),
('146173', 437736),
('146290', 179136),
('146740', 378566),
('146825', 450259),
('146835', 18297),
('146863', 574441),
('146995', 36752),
('147515', 630621),
('147819', 811060),
('147825', 654000),
('148022', 290058),
('148639', 134946),
('148699', 405044),
('148955', 297939),
('149894', 500697),
('150446', 45420),
('151316', 462347),
('151841', 768957),
('151888', 598683),
('152820', 499723),
('153471', 817983),
('153782', 67230),
('153869', 425991),
('154773', 550591),
('155143', 131443),
('155412', 859761),
('155512', 650644),
('157324', 138590),
('157677', 320799),
('157746', 844388),
('158018', 667488),
('158861', 608221),
('159397', 163964),
('160010', 90410),
('160276', 243852),
('161043', 727178),
('161151', 94493),
('161838', 669432),
('161861', 241413),
('161868', 413024),
('163568', 703818),
('165519', 482840),
('165612', 155081),
('166087', 716292),
('168128', 652114),
('168277', 8557),
('168296', 626776),
('168408', 84904),
('168626', 151340),
('168751', 703261),
('168934', 65664),
('169988', 58919),
('170543', 632058),
('170794', 116562),
('171643', 49336),
('171688', 253414),
('171856', 705483),
('171930', 350062),
('172596', 81362),
('172775', 738570),
('173098', 805445),
('173379', 779682),
('173537', 382133),
('173631', 134759),
('174944', 709293),
('175508', 204923),
('176152', 425077),
('176258', 856130),
('176788', 878435),
('177000', 132790),
('177273', 86034),
('177282', 197899),
('178070', 43905),
('178643', 460255),
('178664', 423549),
('178677', 423377),
('179127', 584595),
('179450', 876625),
('179513', 753083),
('180066', 641098),
('180591', 464388),
('180733', 317651),
('181197', 560505),
('181599', 506136),
('181684', 223538),
('181833', 584294),
('181853', 712093),
('182073', 472833),
('182193', 476182),
('183423', 636386),
('183663', 626857),
('183934', 758682),
('184638', 654712),
('185031', 615274),
('185231', 549030),
('185780', 604839),
('185807', 126144),
('186073', 25284),
('187416', 21289),
('188606', 334385),
('188813', 682148),
('189307', 94461),
('189718', 477421),
('190433', 48894),
('190759', 291490),
('190881', 253109),
('190890', 697612),
('190926', 265106),
('191650', 404548),
('191796', 174737),
('191969', 777805),
('193157', 747268),
('194010', 748692),
('194062', 117219),
('194078', 895212),
('194315', 619964),
('195469', 451470),
('195931', 476202),
('196149', 734967),
('196419', 73871),
('196583', 64735),
('196587', 538712),
('196857', 319112),
('197104', 723322),
('197177', 62132),
('198160', 38881),
('198697', 683010),
('198875', 866368),
('199213', 82560),
('199314', 821185),
('199735', 860084),
('199986', 236371),
('200874', 520487),
('200932', 370423),
('201034', 646231),
('201694', 724691),
('201822', 518511),
('202555', 238182),
('202829', 843857),
('203315', 760831),
('203527', 386231),
('203773', 683489),
('204557', 73714),
('206068', 445884),
('206300', 207357),
('206461', 36442),
('206464', 395149),
('207261', 35323),
('208134', 54479),
('208341', 751272),
('208718', 797883),
('208724', 466605),
('208734', 213910),
('208946', 121164),
('209065', 843884),
('209141', 587561),
('209921', 102622),
('210416', 288411),
('210562', 787166),
('210718', 301245),
('210983', 864493),
('211121', 681804),
('211817', 152838),
('211891', 161750),
('212029', 693778),
('212241', 29773),
('213193', 189552),
('213558', 14744),
('213782', 720206),
('214109', 570882),
('214553', 209648),
('214777', 431325),
('215217', 551151),
('215576', 289572),
('215652', 33728),
('215713', 288386),
('215896', 631264),
('215957', 639305),
('216696', 525732),
('217135', 495830),
('218110', 16141),
('219801', 877175),
('220299', 893725),
('220466', 437824),
('220473', 279558),
('220901', 588984),
('221232', 348293),
('221445', 440366),
('221686', 344295),
('222423', 732509),
('223083', 618115),
('223318', 192597),
('223582', 555052),
('224947', 808504),
('225733', 537518),
('225755', 1954),
('226600', 411649),
('228337', 62055),
('229203', 54337),
('229275', 522021),
('229511', 693588),
('229703', 556707),
('229950', 152174),
('231003', 603077),
('231682', 475200),
('231815', 629175),
('232776', 45966),
('233893', 467628),
('233941', 447317),
('234284', 243639),
('234400', 246423),
('234846', 574134),
('234867', 300757),
('234869', 821610),
('235044', 220349),
('235750', 188592),
('235842', 394404),
('236052', 149839),
('236344', 602201),
('236880', 231929),
('236927', 798881),
('238057', 18269),
('238225', 397371),
('238613', 348356),
('239274', 166359),
('239948', 597960),
('240058', 25276),
('240211', 195110),
('240349', 301655),
('240938', 610872),
('240968', 295476),
('241916', 508091),
('241938', 60000),
('242069', 673597),
('242241', 425338),
('242986', 806833),
('243156', 363966),
('243297', 300304),
('243621', 885030),
('244158', 663774),
('244206', 501400),
('244296', 760887),
('244862', 599287),
('245513', 518802),
('245778', 334447),
('246425', 278263),
('246463', 308843),
('246582', 276106),
('246927', 477361),
('247745', 10588),
('247777', 773423),
('248317', 377790),
('248871', 564325),
('249246', 546388),
('249622', 370360),
('249717', 335574),
('250780', 538524),
('251270', 208605),
('251600', 43579),
('251870', 166503),
('252516', 167465),
('252601', 516973),
('253067', 214637),
('253965', 747223),
('254339', 258170),
('254353', 334919),
('254638', 880935),
('255133', 608272),
('255993', 301154),
('256843', 784007),
('257750', 66426),
('259080', 740989),
('259506', 479154),
('259928', 27215),
('260830', 324552),
('262082', 419977),
('262756', 62010),
('263001', 452401),
('263051', 184362),
('263109', 549611),
('263430', 585341),
('263741', 425638),
('263749', 19418),
('264101', 842543),
('265247', 661362),
('265458', 448276),
('265855', 28949),
('265964', 544014),
('266049', 16967),
('266224', 275527),
('266568', 585597),
('266894', 5704),
('266933', 190357),
('267332', 309207),
('268096', 2381),
('268154', 837772),
('268457', 309114),
('268634', 614241),
('269319', 152199),
('269952', 690375),
('269981', 162420),
('269984', 421522),
('270690', 582871),
('270801', 3765),
('270972', 398916),
('271261', 726302),
('272114', 40296),
('272686', 365428),
('272711', 283081),
('272848', 537531),
('273960', 328779),
('274117', 470381),
('274508', 628169),
('274706', 44447),
('274847', 504735),
('274868', 313208),
('275913', 90406),
('276314', 699811),
('276507', 138186),
('276559', 317550),
('277066', 229362),
('277203', 230021),
('277569', 583347),
('277654', 280529),
('277658', 136021),
('277961', 548285),
('278117', 82913),
('278432', 608165),
('279371', 623858),
('279747', 648277),
('280676', 658292),
('280929', 505070),
('280947', 654184),
('280985', 755066),
('281539', 329063),
('281566', 286261),
('281591', 873767),
('282806', 4106),
('283048', 341723),
('283494', 761284),
('286004', 131230),
('286330', 797948),
('286535', 733529),
('286607', 122939),
('287197', 109685),
('288300', 213885),
('288364', 440582),
('288923', 359353),
('288961', 747505),
('289502', 154898),
('290437', 304581),
('290910', 171880),
('290958', 225155),
('290975', 882156),
('291320', 314798),
('292573', 99917),
('292912', 96318),
('293183', 120636),
('293558', 214299),
('294238', 503242),
('294416', 353209),
('296839', 832245),
('296900', 467407),
('297010', 504555),
('297413', 89680),
('297430', 718859),
('297625', 283314),
('298688', 201096),
('299521', 151846),
('299761', 891267),
('303154', 633034),
('303401', 709885),
('303606', 171460),
('304409', 746168),
('304572', 463136),
('304603', 309868),
('305244', 427419),
('305610', 730708),
('305661', 123232),
('306347', 713678),
('306574', 292276),
('306993', 771878),
('307038', 626718),
('307230', 782681),
('307510', 408171),
('307550', 441713),
('307775', 470800),
('308354', 366287),
('309899', 143856),
('310275', 125153),
('310393', 502275),
('310510', 365311),
('310794', 132253),
('311215', 716566),
('312011', 44854),
('312999', 232727),
('313324', 450904),
('313587', 680832),
('313903', 835019),
('314540', 723831),
('314618', 57245),
('315071', 311750),
('315343', 697434),
('315447', 526223),
('315759', 657256),
('315877', 218252),
('315915', 425457),
('316244', 38221),
('316533', 232624),
('316696', 23307),
('317204', 749469),
('317420', 888874),
('317765', 99733),
('318007', 487213),
('319776', 740408),
('320051', 791592),
('320985', 373664),
('321169', 299361),
('321287', 606380),
('321581', 247557),
('321610', 659834),
('321652', 469072),
('321735', 288247),
('321807', 313413),
('322791', 380626),
('322909', 701531),
('323644', 180430),
('323789', 858807),
('323935', 784978),
('324052', 886785),
('324092', 244149),
('324526', 173316),
('324640', 360520),
('325238', 336893),
('325679', 164231),
('326119', 272744),
('326316', 310766),
('326432', 465193),
('327112', 552383),
('328113', 716940),
('328535', 101067),
('329029', 645043),
('329435', 341903),
('329651', 50910),
('329758', 871222),
('330501', 563915),
('330592', 697413),
('330623', 403394),
('330804', 542800),
('330890', 638125),
('331300', 681119),
('331386', 57849),
('331513', 309858),
('331830', 154143),
('331984', 196363),
('332818', 856433),
('334094', 777639),
('334582', 68321),
('336068', 722127),
('336255', 93601),
('336350', 266069),
('336490', 618484),
('337461', 401670),
('337799', 13136),
('338415', 265805),
('339013', 198123),
('339283', 479136),
('339585', 398808),
('340119', 296730),
('340332', 102609),
('340486', 279907),
('340926', 679461),
('340934', 819433),
('341769', 590999),
('342172', 836528),
('342744', 323693),
('342768', 373675),
('342918', 426690),
('343676', 16947),
('343709', 50218),
('344228', 97401),
('344352', 459012),
('345722', 658973),
('346795', 782818),
('347229', 482636),
('347484', 407025),
('347519', 514596),
('347779', 734931),
('349358', 873419),
('349371', 66577),
('349823', 511312),
('349990', 225221),
('350252', 355405),
('350683', 863626),
('350741', 7976),
('351413', 709486),
('352313', 713554),
('352685', 734789),
('352897', 749141),
('353209', 80261),
('353318', 715585),
('354534', 121488),
('354944', 621201),
('355655', 149216),
('355874', 49015),
('356444', 456518),
('357061', 443551),
('357491', 606223),
('357579', 415189),
('357796', 735184),
('357906', 445569),
('357964', 199326),
('358175', 275398),
('358208', 583435),
('358212', 379023),
('358381', 511607),
('358809', 71188),
('358985', 400936),
('360147', 336805),
('360212', 457523),
('360411', 801553),
('360513', 711547),
('361199', 97615),
('361741', 255871),
('362471', 855540),
('362611', 821659),
('362926', 731936),
('364543', 142623),
('364580', 172748),
('364652', 118149),
('364669', 751542),
('365181', 24078),
('365270', 17635),
('365344', 837704),
('365661', 126293),
('365814', 266879),
('365933', 129611),
('366651', 207562),
('366849', 497241),
('367899', 114094),
('367900', 93251),
('368039', 721994),
('368740', 46578),
('368942', 392724),
('369322', 142536),
('369642', 26589),
('370002', 825408),
('370126', 94485),
('370137', 733860),
('370502', 803193),
('370587', 222186),
('370614', 324956),
('370972', 812850),
('371035', 308305),
('371635', 462287),
('371977', 459989),
('372282', 347651),
('372595', 419391),
('372853', 870339),
('373288', 677411),
('373853', 70716),
('373990', 165816),
('374187', 85207),
('374849', 893544),
('375090', 879757),
('375372', 32077),
('375641', 300810),
('376377', 100800),
('377040', 730525),
('377144', 831647),
('377533', 621468),
('377583', 258242),
('378211', 821038),
('378481', 163930),
('379570', 171020),
('379717', 345867),
('380076', 164789),
('380459', 455920),
('380548', 439479),
('380736', 54307),
('380740', 663276),
('381092', 8096),
('381577', 882107),
('381791', 528630),
('381918', 694551),
('382107', 70500),
('382193', 38779),
('382268', 341104),
('382902', 398615),
('382959', 218150),
('383854', 753111),
('383914', 120126),
('383964', 801994),
('384591', 707966),
('384816', 280082),
('385018', 57105),
('385642', 71498),
('386025', 272538),
('386069', 655575),
('386544', 47267),
('387374', 827924),
('388268', 483701),
('389572', 708047),
('389598', 814322),
('389942', 668948),
('391816', 528068),
('392078', 893573),
('392247', 863542),
('393123', 47567),
('393792', 842301),
('394009', 713479),
('394363', 504819),
('394848', 566327),
('394868', 884402),
('395199', 117030),
('395672', 265446),
('395689', 298963),
('395702', 31819),
('396366', 563622),
('396537', 684479),
('396571', 23945),
('396694', 574884),
('396833', 621484),
('396946', 252483),
('397351', 157320),
('397536', 804730),
('399580', 553774),
('400141', 346191),
('400269', 579557),
('400677', 533846),
('400911', 757218),
('401196', 758070),
('401325', 158964),
('402857', 7897),
('403061', 608250),
('403178', 270315),
('403648', 159776),
('403740', 677635),
('404156', 48163),
('405274', 761472),
('405513', 488005),
('406215', 557201),
('407196', 380664),
('408091', 152097),
('408903', 843859),
('408958', 265565),
('409246', 38329),
('409393', 306095),
('409586', 44612),
('410105', 429180),
('411286', 724902),
('412289', 241231),
('412332', 542666),
('413128', 436871),
('413285', 118855),
('413441', 33568),
('414089', 359162),
('415898', 379194),
('416092', 197032),
('416471', 490947),
('417848', 735023),
('417963', 378786),
('418000', 897740),
('418080', 148103),
('418136', 228214),
('418456', 310840),
('418696', 856187),
('419364', 791960),
('420346', 255618),
('420410', 719269),
('420606', 844749),
('422418', 173484),
('422479', 46013),
('422727', 334742),
('424341', 195835),
('424417', 753212),
('425528', 257180),
('425531', 411598),
('425920', 345006),
('426561', 690119),
('426916', 795413),
('426995', 760259),
('428204', 156704),
('428611', 199982),
('429343', 421154),
('429984', 628974),
('430466', 673698),
('430791', 580232),
('430864', 437978),
('430880', 537819),
('432197', 777169),
('432422', 261828),
('432846', 847468),
('432904', 87363),
('434594', 262071),
('434801', 54469),
('435521', 239437),
('435527', 497436),
('435962', 848156),
('436083', 851836),
('436158', 521682),
('436427', 302950),
('436775', 698323),
('437068', 524264),
('437484', 436131),
('437664', 424128),
('438119', 882035),
('438579', 41812),
('439763', 553370),
('440382', 234343),
('442130', 738103),
('442436', 119327),
('442553', 63760),
('442691', 464871),
('443396', 15470),
('443533', 431866),
('443909', 155794),
('444036', 666620),
('444062', 616443),
('444660', 237685),
('444885', 593443),
('444895', 307389),
('445200', 479403),
('445473', 128888),
('445834', 342788),
('445880', 382158),
('446160', 360132),
('446241', 455312),
('446446', 471462),
('446637', 102128),
('446916', 710182),
('446923', 834931),
('447693', 169190),
('448264', 334073),
('448358', 855128),
('449715', 458799),
('450073', 713499),
('450278', 613434),
('450654', 135162),
('452890', 220725),
('453526', 607601),
('453628', 286582),
('454076', 247720),
('454599', 248375),
('455079', 48920),
('455315', 460234),
('455890', 58932),
('455926', 619291),
('456463', 394134),
('456474', 348882),
('456682', 529105),
('457247', 687525),
('458948', 310200),
('459050', 708867),
('459304', 873508),
('460722', 305218),
('461321', 738102),
('461699', 17867),
('462076', 191409),
('462203', 675112),
('463025', 318378),
('463110', 820080),
('463139', 132279),
('463887', 652777),
('464965', 75300),
('465814', 829514),
('465940', 600424),
('466048', 276183),
('467289', 683399),
('468184', 270395),
('468185', 393619),
('468443', 880528),
('468676', 514186),
('469005', 438930),
('469253', 640538),
('469585', 403101),
('470029', 726123),
('470257', 37356),
('471191', 805587),
('471830', 445208),
('472251', 597590),
('472464', 164461),
('472670', 775883),
('473375', 229516),
('474191', 327024),
('474667', 814854),
('474720', 679697),
('474791', 726647),
('474911', 364404),
('475430', 645641),
('476204', 895968),
('477331', 32993),
('477927', 808278),
('478121', 692414),
('478831', 837883),
('478932', 468437),
('479789', 437977),
('479805', 132604),
('479906', 203867),
('480419', 444125),
('480551', 97328),
('480565', 596718),
('480720', 197579),
('480917', 812022),
('480976', 149050),
('481024', 514320),
('482642', 828777),
('482837', 47953),
('483721', 204438),
('484782', 395854),
('485005', 586035),
('485105', 130164),
('485130', 898793),
('486007', 727693),
('486132', 492346),
('486282', 676637),
('486609', 742127),
('486709', 491684),
('487216', 881760),
('487466', 525703),
('487772', 574923),
('488059', 614500),
('488098', 637267),
('488232', 13757),
('488498', 842571),
('488534', 121995),
('488660', 564490),
('489570', 151776),
('489871', 87329),
('489908', 673801),
('489944', 386762),
('490699', 284977),
('491242', 441237),
('491292', 811633),
('492762', 161643),
('492873', 683478),
('493016', 833868),
('493142', 48939),
('493143', 815159),
('493170', 522737),
('493241', 347522),
('494381', 645158),
('494426', 886466),
('494828', 133764),
('495585', 282746),
('495810', 784512),
('496968', 568469),
('497163', 211888),
('497223', 178883),
('497802', 886444),
('497883', 73888),
('498594', 865052),
('498942', 540842),
('499929', 820897),
('501098', 128040),
('501223', 308867),
('501874', 739719),
('501942', 764045),
('502160', 773229),
('502270', 65558),
('502301', 110820),
('502374', 402839),
('502890', 183093),
('503428', 15410),
('503878', 482225),
('504330', 894789),
('504439', 581664),
('504756', 760009),
('505485', 111467),
('505501', 772579),
('506224', 162272),
('506418', 586205),
('506574', 543687),
('506608', 138137),
('506726', 44802),
('506757', 636168),
('507141', 174579),
('507450', 365406),
('507559', 229874),
('508565', 504571),
('509527', 681820),
('509845', 738175),
('510071', 833653),
('510474', 669757),
('510913', 134941),
('510937', 352427),
('512344', 872919),
('512474', 329810),
('512753', 491756),
('513349', 676548),
('513582', 609284),
('515181', 97163),
('515235', 450353),
('515891', 229962),
('516426', 10477),
('516599', 672507),
('517132', 68425),
('518870', 812872),
('519151', 40842),
('519548', 195679),
('519672', 76448),
('520598', 874037),
('520625', 851631),
('521009', 459774),
('521679', 570341),
('522251', 130383),
('523352', 618905),
('523584', 309340),
('523611', 3392),
('523988', 220558),
('524202', 580546),
('524411', 162154),
('525188', 712892),
('525402', 866964),
('525906', 611884),
('525907', 828700),
('527128', 786010),
('527722', 7330),
('528601', 309678),
('529058', 50716),
('529554', 405424),
('529727', 592342),
('531057', 628666),
('531114', 363141),
('531143', 195529),
('531216', 3406),
('531572', 262091),
('532565', 232569),
('532642', 153066),
('532844', 19641),
('533923', 315885),
('534117', 440809),
('534337', 516511),
('535171', 485580),
('535958', 494121),
('537264', 876299),
('537374', 770670),
('538056', 735122),
('538294', 391822),
('539202', 634861),
('540196', 291220),
('540547', 201905),
('540896', 700481),
('540975', 247194),
('541076', 592418),
('541086', 726342),
('541445', 512792),
('541906', 438403),
('542246', 416261),
('542251', 416005),
('542320', 115200),
('542894', 26039),
('544408', 373659),
('544806', 315400),
('545001', 812080),
('545373', 154847),
('545375', 674449),
('545675', 583071),
('546007', 4420),
('546229', 17453),
('547101', 118308),
('547165', 475470),
('547360', 379020),
('547576', 847450),
('547919', 69930),
('548073', 494810),
('549001', 897783),
('549520', 791658),
('549599', 789813),
('550109', 221086),
('550539', 508172),
('551037', 275637),
('551230', 351436),
('551703', 507594),
('553075', 666313),
('553552', 679915),
('553854', 892544),
('554045', 745203),
('554556', 163333),
('554799', 835601),
('555665', 201525),
('555722', 684141),
('556341', 277983),
('556437', 368124),
('556607', 850717),
('556676', 87061),
('556821', 582721),
('557412', 487653),
('557439', 298659),
('557809', 699291),
('558113', 425270),
('559165', 165473),
('559769', 457139),
('560104', 837582),
('560408', 694526),
('561159', 714845),
('561690', 287693),
('562478', 626656),
('563049', 316108),
('563589', 357976),
('563833', 844907),
('564374', 768852),
('564449', 522264),
('564648', 44140),
('565622', 685496),
('567885', 423238),
('567898', 53974),
('568377', 866008),
('568662', 593693),
('568680', 811814),
('569293', 293098),
('569340', 797093),
('570463', 432366),
('570939', 251711),
('570972', 425700),
('571008', 673717),
('571140', 291162),
('571537', 472504),
('571569', 561756),
('572447', 726141),
('572692', 396048),
('573553', 86381),
('573660', 170993),
('573721', 30858),
('573834', 461180),
('574075', 209047),
('574442', 377366),
('575164', 265738),
('575231', 320744),
('575980', 604176),
('576073', 807674),
('576076', 318966),
('576467', 495303),
('576554', 238611),
('577184', 299530),
('577508', 443856),
('577627', 78822),
('577646', 822739),
('578175', 441115),
('578574', 898893),
('580885', 140699),
('581214', 584381),
('581521', 148883),
('581614', 816946),
('581910', 556299),
('582771', 512335),
('582790', 500710),
('582854', 661268),
('584408', 763559),
('584585', 651474),
('585696', 128665),
('586732', 745909),
('587409', 1752),
('587476', 341851),
('587775', 860563),
('587904', 581683),
('588439', 117782),
('588643', 169247),
('588872', 442744),
('588887', 484219),
('588974', 711769),
('588976', 234821),
('589235', 726329),
('589881', 683406),
('590207', 691627),
('590249', 301570),
('590474', 305939),
('591014', 861879),
('591156', 764706),
('591747', 651901),
('592082', 451970),
('592771', 34391),
('592905', 651844),
('593830', 334494),
('595253', 853458),
('595398', 385618),
('595455', 513124),
('595837', 1095),
('596057', 215322),
('596677', 153314),
('597074', 594848),
('597317', 69635),
('597762', 490342),
('598311', 249913),
('598730', 30797),
('599720', 796864),
('600289', 510056),
('600319', 422630),
('600822', 847453),
('601280', 506829),
('602145', 52208),
('602825', 353313),
('603107', 726800),
('604556', 694713),
('604625', 445211),
('604670', 699157),
('605101', 869283),
('605216', 814278),
('605252', 97948),
('605311', 151879),
('605831', 766470),
('606218', 240753),
('608322', 702099),
('608351', 456845),
('608497', 681371),
('608914', 224660),
('609396', 831007),
('609685', 740108),
('610592', 122676),
('610656', 619077),
('611354', 812712),
('612201', 823935),
('612266', 240287),
('612961', 17065),
('614200', 31025),
('614284', 591872),
('614606', 553373),
('614834', 77972),
('614873', 19821),
('616015', 323697),
('616117', 200335),
('616504', 743706),
('616763', 175576),
('616893', 242339),
('617276', 235540),
('617633', 56547),
('617877', 534616),
('618375', 582496),
('618707', 19941),
('618830', 644379),
('619122', 591660),
('619715', 29152),
('619869', 508034),
('620124', 395953),
('620555', 297068),
('620644', 637797),
('620720', 788423),
('621520', 129868),
('621551', 270530),
('621672', 36682),
('621681', 489436),
('621863', 357310),
('622274', 315537),
('622872', 812449),
('622917', 38512),
('623806', 736183),
('624207', 267776),
('624843', 1127),
('625493', 792682),
('625518', 688713),
('625659', 369013),
('625870', 28903),
('625929', 88637),
('626346', 831973),
('626599', 594548),
('626870', 766600),
('627173', 815578),
('627245', 659556),
('627550', 621497),
('628429', 453899),
('629320', 869919),
('629328', 417577),
('629499', 177669),
('629655', 827841),
('630172', 286129),
('630422', 751512),
('630531', 837497),
('631942', 507445),
('632066', 693868),
('632252', 806812),
('633046', 790400),
('633828', 256594),
('634095', 788297),
('634451', 488183),
('634475', 764285),
('634721', 462289),
('634965', 524118),
('635094', 220718),
('635422', 654381),
('636640', 548602),
('636785', 402197),
('637656', 685134),
('638834', 32220),
('638952', 223260),
('639283', 253628),
('639393', 586996),
('640206', 883555),
('640291', 611013),
('640840', 285739),
('641293', 466008),
('641595', 99596),
('641801', 274554),
('642281', 106027),
('643235', 693074),
('643314', 222817),
('643701', 252459),
('643820', 622130),
('644835', 241851),
('644852', 874055),
('644933', 551938),
('646122', 100857),
('646130', 532288),
('646250', 857453),
('646846', 437919),
('647410', 270005),
('647516', 822935),
('647559', 877422),
('647663', 524573),
('648303', 387815),
('648983', 565218),
('649011', 360585),
('649296', 157450),
('649379', 171230),
('649392', 282373),
('649425', 860986),
('649440', 892429),
('649784', 596163),
('650544', 599061),
('651075', 122926),
('651720', 355326),
('651988', 651007),
('652103', 272484),
('652605', 81285),
('654153', 333954),
('655301', 484927),
('655660', 39324),
('656010', 745320),
('656288', 1124),
('656657', 404258),
('657507', 741281),
('658150', 321688),
('658467', 43041),
('659311', 363164),
('659998', 822628),
('660146', 537064),
('660969', 746861),
('661044', 555156),
('661881', 883044),
('661956', 275403),
('662469', 778103),
('662490', 789374),
('662921', 240593),
('663071', 209921),
('663525', 620639),
('663532', 636153),
('663789', 514221),
('663880', 75071),
('664667', 252716),
('665212', 660645),
('666382', 80842),
('666871', 16035),
('667116', 537845),
('667786', 285389),
('668061', 187964),
('668589', 701127),
('669254', 444705),
('669541', 101377),
('669712', 181865),
('669978', 111890),
('672986', 383277),
('672994', 350964),
('673233', 594411),
('673391', 147618),
('673447', 516046),
('673673', 92059),
('673961', 188734),
('674244', 592918),
('674329', 323880),
('675250', 668262),
('675678', 368038),
('675838', 780866),
('676037', 468848),
('676590', 465346),
('678314', 554140),
('678359', 836886),
('678738', 626621),
('678741', 783962),
('678843', 83239),
('679205', 150899),
('679553', 232287),
('679810', 406789),
('679816', 723866),
('679851', 535438),
('680726', 603593),
('680794', 18737),
('681237', 307545),
('681440', 150054),
('681517', 300522),
('682435', 51552),
('682600', 210879),
('682619', 705696),
('682890', 411477),
('683439', 307974),
('683847', 550806),
('684142', 472563),
('684698', 390586),
('684711', 847185),
('685157', 837697),
('685946', 209953),
('686872', 481646),
('686993', 330009),
('687465', 207559),
('687565', 107733),
('687581', 780078),
('687890', 188276),
('687973', 246036),
('688002', 470129),
('688282', 454830),
('688285', 660129),
('688327', 54983),
('688573', 132571),
('689068', 26157),
('689787', 770749),
('690021', 57569),
('690529', 28652),
('690612', 521011),
('690785', 795531),
('690906', 818203),
('691123', 889123),
('691965', 866788),
('692389', 353979),
('692734', 98678),
('692971', 582260),
('693269', 466177),
('693358', 148301),
('693471', 517365),
('694505', 406728),
('694522', 361143),
('694765', 114623),
('694986', 247498),
('695393', 889840),
('695480', 221320),
('695505', 426831),
('695653', 138797),
('696151', 472215),
('696185', 871409),
('696602', 758927),
('696971', 352758),
('698178', 707146),
('698816', 480261),
('699706', 410470),
('700114', 818013),
('700377', 634334),
('701319', 526328),
('701333', 287489),
('703254', 650754),
('703390', 616690),
('703626', 846316),
('705084', 399225),
('705096', 765664),
('705267', 44197),
('705823', 20755),
('705917', 78856),
('706103', 319968),
('706997', 535443),
('707009', 693836),
('707329', 812948),
('707368', 518363),
('708038', 254925),
('709323', 513184),
('709378', 501023),
('709691', 157108),
('709943', 475423),
('710115', 134626),
('710252', 241083),
('712228', 399227),
('712339', 675466),
('713167', 184007),
('713396', 35459),
('713505', 315852),
('714126', 26284),
('714301', 95415),
('714421', 441448),
('714920', 415985),
('714987', 680725),
('715416', 322661),
('716085', 679799),
('717160', 280140),
('718024', 326027),
('718626', 350966),
('718631', 482179),
('719120', 527848),
('719188', 28749),
('719613', 824369),
('719617', 669806),
('719749', 177806),
('720222', 543110),
('720611', 346992),
('721132', 621381),
('721578', 193529),
('722095', 284239),
('722252', 28049),
('722423', 711172),
('722528', 393173),
('723289', 464381),
('723312', 843154),
('723505', 671370),
('723756', 186997),
('723810', 146369),
('724219', 345388),
('724484', 485287),
('725284', 624267),
('725967', 702084),
('726161', 345604),
('727867', 405965),
('728301', 342368),
('728747', 541366),
('729648', 225195),
('729779', 857225),
('729885', 708231),
('730150', 472920),
('730344', 452154),
('730633', 47579),
('730655', 79398),
('730739', 104319),
('730828', 319339),
('730830', 147956),
('730894', 723136),
('731185', 330817),
('731253', 74046),
('731735', 187760),
('731862', 104427),
('731914', 795815),
('731999', 398588),
('732105', 704128),
('732636', 274866),
('732757', 726046),
('734214', 877368),
('734603', 92170),
('734714', 8591),
('734931', 390033),
('734949', 282672),
('735243', 464632),
('735601', 158256),
('736291', 637383),
('736754', 31854),
('736869', 842414),
('737077', 791496),
('737115', 546213),
('737159', 183044),
('738157', 266835),
('738990', 690754),
('739470', 447445),
('739473', 404411),
('739538', 250852),
('739626', 328522),
('740719', 485437),
('740792', 89741),
('741309', 242185),
('741598', 584924),
('742329', 97971),
('742351', 15631),
('742474', 591235),
('742522', 743888),
('743317', 672087),
('743359', 359080),
('743399', 177030),
('743950', 111839),
('744524', 435557),
('744815', 429579),
('745218', 293245),
('746510', 654748),
('747291', 567806),
('747664', 298897),
('747686', 635340),
('749235', 255550),
('750856', 104526),
('751904', 539767),
('752721', 149377),
('752760', 630962),
('752766', 514242),
('754890', 443655),
('755013', 120516),
('755397', 52604),
('755658', 250080),
('756009', 758471),
('756427', 162186),
('756933', 466874),
('758186', 602712),
('758248', 318808),
('758663', 885074),
('758864', 93185),
('759111', 474480),
('759430', 362906),
('760230', 684531),
('760491', 777796),
('761797', 110642),
('762266', 437976),
('762540', 826099),
('762669', 579610),
('764521', 898908),
('764956', 899386),
('765524', 43061),
('765615', 784801),
('765887', 882562),
('766059', 624614),
('766520', 485551),
('766570', 798659),
('767081', 277911),
('767724', 513690),
('768396', 501927),
('768769', 277511),
('768809', 598593),
('768861', 691630),
('769903', 865457),
('770646', 316709),
('770741', 691042),
('771186', 452991),
('771620', 619296),
('771684', 486672),
('772194', 592405),
('772255', 310578),
('772284', 601138),
('772364', 821098),
('772575', 548886),
('772753', 337156),
('773598', 136817),
('773632', 856813),
('774034', 764562),
('774571', 693077),
('774829', 625742),
('775514', 728248),
('775651', 580440),
('776176', 353319),
('776198', 662024),
('776881', 699302),
('776915', 552209),
('777447', 572376),
('777978', 802081),
('778382', 226900),
('778395', 518624),
('778683', 422188),
('778942', 878926),
('779411', 598959),
('780015', 226917),
('780397', 685418),
('780528', 785440),
('781090', 763283),
('781159', 12860),
('781753', 613726),
('781823', 792990),
('782022', 544603),
('782610', 200676),
('782716', 514288),
('783061', 766309),
('783404', 825816),
('783415', 576650),
('783442', 484909),
('784590', 551227),
('784654', 309801),
('784779', 766836),
('785123', 616171),
('785263', 181253),
('785865', 777533),
('785932', 282318),
('786016', 696457),
('786664', 548101),
('787820', 483842),
('788090', 133609),
('788726', 750138),
('788895', 146434),
('789198', 256572),
('789551', 828975),
('790704', 231757),
('791085', 534487),
('791643', 702935),
('792210', 539797),
('792907', 609360),
('793072', 418831),
('793952', 379897),
('794825', 2273),
('794915', 669867),
('795466', 378875),
('795714', 19361),
('795821', 363691),
('796335', 478182),
('796472', 640093),
('796625', 622389),
('796689', 485512),
('797364', 23878),
('797389', 639309),
('797700', 879719),
('797970', 289336),
('798439', 814392),
('798502', 274404),
('798514', 591658),
('798746', 517912),
('799051', 109640),
('799087', 891790),
('799683', 78798),
('799805', 836752),
('800747', 291016),
('801566', 758584),
('801739', 167149),
('801870', 837429),
('802082', 825117),
('802341', 434955),
('802651', 756627),
('802903', 253350),
('803032', 105290),
('803832', 608112),
('804126', 451481),
('804649', 826690),
('804790', 354725),
('805118', 836836),
('805471', 377187),
('807332', 857815),
('807333', 95130),
('807851', 547370),
('808519', 426728),
('809701', 784633),
('810193', 689152),
('810966', 697067),
('812470', 71495),
('812620', 293011),
('812874', 149237),
('813099', 546640),
('814151', 16768),
('814753', 311643),
('816224', 747442),
('817099', 569625),
('817365', 217656),
('818856', 866768),
('819489', 838766),
('819938', 84952),
('819965', 322237),
('820003', 133359),
('820473', 120319),
('820877', 353103),
('821467', 329787),
('821479', 832853),
('822505', 137765),
('823088', 420578),
('823370', 165342),
('824316', 727477),
('824534', 751708),
('824651', 578806),
('824960', 589358),
('825169', 425297),
('825743', 75404),
('825766', 450130),
('825980', 724527),
('826157', 286852),
('827780', 497704),
('827841', 374747),
('828093', 487648),
('828337', 821254),
('828407', 422312),
('828594', 854527),
('828607', 878517),
('828629', 697270),
('828833', 517446),
('828970', 400261),
('829018', 19036),
('829869', 70204),
('830942', 464901),
('831013', 554238),
('832047', 342438),
('832248', 248772),
('832597', 790900),
('832918', 69990),
('833169', 3266),
('833409', 351167),
('833918', 142761),
('833942', 429249),
('834031', 654225),
('834047', 9011),
('834241', 652899),
('834314', 4901),
('834321', 185557),
('834638', 787767),
('834659', 513317),
('834885', 616909),
('835660', 401196),
('835691', 463599),
('835836', 785340),
('836411', 285108),
('836747', 845858),
('837772', 677579),
('838037', 21478),
('838289', 766508),
('838324', 537657),
('838463', 374828),
('838702', 313170),
('838936', 50675),
('839070', 627186),
('839183', 190764),
('839238', 405677),
('840806', 608738),
('840936', 413885),
('841360', 789473),
('842200', 659930),
('842454', 617589),
('842742', 298298),
('842779', 317111),
('843222', 881973),
('843227', 822227),
('843616', 820083),
('843993', 650188),
('844186', 795727),
('844334', 210911),
('844449', 77226),
('844631', 221429),
('844691', 678873),
('845203', 847148),
('845280', 722945),
('845539', 689243),
('845848', 667306),
('845876', 792621),
('846006', 383208),
('846895', 361857),
('846988', 186273),
('847129', 245753),
('847188', 772183),
('848095', 574788),
('848724', 89083),
('848729', 528171),
('848763', 684094),
('848783', 486080),
('848996', 625729),
('849347', 638963),
('849616', 717740),
('850415', 383395),
('850666', 622025),
('851210', 391933),
('851540', 76582),
('852397', 545338),
('852891', 4643),
('854591', 714993),
('854654', 586979),
('855068', 462511),
('855212', 637543),
('855468', 540805),
('855755', 725360),
('855915', 788612),
('856954', 265788),
('857169', 720761),
('857686', 692084),
('858288', 2635),
('858629', 714756),
('858881', 776260),
('860654', 294548),
('860738', 530150),
('860936', 354987),
('861232', 849560),
('862104', 741346),
('862590', 417700),
('862880', 195617),
('863202', 622146),
('863220', 562046),
('863376', 403304),
('864014', 309238),
('864353', 470693),
('864433', 586214),
('864616', 824652),
('866037', 347039),
('866603', 701427),
('867047', 732337),
('867233', 873423),
('867859', 208152),
('867929', 232367),
('868015', 27467),
('868159', 499587),
('868308', 3472),
('869230', 786545),
('870606', 9880),
('871529', 302711),
('871552', 463119),
('871895', 580109),
('871957', 630700),
('872000', 253962),
('872361', 357351),
('873240', 689942),
('873316', 441463),
('874173', 207089),
('875194', 87798),
('875348', 27175),
('876309', 572079),
('876477', 77589),
('876507', 283026),
('877538', 517594),
('877646', 602481),
('878462', 57922),
('878563', 898492),
('878579', 639933),
('878621', 428055),
('878968', 480842),
('879101', 202095),
('879213', 588730),
('879501', 22007),
('880382', 58953),
('880551', 668892),
('880941', 668741),
('881119', 307827),
('881275', 649631),
('881385', 762640),
('881469', 459969),
('881727', 821291),
('882020', 313845),
('882385', 72337),
('882744', 728806),
('882948', 775256),
('883257', 685642),
('883538', 759141),
('883560', 280132),
('884112', 189126),
('884482', 723865),
('884754', 713589),
('885512', 701100),
('885794', 348663),
('886025', 202568),
('886464', 128879),
('886650', 893790),
('886880', 151439),
('887036', 755669),
('887130', 49607),
('887432', 554667),
('887626', 881468),
('887742', 633719),
('888070', 221550),
('888129', 386802),
('888511', 624190),
('888928', 80611),
('890653', 796609),
('891051', 332061),
('891930', 152191),
('892331', 411954),
('892763', 420252),
('892776', 359757),
('892800', 727998),
('893939', 119178),
('894117', 614003),
('894475', 117553),
('894613', 115251),
('894685', 272915),
('895341', 581978),
('895729', 469563),
('895750', 330908),
('895921', 611926),
('897841', 453191),
('897864', 532087),
('897926', 868167),
('898213', 798286),
('898383', 765984),
('898900', 122799),
('899052', 432946),
('899314', 3648),
('899912', 460374),
('900206', 576032),
('900731', 571527),
('900927', 867762),
('901041', 741103),
('901120', 70395),
('901293', 166691),
('902198', 427221),
('902492', 164385),
('904059', 47867),
('904132', 371383),
('904247', 245925),
('904474', 453534),
('904716', 445967),
('905618', 654133),
('905776', 569181),
('905818', 247162),
('905972', 798643),
('906134', 643725),
('906221', 401339),
('906311', 651479),
('907208', 346977),
('908504', 451085),
('908920', 341940),
('909231', 92676),
('909356', 36221),
('909529', 66018),
('909929', 337167),
('910014', 544760),
('910932', 458273),
('910962', 894160),
('911334', 526182),
('911437', 340386),
('911833', 852901),
('912126', 844972),
('912224', 703809),
('912275', 331725),
('912802', 55628),
('913094', 417074),
('913562', 747090),
('913666', 90329),
('914469', 186018),
('914523', 200539),
('914532', 217788),
('914887', 101017),
('915336', 281326),
('915513', 106286),
('915641', 55284),
('915890', 587240),
('915897', 836747),
('915930', 614620),
('915962', 326104),
('916322', 589591),
('916435', 390284),
('916862', 251111),
('916985', 642045),
('917167', 481862),
('917750', 737045),
('917936', 148065),
('918272', 285277),
('918450', 535704),
('918674', 204815),
('918952', 596025),
('919162', 813459),
('919344', 19299),
('919416', 83130),
('919652', 38261),
('920159', 278687),
('920727', 866230),
('920774', 540152),
('921094', 516479),
('921113', 861766),
('921544', 349133),
('921576', 799724),
('921976', 305218),
('922765', 16601),
('922793', 99098),
('922924', 672443),
('923017', 147542),
('923326', 311992),
('923374', 438841),
('923792', 714638),
('924119', 557598),
('924486', 56538),
('924850', 2349),
('925254', 542547),
('925496', 596048),
('926396', 690876),
('926824', 796874),
('926840', 275614),
('927038', 430992),
('927850', 262461),
('927988', 732137),
('928162', 797952),
('928299', 48521),
('928658', 626798),
('930281', 871897),
('930305', 478077),
('930557', 31332),
('930936', 564710),
('931047', 409427),
('931445', 500545),
('931937', 368757),
('932062', 475492),
('932087', 101274),
('932325', 864359),
('932517', 257527),
('932931', 515412),
('933522', 238474),
('933910', 262472),
('934091', 790174),
('934264', 154710),
('934422', 561580),
('934576', 605433),
('934892', 809837),
('935386', 674423),
('936910', 4089),
('937555', 263820),
('938197', 820834),
('938694', 899747),
('939324', 348476),
('940695', 651420),
('942011', 82095),
('942558', 284114),
('942575', 435398),
('942617', 304045),
('943135', 892122),
('943639', 23049),
('943852', 262822),
('944696', 588179),
('945229', 553743),
('945327', 539447),
('945810', 842924),
('945963', 524434),
('946059', 846982),
('946157', 176316),
('946656', 550770),
('947309', 404508),
('947392', 838370),
('948138', 446243),
('948449', 864056),
('948453', 606608),
('948724', 293160),
('949177', 313505),
('949517', 323946),
('949622', 527215),
('949752', 740394),
('949993', 476221),
('950470', 421180),
('951477', 50785),
('951491', 518409),
('951724', 383243),
('952579', 188052),
('953045', 408358),
('953356', 538444),
('953539', 815989),
('953655', 538440),
('954044', 253045),
('954589', 868935),
('954680', 281648),
('954914', 398803),
('955263', 604668),
('955880', 80467),
('956634', 357796),
('957674', 734546),
('958004', 236552),
('958074', 728121),
('958576', 685117),
('959093', 405072),
('959163', 403787),
('959222', 598414),
('959232', 740882),
('960033', 702868),
('960166', 136956),
('960180', 249354),
('960708', 185930),
('960960', 314156),
('961986', 304498),
('962083', 591579),
('962453', 833154),
('962457', 672538),
('962705', 306307),
('962875', 323780),
('963073', 314732),
('963438', 234930),
('963777', 447982),
('963801', 751586),
('963808', 459301),
('964152', 98312),
('964318', 851820),
('964465', 54257),
('965108', 630747),
('965326', 157204),
('965876', 394018),
('965981', 237088),
('966618', 282290),
('966779', 8915),
('967032', 767639),
('967623', 507706),
('967863', 728066),
('968108', 579101),
('968133', 885771),
('968282', 391192),
('968526', 190748),
('969091', 553962),
('969617', 626931),
('969896', 414870),
('970025', 170461),
('970158', 418356),
('970305', 346696),
('971580', 268856),
('971928', 570140),
('972119', 714947),
('972920', 630406),
('973180', 272348),
('973494', 818309),
('974484', 428249),
('974606', 45225),
('974628', 316350),
('974820', 577427),
('974958', 795931),
('975961', 203423),
('976969', 194668),
('977005', 58534),
('977050', 878280),
('977813', 74947),
('978078', 698246),
('978141', 845217),
('979188', 1723),
('979320', 492621),
('980004', 85783),
('980111', 245192),
('981388', 290521),
('981644', 607798),
('981659', 41602),
('982539', 440011),
('982856', 36627),
('983084', 568330),
('983168', 143494),
('983434', 481019),
('983956', 284591),
('984774', 319610),
('985155', 718772),
('986322', 317471),
('986561', 262649),
('987059', 418338),
('987088', 570254),
('987201', 297049),
('988230', 464308),
('988916', 899590),
('989106', 485899),
('989327', 92650),
('989457', 112605),
('989620', 747066),
('990056', 645234),
('990747', 381551),
('991404', 594219),
('991825', 711234),
('992773', 575326),
('993162', 262944),
('993362', 86185),
('993674', 202234),
('994098', 688662),
('994161', 643780),
('994337', 789495),
('994933', 368380),
('995033', 378586),
('995329', 597112),
('995381', 632990),
('995401', 128080),
('995442', 806750),
('996547', 707112),
('997051', 570709),
('997275', 190891),
('997321', 244127),
('997454', 115450),
('997660', 885413),
('997818', 864602),
('998434', 332194),
('999421', 96280),
('999804', 295139);

-- 2. 고객잔고 (20개 종목)
INSERT INTO customer_balance (account_number, stock_code, stock_name, quantity, purchase_amount) VALUES
('99911122222', '000763', '삼성전자', 500, 60448778.00),
('99911122222', '001195', 'SK하이닉스', 150, 12914223.00),
('99911122222', '002254', 'NAVER', 80, 43480320.00),
('99911122222', '002505', 'LG화학', 45, 52385464.00),
('99911122222', '002613', '삼성바이오로직스', 25, 75170197.00),
('99911122222', '002952', 'POSCO홀딩스', 120, 24298555.00),
('99911122222', '003167', '기아', 200, 10494124.00),
('99911122222', '003365', '카카오', 180, 57676688.00),
('99911122222', '003720', 'KB금융', 220, 24883683.00),
('99911122222', '003793', '신한지주', 300, 69496188.00),
('99911122222', '004319', 'SK이노베이션', 85, 27769748.00),
('99911122222', '004608', 'SK텔레콤', 160, 74263281.00),
('99911122222', '005474', 'LG전자', 90, 14119285.00),
('99911122222', '005738', '삼성전기', 130, 2198393.00),
('99911122222', '006031', '엔씨소프트', 75, 64551335.00),
('99911122222', '006163', '카카오뱅크', 400, 36579010.00),
('99911122222', '006482', '하나금융지주', 110, 13722686.00),
('99911122222', '007152', '셀트리온', 95, 48120269.00),
('99911122222', '007838', 'LG에너지솔루션', 60, 1240641.00),
('99911122222', '007918', '에코프로비엠', 140, 70622947.00);

-- 3. 매매내역 (930건)
INSERT INTO trading_history (account_number, trading_date, order_number, execution_number, stock_code, buy_sell_code, order_quantity, order_amount) VALUES
('99911122222', '20241001', 'ORD000001', 'EXE000001', '001195', '1', 10, 3654990.00),
('99911122222', '20240222', 'ORD000002', 'EXE000002', '004608', '1', 81, 33416219.00),
('99911122222', '20240428', 'ORD000003', 'EXE000003', '002505', '1', 5, 16823375.00),
('99911122222', '20240207', 'ORD000004', 'EXE000004', '005738', '1', 9, 21151302.00),
('99911122222', '20240329', 'ORD000005', 'EXE000005', '006163', '1', 15, 38099465.00),
('99911122222', '20240608', 'ORD000006', 'EXE000006', '002952', '2', 91, 33837140.00),
('99911122222', '20240911', 'ORD000007', 'EXE000007', '003365', '2', 100, 47740027.00),
('99911122222', '20240430', 'ORD000008', 'EXE000008', '004608', '2', 10, 11703583.00),
('99911122222', '20240203', 'ORD000009', 'EXE000009', '004319', '1', 74, 12880461.00),
('99911122222', '20240614', 'ORD000010', 'EXE000010', '004608', '2', 46, 12749900.00),
('99911122222', '20240415', 'ORD000011', 'EXE000011', '007918', '2', 4, 6251256.00),
('99911122222', '20240127', 'ORD000012', 'EXE000012', '002613', '1', 67, 568361.00),
('99911122222', '20240316', 'ORD000013', 'EXE000013', '003720', '2', 32, 11502269.00),
('99911122222', '20240513', 'ORD000014', 'EXE000014', '003793', '1', 41, 48029600.00),
('99911122222', '20240510', 'ORD000015', 'EXE000015', '000763', '1', 81, 19126854.00),
('99911122222', '20240111', 'ORD000016', 'EXE000016', '003167', '2', 60, 14972660.00),
('99911122222', '20240210', 'ORD000017', 'EXE000017', '005474', '2', 62, 2660350.00),
('99911122222', '20240501', 'ORD000018', 'EXE000018', '006031', '1', 69, 2366772.00),
('99911122222', '20240316', 'ORD000019', 'EXE000019', '006031', '2', 56, 24012928.00),
('99911122222', '20240105', 'ORD000020', 'EXE000020', '006482', '1', 23, 12367314.00),
('99911122222', '20240121', 'ORD000021', 'EXE000021', '004608', '2', 65, 3771010.00),
('99911122222', '20240202', 'ORD000022', 'EXE000022', '007918', '2', 16, 3090868.00),
('99911122222', '20240412', 'ORD000023', 'EXE000023', '005738', '1', 73, 30406855.00),
('99911122222', '20240803', 'ORD000024', 'EXE000024', '004608', '1', 15, 38827231.00),
('99911122222', '20240418', 'ORD000025', 'EXE000025', '003365', '1', 16, 24057179.00),
('99911122222', '20240223', 'ORD000026', 'EXE000026', '004608', '1', 48, 42645818.00),
('99911122222', '20240202', 'ORD000027', 'EXE000027', '005738', '1', 62, 36619515.00),
('99911122222', '20241005', 'ORD000028', 'EXE000028', '007152', '1', 49, 26814575.00),
('99911122222', '20240517', 'ORD000029', 'EXE000029', '006163', '2', 69, 10682434.00),
('99911122222', '20240414', 'ORD000030', 'EXE000030', '006163', '1', 14, 33701950.00),
('99911122222', '20240422', 'ORD000031', 'EXE000031', '006482', '2', 17, 41039167.00),
('99911122222', '20240620', 'ORD000032', 'EXE000032', '003793', '2', 47, 11964760.00),
('99911122222', '20240522', 'ORD000033', 'EXE000033', '002505', '1', 50, 17757447.00),
('99911122222', '20240629', 'ORD000034', 'EXE000034', '003167', '1', 28, 32684840.00),
('99911122222', '20240205', 'ORD000035', 'EXE000035', '000763', '2', 7, 36425158.00),
('99911122222', '20240306', 'ORD000036', 'EXE000036', '006163', '1', 73, 48688075.00),
('99911122222', '20240705', 'ORD000037', 'EXE000037', '002254', '2', 32, 37727077.00),
('99911122222', '20241008', 'ORD000038', 'EXE000038', '007918', '1', 15, 15791288.00),
('99911122222', '20241024', 'ORD000039', 'EXE000039', '007918', '1', 89, 22880474.00),
('99911122222', '20240817', 'ORD000040', 'EXE000040', '007152', '1', 21, 8959001.00),
('99911122222', '20240927', 'ORD000041', 'EXE000041', '002613', '2', 27, 47241043.00),
('99911122222', '20240704', 'ORD000042', 'EXE000042', '001195', '1', 75, 11824306.00),
('99911122222', '20240909', 'ORD000043', 'EXE000043', '005738', '2', 43, 3705458.00),
('99911122222', '20240321', 'ORD000044', 'EXE000044', '003720', '2', 21, 18371725.00),
('99911122222', '20240804', 'ORD000045', 'EXE000045', '003793', '2', 35, 42851480.00),
('99911122222', '20240922', 'ORD000046', 'EXE000046', '003793', '1', 21, 43195980.00),
('99911122222', '20240421', 'ORD000047', 'EXE000047', '005738', '2', 65, 42374893.00),
('99911122222', '20240105', 'ORD000048', 'EXE000048', '005474', '1', 71, 15476958.00),
('99911122222', '20240717', 'ORD000049', 'EXE000049', '002254', '1', 94, 35417868.00),
('99911122222', '20240503', 'ORD000050', 'EXE000050', '006031', '2', 41, 39983106.00),
('99911122222', '20241012', 'ORD000051', 'EXE000051', '002952', '1', 76, 36230224.00),
('99911122222', '20240425', 'ORD000052', 'EXE000052', '002254', '2', 34, 5395202.00),
('99911122222', '20240519', 'ORD000053', 'EXE000053', '003720', '1', 71, 4746726.00),
('99911122222', '20240521', 'ORD000054', 'EXE000054', '003365', '1', 45, 5749407.00),
('99911122222', '20240208', 'ORD000055', 'EXE000055', '006031', '1', 67, 49967397.00),
('99911122222', '20240603', 'ORD000056', 'EXE000056', '003167', '1', 76, 22120685.00),
('99911122222', '20240319', 'ORD000057', 'EXE000057', '002254', '2', 28, 43271130.00),
('99911122222', '20240831', 'ORD000058', 'EXE000058', '003365', '2', 94, 22036521.00),
('99911122222', '20241019', 'ORD000059', 'EXE000059', '003365', '2', 21, 5053365.00),
('99911122222', '20240222', 'ORD000060', 'EXE000060', '005738', '1', 82, 19299987.00),
('99911122222', '20240409', 'ORD000061', 'EXE000061', '007838', '2', 23, 27502175.00),
('99911122222', '20240724', 'ORD000062', 'EXE000062', '002952', '2', 71, 26523571.00),
('99911122222', '20240626', 'ORD000063', 'EXE000063', '003167', '2', 37, 28689010.00),
('99911122222', '20240814', 'ORD000064', 'EXE000064', '004319', '1', 94, 1977686.00),
('99911122222', '20240907', 'ORD000065', 'EXE000065', '003365', '2', 1, 18374173.00),
('99911122222', '20240311', 'ORD000066', 'EXE000066', '002254', '2', 35, 9760024.00),
('99911122222', '20240309', 'ORD000067', 'EXE000067', '006163', '1', 22, 36972214.00),
('99911122222', '20240605', 'ORD000068', 'EXE000068', '004319', '1', 5, 24357368.00),
('99911122222', '20240408', 'ORD000069', 'EXE000069', '003167', '1', 43, 744658.00),
('99911122222', '20240206', 'ORD000070', 'EXE000070', '002613', '2', 40, 34892629.00),
('99911122222', '20240405', 'ORD000071', 'EXE000071', '007918', '2', 36, 34514658.00),
('99911122222', '20240506', 'ORD000072', 'EXE000072', '001195', '1', 58, 16142912.00),
('99911122222', '20240324', 'ORD000073', 'EXE000073', '000763', '1', 23, 25717921.00),
('99911122222', '20240409', 'ORD000074', 'EXE000074', '006163', '1', 46, 8490520.00),
('99911122222', '20240429', 'ORD000075', 'EXE000075', '000763', '1', 4, 19473344.00),
('99911122222', '20240809', 'ORD000076', 'EXE000076', '006163', '1', 54, 21540830.00),
('99911122222', '20240705', 'ORD000077', 'EXE000077', '005474', '1', 24, 18218486.00),
('99911122222', '20240213', 'ORD000078', 'EXE000078', '002505', '2', 43, 37889765.00),
('99911122222', '20240626', 'ORD000079', 'EXE000079', '007838', '2', 14, 37468235.00),
('99911122222', '20240104', 'ORD000080', 'EXE000080', '002613', '1', 44, 36078549.00),
('99911122222', '20240107', 'ORD000081', 'EXE000081', '003793', '2', 42, 28261602.00),
('99911122222', '20241011', 'ORD000082', 'EXE000082', '005474', '2', 62, 47464127.00),
('99911122222', '20240808', 'ORD000083', 'EXE000083', '004319', '1', 7, 1914961.00),
('99911122222', '20241006', 'ORD000084', 'EXE000084', '004319', '1', 48, 12582271.00),
('99911122222', '20240312', 'ORD000085', 'EXE000085', '003720', '2', 99, 27964651.00),
('99911122222', '20240729', 'ORD000086', 'EXE000086', '003167', '1', 81, 12414581.00),
('99911122222', '20240907', 'ORD000087', 'EXE000087', '003365', '2', 58, 48269345.00),
('99911122222', '20240619', 'ORD000088', 'EXE000088', '006031', '2', 46, 49775186.00),
('99911122222', '20240325', 'ORD000089', 'EXE000089', '002613', '2', 50, 14414444.00),
('99911122222', '20240902', 'ORD000090', 'EXE000090', '003167', '2', 29, 8921498.00),
('99911122222', '20240516', 'ORD000091', 'EXE000091', '001195', '1', 53, 19602714.00),
('99911122222', '20240503', 'ORD000092', 'EXE000092', '006482', '1', 73, 12442961.00),
('99911122222', '20241024', 'ORD000093', 'EXE000093', '007918', '2', 28, 25369054.00),
('99911122222', '20240819', 'ORD000094', 'EXE000094', '007838', '1', 88, 7069873.00),
('99911122222', '20240223', 'ORD000095', 'EXE000095', '000763', '1', 49, 8804139.00),
('99911122222', '20240903', 'ORD000096', 'EXE000096', '003720', '2', 49, 8642322.00),
('99911122222', '20240216', 'ORD000097', 'EXE000097', '003365', '2', 45, 46454095.00),
('99911122222', '20240407', 'ORD000098', 'EXE000098', '005738', '2', 78, 31631308.00),
('99911122222', '20240322', 'ORD000099', 'EXE000099', '007918', '1', 82, 27149526.00),
('99911122222', '20240430', 'ORD000100', 'EXE000100', '005738', '1', 96, 34247097.00),
('99911122222', '20240811', 'ORD000101', 'EXE000101', '007918', '2', 18, 37328878.00),
('99911122222', '20240817', 'ORD000102', 'EXE000102', '003793', '2', 47, 29302935.00),
('99911122222', '20240305', 'ORD000103', 'EXE000103', '004319', '2', 7, 12463305.00),
('99911122222', '20240805', 'ORD000104', 'EXE000104', '001195', '1', 37, 47823030.00),
('99911122222', '20240505', 'ORD000105', 'EXE000105', '006482', '2', 17, 1656490.00),
('99911122222', '20241001', 'ORD000106', 'EXE000106', '002613', '1', 24, 24222350.00),
('99911122222', '20240907', 'ORD000107', 'EXE000107', '007152', '1', 61, 17575683.00),
('99911122222', '20240817', 'ORD000108', 'EXE000108', '006163', '1', 75, 19190542.00),
('99911122222', '20240523', 'ORD000109', 'EXE000109', '004319', '1', 51, 31280840.00),
('99911122222', '20240312', 'ORD000110', 'EXE000110', '006163', '1', 87, 15058836.00),
('99911122222', '20240709', 'ORD000111', 'EXE000111', '002613', '2', 7, 32761076.00),
('99911122222', '20240322', 'ORD000112', 'EXE000112', '007838', '1', 72, 22972218.00),
('99911122222', '20240607', 'ORD000113', 'EXE000113', '004608', '2', 32, 13515028.00),
('99911122222', '20240119', 'ORD000114', 'EXE000114', '003167', '2', 81, 19932104.00),
('99911122222', '20240926', 'ORD000115', 'EXE000115', '003793', '2', 37, 31635011.00),
('99911122222', '20240530', 'ORD000116', 'EXE000116', '006031', '1', 53, 2373703.00),
('99911122222', '20240420', 'ORD000117', 'EXE000117', '003720', '1', 97, 3297025.00),
('99911122222', '20240102', 'ORD000118', 'EXE000118', '001195', '1', 18, 19672438.00),
('99911122222', '20240516', 'ORD000119', 'EXE000119', '007152', '1', 55, 21793176.00),
('99911122222', '20240426', 'ORD000120', 'EXE000120', '006482', '1', 86, 16770059.00),
('99911122222', '20240905', 'ORD000121', 'EXE000121', '003365', '2', 21, 3527978.00),
('99911122222', '20240323', 'ORD000122', 'EXE000122', '002613', '1', 4, 21706051.00),
('99911122222', '20241014', 'ORD000123', 'EXE000123', '004608', '2', 72, 14216967.00),
('99911122222', '20240519', 'ORD000124', 'EXE000124', '007838', '2', 25, 22344735.00),
('99911122222', '20240726', 'ORD000125', 'EXE000125', '007152', '2', 38, 4319289.00),
('99911122222', '20240318', 'ORD000126', 'EXE000126', '006163', '1', 51, 15314417.00),
('99911122222', '20240304', 'ORD000127', 'EXE000127', '003167', '2', 30, 42227538.00),
('99911122222', '20241018', 'ORD000128', 'EXE000128', '005738', '1', 15, 3529217.00),
('99911122222', '20240319', 'ORD000129', 'EXE000129', '006163', '1', 29, 923537.00),
('99911122222', '20240507', 'ORD000130', 'EXE000130', '005738', '1', 17, 17365017.00),
('99911122222', '20240622', 'ORD000131', 'EXE000131', '005738', '1', 17, 21421235.00),
('99911122222', '20241010', 'ORD000132', 'EXE000132', '007838', '2', 29, 29206374.00),
('99911122222', '20240502', 'ORD000133', 'EXE000133', '002952', '1', 3, 5873980.00),
('99911122222', '20240803', 'ORD000134', 'EXE000134', '003365', '1', 70, 46152081.00),
('99911122222', '20240118', 'ORD000135', 'EXE000135', '002613', '2', 64, 30412322.00),
('99911122222', '20240210', 'ORD000136', 'EXE000136', '007152', '1', 51, 48952585.00),
('99911122222', '20240104', 'ORD000137', 'EXE000137', '002254', '1', 13, 7271403.00),
('99911122222', '20240829', 'ORD000138', 'EXE000138', '001195', '2', 68, 36103130.00),
('99911122222', '20240627', 'ORD000139', 'EXE000139', '002952', '2', 2, 28226287.00),
('99911122222', '20240106', 'ORD000140', 'EXE000140', '005474', '2', 13, 49264326.00),
('99911122222', '20240216', 'ORD000141', 'EXE000141', '004319', '1', 42, 19974778.00),
('99911122222', '20240605', 'ORD000142', 'EXE000142', '000763', '2', 75, 36889301.00),
('99911122222', '20240507', 'ORD000143', 'EXE000143', '004319', '2', 80, 1396581.00),
('99911122222', '20240321', 'ORD000144', 'EXE000144', '003793', '1', 33, 21338586.00),
('99911122222', '20240525', 'ORD000145', 'EXE000145', '002505', '2', 98, 10683899.00),
('99911122222', '20240201', 'ORD000146', 'EXE000146', '002505', '2', 44, 15516128.00),
('99911122222', '20240529', 'ORD000147', 'EXE000147', '002952', '2', 82, 9039226.00),
('99911122222', '20240721', 'ORD000148', 'EXE000148', '001195', '1', 93, 33014613.00),
('99911122222', '20240317', 'ORD000149', 'EXE000149', '003793', '2', 100, 49410501.00),
('99911122222', '20240320', 'ORD000150', 'EXE000150', '002952', '2', 85, 40559340.00),
('99911122222', '20240206', 'ORD000151', 'EXE000151', '003793', '1', 95, 41234263.00),
('99911122222', '20240213', 'ORD000152', 'EXE000152', '006482', '1', 71, 10008687.00),
('99911122222', '20240623', 'ORD000153', 'EXE000153', '000763', '1', 95, 28144026.00),
('99911122222', '20240226', 'ORD000154', 'EXE000154', '002952', '1', 34, 19054646.00),
('99911122222', '20240615', 'ORD000155', 'EXE000155', '006482', '1', 6, 19303008.00),
('99911122222', '20240705', 'ORD000156', 'EXE000156', '001195', '2', 55, 13974724.00),
('99911122222', '20240912', 'ORD000157', 'EXE000157', '004608', '2', 10, 17051655.00),
('99911122222', '20240523', 'ORD000158', 'EXE000158', '006163', '2', 16, 3527419.00),
('99911122222', '20240504', 'ORD000159', 'EXE000159', '005474', '2', 98, 20037055.00),
('99911122222', '20240411', 'ORD000160', 'EXE000160', '003365', '1', 77, 32028699.00),
('99911122222', '20240101', 'ORD000161', 'EXE000161', '003167', '1', 64, 41100768.00),
('99911122222', '20241025', 'ORD000162', 'EXE000162', '007152', '2', 100, 27825011.00),
('99911122222', '20241010', 'ORD000163', 'EXE000163', '003167', '1', 13, 27855275.00),
('99911122222', '20240326', 'ORD000164', 'EXE000164', '002613', '1', 71, 28381085.00),
('99911122222', '20240917', 'ORD000165', 'EXE000165', '000763', '2', 42, 19291953.00),
('99911122222', '20240710', 'ORD000166', 'EXE000166', '007918', '2', 78, 17984643.00),
('99911122222', '20240214', 'ORD000167', 'EXE000167', '007838', '1', 89, 48846502.00),
('99911122222', '20240608', 'ORD000168', 'EXE000168', '006163', '1', 20, 38933551.00),
('99911122222', '20241020', 'ORD000169', 'EXE000169', '007152', '1', 42, 19189989.00),
('99911122222', '20240802', 'ORD000170', 'EXE000170', '003793', '1', 86, 8982371.00),
('99911122222', '20240620', 'ORD000171', 'EXE000171', '004608', '2', 16, 30993391.00),
('99911122222', '20240804', 'ORD000172', 'EXE000172', '007918', '1', 87, 49747002.00),
('99911122222', '20240614', 'ORD000173', 'EXE000173', '006163', '1', 25, 32309850.00),
('99911122222', '20240816', 'ORD000174', 'EXE000174', '004319', '2', 40, 7952591.00),
('99911122222', '20240225', 'ORD000175', 'EXE000175', '006482', '1', 51, 45379483.00),
('99911122222', '20240225', 'ORD000176', 'EXE000176', '002254', '2', 76, 22841141.00),
('99911122222', '20240830', 'ORD000177', 'EXE000177', '006163', '2', 84, 47871582.00),
('99911122222', '20240428', 'ORD000178', 'EXE000178', '002254', '1', 2, 44251137.00),
('99911122222', '20240203', 'ORD000179', 'EXE000179', '002505', '1', 19, 40967692.00),
('99911122222', '20240804', 'ORD000180', 'EXE000180', '006031', '2', 54, 20942442.00),
('99911122222', '20240626', 'ORD000181', 'EXE000181', '003365', '2', 42, 14945359.00),
('99911122222', '20241010', 'ORD000182', 'EXE000182', '003793', '2', 27, 30091064.00),
('99911122222', '20240222', 'ORD000183', 'EXE000183', '005738', '1', 38, 10017943.00),
('99911122222', '20240806', 'ORD000184', 'EXE000184', '003365', '2', 64, 44567691.00),
('99911122222', '20241001', 'ORD000185', 'EXE000185', '004319', '2', 37, 13958539.00),
('99911122222', '20241022', 'ORD000186', 'EXE000186', '004608', '2', 14, 14340913.00),
('99911122222', '20240625', 'ORD000187', 'EXE000187', '006482', '1', 16, 44160828.00),
('99911122222', '20240620', 'ORD000188', 'EXE000188', '003365', '1', 71, 25662237.00),
('99911122222', '20240422', 'ORD000189', 'EXE000189', '006163', '1', 80, 16108943.00),
('99911122222', '20240128', 'ORD000190', 'EXE000190', '002254', '1', 1, 4390293.00),
('99911122222', '20240530', 'ORD000191', 'EXE000191', '002505', '1', 72, 44728084.00),
('99911122222', '20240516', 'ORD000192', 'EXE000192', '006031', '2', 45, 27412321.00),
('99911122222', '20240915', 'ORD000193', 'EXE000193', '006163', '1', 15, 30868035.00),
('99911122222', '20241027', 'ORD000194', 'EXE000194', '002952', '2', 96, 42884927.00),
('99911122222', '20240627', 'ORD000195', 'EXE000195', '002505', '2', 5, 33088980.00),
('99911122222', '20240306', 'ORD000196', 'EXE000196', '006031', '1', 79, 20762360.00),
('99911122222', '20240216', 'ORD000197', 'EXE000197', '001195', '2', 27, 7897851.00),
('99911122222', '20240515', 'ORD000198', 'EXE000198', '002254', '2', 8, 291345.00),
('99911122222', '20240725', 'ORD000199', 'EXE000199', '003365', '1', 59, 13205765.00),
('99911122222', '20240619', 'ORD000200', 'EXE000200', '000763', '2', 33, 18613487.00),
('99911122222', '20240414', 'ORD000201', 'EXE000201', '006031', '1', 9, 6477941.00),
('99911122222', '20240522', 'ORD000202', 'EXE000202', '006031', '2', 100, 45406807.00),
('99911122222', '20240606', 'ORD000203', 'EXE000203', '003365', '2', 73, 26333770.00),
('99911122222', '20240806', 'ORD000204', 'EXE000204', '006031', '1', 29, 46462344.00),
('99911122222', '20240615', 'ORD000205', 'EXE000205', '006031', '2', 37, 5660676.00),
('99911122222', '20240518', 'ORD000206', 'EXE000206', '000763', '1', 66, 10466185.00),
('99911122222', '20240823', 'ORD000207', 'EXE000207', '002613', '1', 81, 35335704.00),
('99911122222', '20240429', 'ORD000208', 'EXE000208', '000763', '2', 6, 37051953.00),
('99911122222', '20240114', 'ORD000209', 'EXE000209', '007152', '2', 79, 32767857.00),
('99911122222', '20240819', 'ORD000210', 'EXE000210', '007152', '2', 9, 16600548.00),
('99911122222', '20240110', 'ORD000211', 'EXE000211', '005474', '1', 89, 27806634.00),
('99911122222', '20240116', 'ORD000212', 'EXE000212', '002952', '2', 62, 19977437.00),
('99911122222', '20240425', 'ORD000213', 'EXE000213', '004319', '2', 85, 33452091.00),
('99911122222', '20240418', 'ORD000214', 'EXE000214', '003365', '2', 83, 26231566.00),
('99911122222', '20240118', 'ORD000215', 'EXE000215', '007838', '1', 39, 46188484.00),
('99911122222', '20240302', 'ORD000216', 'EXE000216', '003720', '2', 14, 28508969.00),
('99911122222', '20240809', 'ORD000217', 'EXE000217', '001195', '2', 73, 44946257.00),
('99911122222', '20240901', 'ORD000218', 'EXE000218', '006482', '2', 8, 28395143.00),
('99911122222', '20240826', 'ORD000219', 'EXE000219', '005474', '1', 70, 45579124.00),
('99911122222', '20241003', 'ORD000220', 'EXE000220', '000763', '2', 76, 21900782.00),
('99911122222', '20240807', 'ORD000221', 'EXE000221', '005738', '1', 69, 12688930.00),
('99911122222', '20240323', 'ORD000222', 'EXE000222', '003793', '1', 50, 43382065.00),
('99911122222', '20240410', 'ORD000223', 'EXE000223', '000763', '1', 77, 30883690.00),
('99911122222', '20240526', 'ORD000224', 'EXE000224', '005474', '1', 75, 4157998.00),
('99911122222', '20240115', 'ORD000225', 'EXE000225', '003793', '1', 25, 31259463.00),
('99911122222', '20240830', 'ORD000226', 'EXE000226', '006163', '1', 54, 34437111.00),
('99911122222', '20240614', 'ORD000227', 'EXE000227', '002613', '1', 93, 41520771.00),
('99911122222', '20240417', 'ORD000228', 'EXE000228', '002613', '2', 11, 47521901.00),
('99911122222', '20241007', 'ORD000229', 'EXE000229', '004608', '2', 79, 8632764.00),
('99911122222', '20240630', 'ORD000230', 'EXE000230', '003365', '2', 59, 39030159.00),
('99911122222', '20240404', 'ORD000231', 'EXE000231', '003365', '2', 85, 8482469.00),
('99911122222', '20240606', 'ORD000232', 'EXE000232', '002952', '2', 25, 39606073.00),
('99911122222', '20240323', 'ORD000233', 'EXE000233', '003720', '2', 23, 27898879.00),
('99911122222', '20240727', 'ORD000234', 'EXE000234', '003167', '1', 24, 36421884.00),
('99911122222', '20240106', 'ORD000235', 'EXE000235', '003793', '2', 22, 42349226.00),
('99911122222', '20240821', 'ORD000236', 'EXE000236', '002613', '1', 20, 5831627.00),
('99911122222', '20240418', 'ORD000237', 'EXE000237', '006163', '1', 16, 40165972.00),
('99911122222', '20241024', 'ORD000238', 'EXE000238', '007838', '1', 71, 26775119.00),
('99911122222', '20240809', 'ORD000239', 'EXE000239', '003365', '1', 41, 43113479.00),
('99911122222', '20240228', 'ORD000240', 'EXE000240', '003167', '1', 75, 14570059.00),
('99911122222', '20240801', 'ORD000241', 'EXE000241', '004319', '1', 81, 49039025.00),
('99911122222', '20240516', 'ORD000242', 'EXE000242', '002505', '2', 40, 30795639.00),
('99911122222', '20240923', 'ORD000243', 'EXE000243', '006482', '1', 74, 28999804.00),
('99911122222', '20240502', 'ORD000244', 'EXE000244', '000763', '1', 24, 43290855.00),
('99911122222', '20240427', 'ORD000245', 'EXE000245', '007838', '1', 28, 26481820.00),
('99911122222', '20240808', 'ORD000246', 'EXE000246', '003167', '2', 57, 1167014.00),
('99911122222', '20240714', 'ORD000247', 'EXE000247', '005738', '1', 60, 37946799.00),
('99911122222', '20240804', 'ORD000248', 'EXE000248', '002613', '2', 23, 45644037.00),
('99911122222', '20240625', 'ORD000249', 'EXE000249', '002952', '2', 6, 31823869.00),
('99911122222', '20240214', 'ORD000250', 'EXE000250', '002952', '2', 24, 19134517.00),
('99911122222', '20240219', 'ORD000251', 'EXE000251', '007918', '2', 71, 43298359.00),
('99911122222', '20240510', 'ORD000252', 'EXE000252', '003167', '1', 41, 45429080.00),
('99911122222', '20240730', 'ORD000253', 'EXE000253', '003365', '2', 3, 43732572.00),
('99911122222', '20240719', 'ORD000254', 'EXE000254', '001195', '2', 28, 21725955.00),
('99911122222', '20240826', 'ORD000255', 'EXE000255', '000763', '2', 86, 40884524.00),
('99911122222', '20240616', 'ORD000256', 'EXE000256', '003793', '1', 13, 44719397.00),
('99911122222', '20240226', 'ORD000257', 'EXE000257', '007152', '2', 16, 49257579.00),
('99911122222', '20240517', 'ORD000258', 'EXE000258', '002254', '2', 91, 27853445.00),
('99911122222', '20240804', 'ORD000259', 'EXE000259', '002505', '1', 9, 15535198.00),
('99911122222', '20240213', 'ORD000260', 'EXE000260', '003167', '1', 14, 49303504.00),
('99911122222', '20240821', 'ORD000261', 'EXE000261', '004319', '1', 89, 48817523.00),
('99911122222', '20241006', 'ORD000262', 'EXE000262', '002254', '1', 36, 32465693.00),
('99911122222', '20241014', 'ORD000263', 'EXE000263', '002613', '2', 70, 36052326.00),
('99911122222', '20240228', 'ORD000264', 'EXE000264', '002952', '2', 91, 37643662.00),
('99911122222', '20240308', 'ORD000265', 'EXE000265', '007918', '1', 27, 36771875.00),
('99911122222', '20241020', 'ORD000266', 'EXE000266', '006163', '2', 52, 2203625.00),
('99911122222', '20241025', 'ORD000267', 'EXE000267', '003720', '1', 37, 5359106.00),
('99911122222', '20240804', 'ORD000268', 'EXE000268', '006031', '1', 45, 32718305.00),
('99911122222', '20241005', 'ORD000269', 'EXE000269', '004608', '1', 48, 21796707.00),
('99911122222', '20241013', 'ORD000270', 'EXE000270', '007838', '1', 29, 15972969.00),
('99911122222', '20240707', 'ORD000271', 'EXE000271', '007838', '2', 57, 20665863.00),
('99911122222', '20240505', 'ORD000272', 'EXE000272', '007152', '1', 26, 493200.00),
('99911122222', '20240127', 'ORD000273', 'EXE000273', '007838', '2', 44, 42172025.00),
('99911122222', '20240708', 'ORD000274', 'EXE000274', '006031', '1', 83, 29468896.00),
('99911122222', '20240723', 'ORD000275', 'EXE000275', '002952', '1', 89, 32474574.00),
('99911122222', '20240925', 'ORD000276', 'EXE000276', '003720', '1', 97, 32711852.00),
('99911122222', '20240708', 'ORD000277', 'EXE000277', '005474', '2', 77, 11833499.00),
('99911122222', '20240915', 'ORD000278', 'EXE000278', '007838', '1', 41, 37415279.00),
('99911122222', '20240629', 'ORD000279', 'EXE000279', '003793', '1', 34, 13232413.00),
('99911122222', '20240711', 'ORD000280', 'EXE000280', '006031', '2', 12, 36581323.00),
('99911122222', '20240620', 'ORD000281', 'EXE000281', '004608', '1', 90, 20922754.00),
('99911122222', '20240821', 'ORD000282', 'EXE000282', '002952', '2', 7, 33941667.00),
('99911122222', '20240720', 'ORD000283', 'EXE000283', '007918', '1', 22, 35646152.00),
('99911122222', '20241006', 'ORD000284', 'EXE000284', '003365', '2', 25, 7417547.00),
('99911122222', '20240108', 'ORD000285', 'EXE000285', '004608', '2', 57, 29782210.00),
('99911122222', '20240820', 'ORD000286', 'EXE000286', '003793', '1', 40, 9881199.00),
('99911122222', '20240127', 'ORD000287', 'EXE000287', '003720', '1', 88, 27793403.00),
('99911122222', '20240831', 'ORD000288', 'EXE000288', '005738', '1', 11, 23168474.00),
('99911122222', '20241025', 'ORD000289', 'EXE000289', '002613', '1', 86, 27753716.00),
('99911122222', '20240424', 'ORD000290', 'EXE000290', '007152', '1', 89, 24279646.00),
('99911122222', '20240425', 'ORD000291', 'EXE000291', '002952', '1', 17, 31713325.00),
('99911122222', '20240929', 'ORD000292', 'EXE000292', '002952', '2', 27, 29565363.00),
('99911122222', '20240703', 'ORD000293', 'EXE000293', '006482', '2', 18, 41838358.00),
('99911122222', '20240718', 'ORD000294', 'EXE000294', '003720', '1', 39, 31558156.00),
('99911122222', '20240604', 'ORD000295', 'EXE000295', '003793', '1', 95, 8076012.00),
('99911122222', '20240528', 'ORD000296', 'EXE000296', '006482', '1', 93, 7184654.00),
('99911122222', '20240409', 'ORD000297', 'EXE000297', '003167', '1', 36, 47167199.00),
('99911122222', '20240928', 'ORD000298', 'EXE000298', '004319', '2', 77, 44894049.00),
('99911122222', '20240613', 'ORD000299', 'EXE000299', '007152', '1', 57, 3031044.00),
('99911122222', '20240126', 'ORD000300', 'EXE000300', '003167', '1', 88, 17561409.00),
('99911122222', '20240201', 'ORD000301', 'EXE000301', '004608', '1', 71, 46220772.00),
('99911122222', '20240824', 'ORD000302', 'EXE000302', '004319', '2', 10, 27976702.00),
('99911122222', '20240630', 'ORD000303', 'EXE000303', '007838', '1', 13, 14036214.00),
('99911122222', '20240620', 'ORD000304', 'EXE000304', '001195', '1', 28, 13684913.00),
('99911122222', '20240613', 'ORD000305', 'EXE000305', '003793', '2', 93, 34321464.00),
('99911122222', '20240814', 'ORD000306', 'EXE000306', '004319', '1', 87, 32678754.00),
('99911122222', '20240216', 'ORD000307', 'EXE000307', '003365', '2', 37, 24843357.00),
('99911122222', '20241018', 'ORD000308', 'EXE000308', '006031', '1', 35, 12195832.00),
('99911122222', '20240105', 'ORD000309', 'EXE000309', '005738', '2', 68, 16368965.00),
('99911122222', '20241016', 'ORD000310', 'EXE000310', '006482', '1', 54, 10869554.00),
('99911122222', '20240201', 'ORD000311', 'EXE000311', '006482', '2', 79, 16146923.00),
('99911122222', '20240309', 'ORD000312', 'EXE000312', '005738', '1', 20, 1569089.00),
('99911122222', '20240116', 'ORD000313', 'EXE000313', '003793', '1', 8, 25639905.00),
('99911122222', '20240413', 'ORD000314', 'EXE000314', '007838', '1', 86, 26383726.00),
('99911122222', '20241010', 'ORD000315', 'EXE000315', '002505', '1', 96, 1003822.00),
('99911122222', '20240322', 'ORD000316', 'EXE000316', '001195', '2', 57, 24708793.00),
('99911122222', '20240712', 'ORD000317', 'EXE000317', '004608', '1', 76, 35113323.00),
('99911122222', '20241018', 'ORD000318', 'EXE000318', '004319', '1', 48, 27829242.00),
('99911122222', '20240214', 'ORD000319', 'EXE000319', '007918', '1', 51, 22401175.00),
('99911122222', '20240313', 'ORD000320', 'EXE000320', '001195', '2', 59, 19962922.00),
('99911122222', '20240826', 'ORD000321', 'EXE000321', '005738', '1', 6, 29660093.00),
('99911122222', '20240519', 'ORD000322', 'EXE000322', '003365', '2', 76, 39758411.00),
('99911122222', '20240505', 'ORD000323', 'EXE000323', '003167', '2', 66, 35130158.00),
('99911122222', '20240311', 'ORD000324', 'EXE000324', '006163', '2', 15, 21439663.00),
('99911122222', '20240217', 'ORD000325', 'EXE000325', '004319', '2', 27, 24400548.00),
('99911122222', '20241024', 'ORD000326', 'EXE000326', '003167', '1', 26, 39367124.00),
('99911122222', '20240205', 'ORD000327', 'EXE000327', '004608', '1', 2, 40061284.00),
('99911122222', '20241007', 'ORD000328', 'EXE000328', '006031', '2', 62, 38453294.00),
('99911122222', '20240416', 'ORD000329', 'EXE000329', '005738', '2', 86, 9778042.00),
('99911122222', '20240105', 'ORD000330', 'EXE000330', '002505', '2', 82, 18898614.00),
('99911122222', '20240411', 'ORD000331', 'EXE000331', '005738', '2', 19, 44652064.00),
('99911122222', '20240314', 'ORD000332', 'EXE000332', '002254', '1', 42, 25800228.00),
('99911122222', '20241026', 'ORD000333', 'EXE000333', '005738', '2', 75, 28951208.00),
('99911122222', '20240603', 'ORD000334', 'EXE000334', '007838', '1', 63, 25154352.00),
('99911122222', '20240517', 'ORD000335', 'EXE000335', '006163', '1', 90, 21246884.00),
('99911122222', '20240226', 'ORD000336', 'EXE000336', '005738', '1', 29, 22107409.00),
('99911122222', '20240807', 'ORD000337', 'EXE000337', '002254', '1', 71, 8711520.00),
('99911122222', '20240329', 'ORD000338', 'EXE000338', '005474', '1', 4, 25702329.00),
('99911122222', '20240904', 'ORD000339', 'EXE000339', '006031', '2', 58, 37185290.00),
('99911122222', '20240718', 'ORD000340', 'EXE000340', '003167', '1', 18, 26762155.00),
('99911122222', '20240610', 'ORD000341', 'EXE000341', '007918', '1', 65, 40102617.00),
('99911122222', '20240407', 'ORD000342', 'EXE000342', '006482', '1', 59, 28938936.00),
('99911122222', '20240610', 'ORD000343', 'EXE000343', '007152', '1', 57, 18805313.00),
('99911122222', '20240412', 'ORD000344', 'EXE000344', '000763', '2', 15, 47223579.00),
('99911122222', '20240115', 'ORD000345', 'EXE000345', '002254', '1', 41, 15871634.00),
('99911122222', '20240808', 'ORD000346', 'EXE000346', '002613', '2', 3, 16364339.00),
('99911122222', '20240714', 'ORD000347', 'EXE000347', '007918', '2', 66, 6130930.00),
('99911122222', '20241023', 'ORD000348', 'EXE000348', '002505', '1', 87, 3581914.00),
('99911122222', '20240718', 'ORD000349', 'EXE000349', '002505', '1', 42, 48755156.00),
('99911122222', '20240715', 'ORD000350', 'EXE000350', '006031', '2', 31, 30771992.00),
('99911122222', '20240402', 'ORD000351', 'EXE000351', '004319', '1', 77, 14703962.00),
('99911122222', '20240827', 'ORD000352', 'EXE000352', '006163', '1', 92, 12947944.00),
('99911122222', '20240101', 'ORD000353', 'EXE000353', '003793', '1', 30, 34624153.00),
('99911122222', '20240926', 'ORD000354', 'EXE000354', '007918', '2', 27, 29984829.00),
('99911122222', '20240812', 'ORD000355', 'EXE000355', '005738', '2', 41, 13849683.00),
('99911122222', '20241023', 'ORD000356', 'EXE000356', '004319', '2', 16, 41103635.00),
('99911122222', '20240121', 'ORD000357', 'EXE000357', '006031', '2', 92, 21394514.00),
('99911122222', '20240430', 'ORD000358', 'EXE000358', '001195', '2', 26, 46692255.00),
('99911122222', '20240120', 'ORD000359', 'EXE000359', '007918', '2', 5, 44841351.00),
('99911122222', '20240118', 'ORD000360', 'EXE000360', '007152', '1', 75, 7049187.00),
('99911122222', '20240729', 'ORD000361', 'EXE000361', '006031', '2', 72, 13249691.00),
('99911122222', '20240208', 'ORD000362', 'EXE000362', '003167', '2', 4, 46914864.00),
('99911122222', '20240226', 'ORD000363', 'EXE000363', '003365', '2', 37, 19114966.00),
('99911122222', '20240130', 'ORD000364', 'EXE000364', '006163', '1', 5, 10087341.00),
('99911122222', '20240221', 'ORD000365', 'EXE000365', '002505', '1', 22, 33619953.00),
('99911122222', '20240211', 'ORD000366', 'EXE000366', '003365', '2', 44, 47640503.00),
('99911122222', '20240310', 'ORD000367', 'EXE000367', '006163', '1', 10, 49787018.00),
('99911122222', '20240413', 'ORD000368', 'EXE000368', '003365', '2', 89, 12286003.00),
('99911122222', '20240407', 'ORD000369', 'EXE000369', '003720', '1', 96, 30583849.00),
('99911122222', '20240101', 'ORD000370', 'EXE000370', '006031', '1', 26, 693059.00),
('99911122222', '20240322', 'ORD000371', 'EXE000371', '006482', '2', 99, 1838289.00),
('99911122222', '20240424', 'ORD000372', 'EXE000372', '006031', '2', 3, 19165360.00),
('99911122222', '20240927', 'ORD000373', 'EXE000373', '006482', '1', 85, 35134666.00),
('99911122222', '20240302', 'ORD000374', 'EXE000374', '003720', '1', 64, 34932128.00),
('99911122222', '20240722', 'ORD000375', 'EXE000375', '003365', '1', 15, 4623453.00),
('99911122222', '20240927', 'ORD000376', 'EXE000376', '003720', '1', 26, 11517488.00),
('99911122222', '20240804', 'ORD000377', 'EXE000377', '006482', '2', 50, 12408527.00),
('99911122222', '20240507', 'ORD000378', 'EXE000378', '004319', '1', 19, 48019593.00),
('99911122222', '20240707', 'ORD000379', 'EXE000379', '004608', '2', 73, 32389285.00),
('99911122222', '20240523', 'ORD000380', 'EXE000380', '002254', '1', 53, 36465716.00),
('99911122222', '20240224', 'ORD000381', 'EXE000381', '001195', '2', 72, 15838765.00),
('99911122222', '20240606', 'ORD000382', 'EXE000382', '003793', '2', 95, 12182869.00),
('99911122222', '20240921', 'ORD000383', 'EXE000383', '000763', '1', 92, 45232461.00),
('99911122222', '20240701', 'ORD000384', 'EXE000384', '006482', '2', 55, 31063481.00),
('99911122222', '20240504', 'ORD000385', 'EXE000385', '007918', '1', 65, 6497855.00),
('99911122222', '20240222', 'ORD000386', 'EXE000386', '002254', '1', 93, 19251404.00),
('99911122222', '20240512', 'ORD000387', 'EXE000387', '004319', '1', 21, 21917665.00),
('99911122222', '20240818', 'ORD000388', 'EXE000388', '002254', '1', 52, 11587510.00),
('99911122222', '20240128', 'ORD000389', 'EXE000389', '002254', '2', 93, 5041907.00),
('99911122222', '20240723', 'ORD000390', 'EXE000390', '002254', '1', 87, 36245459.00),
('99911122222', '20240424', 'ORD000391', 'EXE000391', '000763', '2', 87, 19098960.00),
('99911122222', '20240101', 'ORD000392', 'EXE000392', '004608', '2', 27, 26797683.00),
('99911122222', '20240616', 'ORD000393', 'EXE000393', '004608', '2', 97, 35030501.00),
('99911122222', '20240324', 'ORD000394', 'EXE000394', '007152', '1', 19, 35603374.00),
('99911122222', '20240114', 'ORD000395', 'EXE000395', '004319', '2', 28, 9162874.00),
('99911122222', '20240318', 'ORD000396', 'EXE000396', '002952', '2', 95, 4494052.00),
('99911122222', '20240621', 'ORD000397', 'EXE000397', '002952', '1', 18, 44706593.00),
('99911122222', '20240405', 'ORD000398', 'EXE000398', '005474', '1', 59, 16422055.00),
('99911122222', '20240620', 'ORD000399', 'EXE000399', '002952', '2', 90, 43463571.00),
('99911122222', '20240117', 'ORD000400', 'EXE000400', '006031', '2', 36, 22534562.00),
('99911122222', '20240308', 'ORD000401', 'EXE000401', '002505', '2', 96, 18198068.00),
('99911122222', '20240104', 'ORD000402', 'EXE000402', '006482', '1', 44, 19085220.00),
('99911122222', '20240117', 'ORD000403', 'EXE000403', '001195', '1', 37, 10343258.00),
('99911122222', '20240725', 'ORD000404', 'EXE000404', '001195', '1', 21, 37159755.00),
('99911122222', '20240428', 'ORD000405', 'EXE000405', '006163', '1', 48, 44376014.00),
('99911122222', '20240523', 'ORD000406', 'EXE000406', '006031', '1', 71, 4710060.00),
('99911122222', '20240303', 'ORD000407', 'EXE000407', '004608', '2', 49, 42326914.00),
('99911122222', '20240121', 'ORD000408', 'EXE000408', '006031', '1', 85, 28723988.00),
('99911122222', '20240129', 'ORD000409', 'EXE000409', '003167', '2', 41, 4630115.00),
('99911122222', '20240204', 'ORD000410', 'EXE000410', '005738', '2', 12, 15066843.00),
('99911122222', '20240217', 'ORD000411', 'EXE000411', '005474', '2', 16, 7602760.00),
('99911122222', '20240121', 'ORD000412', 'EXE000412', '001195', '2', 21, 4591226.00),
('99911122222', '20240409', 'ORD000413', 'EXE000413', '006163', '1', 87, 25423069.00),
('99911122222', '20240325', 'ORD000414', 'EXE000414', '007838', '1', 40, 38934695.00),
('99911122222', '20240830', 'ORD000415', 'EXE000415', '006163', '1', 48, 32373609.00),
('99911122222', '20240704', 'ORD000416', 'EXE000416', '003167', '2', 85, 13735474.00),
('99911122222', '20240225', 'ORD000417', 'EXE000417', '004608', '2', 33, 9722868.00),
('99911122222', '20240829', 'ORD000418', 'EXE000418', '001195', '2', 6, 18953355.00),
('99911122222', '20240421', 'ORD000419', 'EXE000419', '002505', '1', 71, 15921676.00),
('99911122222', '20240319', 'ORD000420', 'EXE000420', '004608', '2', 84, 26681996.00),
('99911122222', '20240120', 'ORD000421', 'EXE000421', '007152', '1', 100, 5611992.00),
('99911122222', '20241012', 'ORD000422', 'EXE000422', '005738', '1', 60, 22755966.00),
('99911122222', '20240606', 'ORD000423', 'EXE000423', '003365', '2', 67, 47321842.00),
('99911122222', '20241001', 'ORD000424', 'EXE000424', '000763', '1', 42, 25729430.00),
('99911122222', '20240426', 'ORD000425', 'EXE000425', '003720', '2', 27, 28297626.00),
('99911122222', '20240716', 'ORD000426', 'EXE000426', '003793', '1', 12, 6888382.00),
('99911122222', '20240529', 'ORD000427', 'EXE000427', '006031', '1', 48, 34328782.00),
('99911122222', '20240818', 'ORD000428', 'EXE000428', '002505', '1', 84, 22781337.00),
('99911122222', '20240307', 'ORD000429', 'EXE000429', '006482', '2', 35, 26388656.00),
('99911122222', '20240520', 'ORD000430', 'EXE000430', '007152', '1', 28, 43853213.00),
('99911122222', '20240525', 'ORD000431', 'EXE000431', '003365', '2', 8, 4480792.00),
('99911122222', '20241010', 'ORD000432', 'EXE000432', '003167', '2', 11, 14147545.00),
('99911122222', '20240904', 'ORD000433', 'EXE000433', '001195', '2', 31, 34021479.00),
('99911122222', '20241011', 'ORD000434', 'EXE000434', '006031', '1', 11, 15656116.00),
('99911122222', '20240313', 'ORD000435', 'EXE000435', '003720', '2', 80, 12570347.00),
('99911122222', '20240829', 'ORD000436', 'EXE000436', '007918', '2', 74, 1367192.00),
('99911122222', '20240626', 'ORD000437', 'EXE000437', '002254', '1', 61, 534544.00),
('99911122222', '20240523', 'ORD000438', 'EXE000438', '003720', '1', 88, 14333460.00),
('99911122222', '20240126', 'ORD000439', 'EXE000439', '002613', '1', 3, 46345542.00),
('99911122222', '20240323', 'ORD000440', 'EXE000440', '000763', '2', 34, 29638882.00),
('99911122222', '20240408', 'ORD000441', 'EXE000441', '007152', '1', 50, 48889202.00),
('99911122222', '20241023', 'ORD000442', 'EXE000442', '002613', '2', 33, 43338128.00),
('99911122222', '20241013', 'ORD000443', 'EXE000443', '000763', '2', 55, 22330371.00),
('99911122222', '20240902', 'ORD000444', 'EXE000444', '004608', '2', 21, 10770921.00),
('99911122222', '20240713', 'ORD000445', 'EXE000445', '001195', '1', 15, 13930404.00),
('99911122222', '20240307', 'ORD000446', 'EXE000446', '006163', '2', 37, 24633758.00),
('99911122222', '20240114', 'ORD000447', 'EXE000447', '003793', '1', 34, 16954933.00),
('99911122222', '20240613', 'ORD000448', 'EXE000448', '000763', '2', 90, 25318810.00),
('99911122222', '20240408', 'ORD000449', 'EXE000449', '002613', '2', 70, 38384786.00),
('99911122222', '20240219', 'ORD000450', 'EXE000450', '006482', '1', 16, 9877088.00),
('99911122222', '20240703', 'ORD000451', 'EXE000451', '003167', '2', 84, 25869537.00),
('99911122222', '20240118', 'ORD000452', 'EXE000452', '003167', '1', 94, 39732565.00),
('99911122222', '20240524', 'ORD000453', 'EXE000453', '006163', '1', 59, 31791414.00),
('99911122222', '20240402', 'ORD000454', 'EXE000454', '006163', '2', 94, 36877050.00),
('99911122222', '20240119', 'ORD000455', 'EXE000455', '004319', '1', 12, 33107770.00),
('99911122222', '20240225', 'ORD000456', 'EXE000456', '007152', '1', 95, 16702176.00),
('99911122222', '20240703', 'ORD000457', 'EXE000457', '002505', '1', 63, 41853423.00),
('99911122222', '20240229', 'ORD000458', 'EXE000458', '003365', '2', 69, 24803960.00),
('99911122222', '20241009', 'ORD000459', 'EXE000459', '007838', '1', 38, 15521249.00),
('99911122222', '20240626', 'ORD000460', 'EXE000460', '003365', '2', 8, 22904725.00),
('99911122222', '20241025', 'ORD000461', 'EXE000461', '007152', '1', 94, 39419517.00),
('99911122222', '20240528', 'ORD000462', 'EXE000462', '007152', '1', 79, 34390656.00),
('99911122222', '20240723', 'ORD000463', 'EXE000463', '001195', '1', 32, 10484460.00),
('99911122222', '20240211', 'ORD000464', 'EXE000464', '006482', '1', 59, 28072757.00),
('99911122222', '20240507', 'ORD000465', 'EXE000465', '003167', '1', 19, 25784733.00),
('99911122222', '20240805', 'ORD000466', 'EXE000466', '006163', '2', 4, 2741662.00),
('99911122222', '20241019', 'ORD000467', 'EXE000467', '004319', '2', 81, 24405568.00),
('99911122222', '20240202', 'ORD000468', 'EXE000468', '006031', '1', 25, 15501750.00),
('99911122222', '20240622', 'ORD000469', 'EXE000469', '005738', '2', 13, 8022559.00),
('99911122222', '20240219', 'ORD000470', 'EXE000470', '003365', '1', 26, 27222831.00),
('99911122222', '20240416', 'ORD000471', 'EXE000471', '003793', '1', 96, 42084487.00),
('99911122222', '20240812', 'ORD000472', 'EXE000472', '000763', '2', 84, 13356539.00),
('99911122222', '20240509', 'ORD000473', 'EXE000473', '001195', '1', 99, 26063672.00),
('99911122222', '20240502', 'ORD000474', 'EXE000474', '006482', '2', 5, 4861429.00),
('99911122222', '20240429', 'ORD000475', 'EXE000475', '001195', '1', 92, 1998965.00),
('99911122222', '20240110', 'ORD000476', 'EXE000476', '001195', '2', 1, 23509612.00),
('99911122222', '20240319', 'ORD000477', 'EXE000477', '002952', '1', 81, 3549978.00),
('99911122222', '20240920', 'ORD000478', 'EXE000478', '005738', '2', 26, 19537689.00),
('99911122222', '20240710', 'ORD000479', 'EXE000479', '006482', '2', 91, 32419144.00),
('99911122222', '20240307', 'ORD000480', 'EXE000480', '004319', '1', 40, 19059713.00),
('99911122222', '20240704', 'ORD000481', 'EXE000481', '003793', '1', 8, 20107968.00),
('99911122222', '20241006', 'ORD000482', 'EXE000482', '006482', '1', 8, 45120950.00),
('99911122222', '20241020', 'ORD000483', 'EXE000483', '003167', '2', 36, 13372202.00),
('99911122222', '20240611', 'ORD000484', 'EXE000484', '003167', '1', 81, 17459152.00),
('99911122222', '20240906', 'ORD000485', 'EXE000485', '002505', '2', 1, 483232.00),
('99911122222', '20240316', 'ORD000486', 'EXE000486', '002952', '1', 14, 14605006.00),
('99911122222', '20240129', 'ORD000487', 'EXE000487', '006031', '1', 27, 33172396.00),
('99911122222', '20240911', 'ORD000488', 'EXE000488', '007838', '1', 28, 34468747.00),
('99911122222', '20240707', 'ORD000489', 'EXE000489', '002254', '2', 34, 26282488.00),
('99911122222', '20241005', 'ORD000490', 'EXE000490', '002505', '1', 27, 7830616.00),
('99911122222', '20240106', 'ORD000491', 'EXE000491', '002952', '2', 16, 40398808.00),
('99911122222', '20240321', 'ORD000492', 'EXE000492', '003793', '1', 20, 49326464.00),
('99911122222', '20240410', 'ORD000493', 'EXE000493', '002505', '1', 92, 41113514.00),
('99911122222', '20240808', 'ORD000494', 'EXE000494', '002254', '1', 61, 14492270.00),
('99911122222', '20240327', 'ORD000495', 'EXE000495', '007152', '2', 88, 21428179.00),
('99911122222', '20240912', 'ORD000496', 'EXE000496', '003365', '1', 89, 35594339.00),
('99911122222', '20240926', 'ORD000497', 'EXE000497', '007838', '1', 38, 45916169.00),
('99911122222', '20240504', 'ORD000498', 'EXE000498', '005474', '2', 50, 27468688.00),
('99911122222', '20240809', 'ORD000499', 'EXE000499', '004319', '2', 10, 27879322.00),
('99911122222', '20240614', 'ORD000500', 'EXE000500', '002952', '1', 68, 7378694.00),
('99911122222', '20240530', 'ORD000501', 'EXE000501', '000763', '1', 28, 14958887.00),
('99911122222', '20240426', 'ORD000502', 'EXE000502', '004319', '2', 81, 1908431.00),
('99911122222', '20240409', 'ORD000503', 'EXE000503', '003365', '1', 45, 13158079.00),
('99911122222', '20240418', 'ORD000504', 'EXE000504', '003167', '1', 74, 25494065.00),
('99911122222', '20240901', 'ORD000505', 'EXE000505', '002254', '1', 21, 43075581.00),
('99911122222', '20240614', 'ORD000506', 'EXE000506', '000763', '1', 50, 2880767.00),
('99911122222', '20241001', 'ORD000507', 'EXE000507', '002613', '2', 32, 35197504.00),
('99911122222', '20241006', 'ORD000508', 'EXE000508', '003720', '1', 88, 15734792.00),
('99911122222', '20240705', 'ORD000509', 'EXE000509', '005474', '1', 15, 21322916.00),
('99911122222', '20240629', 'ORD000510', 'EXE000510', '003720', '2', 60, 14566674.00),
('99911122222', '20240714', 'ORD000511', 'EXE000511', '002254', '2', 54, 42566502.00),
('99911122222', '20240927', 'ORD000512', 'EXE000512', '002254', '1', 45, 27484633.00),
('99911122222', '20240423', 'ORD000513', 'EXE000513', '005474', '1', 99, 11429059.00),
('99911122222', '20240718', 'ORD000514', 'EXE000514', '006031', '1', 98, 48768560.00),
('99911122222', '20241012', 'ORD000515', 'EXE000515', '006163', '2', 93, 27342815.00),
('99911122222', '20240916', 'ORD000516', 'EXE000516', '007838', '1', 83, 19447832.00),
('99911122222', '20240229', 'ORD000517', 'EXE000517', '006163', '1', 98, 47172898.00),
('99911122222', '20240702', 'ORD000518', 'EXE000518', '007918', '1', 57, 5564612.00),
('99911122222', '20240322', 'ORD000519', 'EXE000519', '006482', '1', 76, 5123913.00),
('99911122222', '20240314', 'ORD000520', 'EXE000520', '006031', '2', 61, 22133365.00),
('99911122222', '20240622', 'ORD000521', 'EXE000521', '002254', '1', 7, 569822.00),
('99911122222', '20240919', 'ORD000522', 'EXE000522', '003167', '2', 36, 8922917.00),
('99911122222', '20241014', 'ORD000523', 'EXE000523', '002613', '1', 76, 20439604.00),
('99911122222', '20240418', 'ORD000524', 'EXE000524', '003793', '2', 27, 45286229.00),
('99911122222', '20240629', 'ORD000525', 'EXE000525', '001195', '1', 86, 37953115.00),
('99911122222', '20240404', 'ORD000526', 'EXE000526', '005738', '2', 87, 49854623.00),
('99911122222', '20241009', 'ORD000527', 'EXE000527', '006482', '2', 27, 21463018.00),
('99911122222', '20240921', 'ORD000528', 'EXE000528', '006482', '1', 77, 34179554.00),
('99911122222', '20240727', 'ORD000529', 'EXE000529', '005474', '2', 59, 48120530.00),
('99911122222', '20240322', 'ORD000530', 'EXE000530', '002505', '1', 5, 480968.00),
('99911122222', '20240403', 'ORD000531', 'EXE000531', '002505', '1', 64, 19657956.00),
('99911122222', '20240620', 'ORD000532', 'EXE000532', '006031', '1', 22, 39164566.00),
('99911122222', '20240521', 'ORD000533', 'EXE000533', '005474', '2', 51, 31029920.00),
('99911122222', '20240504', 'ORD000534', 'EXE000534', '002505', '1', 2, 8807030.00),
('99911122222', '20240712', 'ORD000535', 'EXE000535', '003720', '1', 69, 22237166.00),
('99911122222', '20240103', 'ORD000536', 'EXE000536', '002613', '2', 49, 254055.00),
('99911122222', '20240526', 'ORD000537', 'EXE000537', '003793', '2', 50, 21219221.00),
('99911122222', '20240304', 'ORD000538', 'EXE000538', '003365', '2', 80, 44771630.00),
('99911122222', '20240528', 'ORD000539', 'EXE000539', '003720', '1', 13, 43920150.00),
('99911122222', '20240905', 'ORD000540', 'EXE000540', '007918', '2', 4, 15707305.00),
('99911122222', '20240323', 'ORD000541', 'EXE000541', '003793', '2', 71, 33040296.00),
('99911122222', '20240502', 'ORD000542', 'EXE000542', '007918', '1', 22, 47994567.00),
('99911122222', '20240124', 'ORD000543', 'EXE000543', '001195', '1', 1, 13109294.00),
('99911122222', '20240629', 'ORD000544', 'EXE000544', '002952', '1', 26, 29087071.00),
('99911122222', '20240222', 'ORD000545', 'EXE000545', '006031', '2', 92, 31644135.00),
('99911122222', '20240624', 'ORD000546', 'EXE000546', '001195', '1', 18, 21860779.00),
('99911122222', '20240124', 'ORD000547', 'EXE000547', '003720', '1', 71, 45248038.00),
('99911122222', '20240731', 'ORD000548', 'EXE000548', '002952', '1', 60, 10421129.00),
('99911122222', '20240514', 'ORD000549', 'EXE000549', '006482', '1', 95, 12911051.00),
('99911122222', '20240308', 'ORD000550', 'EXE000550', '007918', '2', 36, 14505830.00),
('99911122222', '20240812', 'ORD000551', 'EXE000551', '007152', '2', 8, 12508744.00),
('99911122222', '20240227', 'ORD000552', 'EXE000552', '002254', '2', 100, 25792328.00),
('99911122222', '20240830', 'ORD000553', 'EXE000553', '004319', '1', 64, 41287267.00),
('99911122222', '20240518', 'ORD000554', 'EXE000554', '006482', '1', 51, 11102466.00),
('99911122222', '20240423', 'ORD000555', 'EXE000555', '001195', '2', 83, 8874864.00),
('99911122222', '20240128', 'ORD000556', 'EXE000556', '003365', '1', 75, 31722718.00),
('99911122222', '20240629', 'ORD000557', 'EXE000557', '005738', '1', 83, 32492924.00),
('99911122222', '20240702', 'ORD000558', 'EXE000558', '005474', '1', 32, 16244758.00),
('99911122222', '20240712', 'ORD000559', 'EXE000559', '002254', '1', 87, 1880804.00),
('99911122222', '20241012', 'ORD000560', 'EXE000560', '006031', '1', 2, 46557638.00),
('99911122222', '20240726', 'ORD000561', 'EXE000561', '003365', '1', 66, 24483353.00),
('99911122222', '20240115', 'ORD000562', 'EXE000562', '002505', '1', 81, 30065345.00),
('99911122222', '20240425', 'ORD000563', 'EXE000563', '007918', '1', 100, 19819699.00),
('99911122222', '20241006', 'ORD000564', 'EXE000564', '006031', '1', 62, 1314859.00),
('99911122222', '20240406', 'ORD000565', 'EXE000565', '002952', '2', 92, 16937717.00),
('99911122222', '20240105', 'ORD000566', 'EXE000566', '006163', '2', 71, 47034948.00),
('99911122222', '20240305', 'ORD000567', 'EXE000567', '006482', '2', 65, 25827551.00),
('99911122222', '20240905', 'ORD000568', 'EXE000568', '003793', '1', 11, 14748712.00),
('99911122222', '20240803', 'ORD000569', 'EXE000569', '003167', '2', 91, 46183583.00),
('99911122222', '20240531', 'ORD000570', 'EXE000570', '006031', '2', 1, 36264382.00),
('99911122222', '20240125', 'ORD000571', 'EXE000571', '007918', '1', 52, 25964141.00),
('99911122222', '20240907', 'ORD000572', 'EXE000572', '004608', '2', 37, 11601613.00),
('99911122222', '20240518', 'ORD000573', 'EXE000573', '000763', '2', 84, 33547669.00),
('99911122222', '20241024', 'ORD000574', 'EXE000574', '002505', '2', 8, 3094895.00),
('99911122222', '20240615', 'ORD000575', 'EXE000575', '003720', '1', 21, 44379288.00),
('99911122222', '20240805', 'ORD000576', 'EXE000576', '007152', '2', 61, 11236483.00),
('99911122222', '20240513', 'ORD000577', 'EXE000577', '006482', '2', 60, 2246080.00),
('99911122222', '20240201', 'ORD000578', 'EXE000578', '003720', '2', 26, 32321628.00),
('99911122222', '20240808', 'ORD000579', 'EXE000579', '005474', '2', 69, 10033325.00),
('99911122222', '20240108', 'ORD000580', 'EXE000580', '003365', '1', 17, 34364615.00),
('99911122222', '20240314', 'ORD000581', 'EXE000581', '004319', '2', 52, 11990232.00),
('99911122222', '20240130', 'ORD000582', 'EXE000582', '003167', '2', 87, 13663260.00),
('99911122222', '20240424', 'ORD000583', 'EXE000583', '000763', '2', 73, 14866514.00),
('99911122222', '20240315', 'ORD000584', 'EXE000584', '001195', '1', 88, 25284557.00),
('99911122222', '20241018', 'ORD000585', 'EXE000585', '005738', '2', 97, 9332867.00),
('99911122222', '20241008', 'ORD000586', 'EXE000586', '005474', '2', 9, 46749394.00),
('99911122222', '20240521', 'ORD000587', 'EXE000587', '004319', '1', 96, 5309302.00),
('99911122222', '20240223', 'ORD000588', 'EXE000588', '003720', '2', 61, 44994026.00),
('99911122222', '20240924', 'ORD000589', 'EXE000589', '003167', '2', 40, 7788387.00),
('99911122222', '20241023', 'ORD000590', 'EXE000590', '007838', '2', 93, 42916447.00),
('99911122222', '20240606', 'ORD000591', 'EXE000591', '006482', '2', 66, 9919659.00),
('99911122222', '20240424', 'ORD000592', 'EXE000592', '007838', '1', 70, 49322365.00),
('99911122222', '20240626', 'ORD000593', 'EXE000593', '003793', '2', 68, 43600419.00),
('99911122222', '20241008', 'ORD000594', 'EXE000594', '005474', '2', 85, 8639088.00),
('99911122222', '20240320', 'ORD000595', 'EXE000595', '001195', '2', 44, 12262858.00),
('99911122222', '20240620', 'ORD000596', 'EXE000596', '003720', '1', 41, 36205548.00),
('99911122222', '20240527', 'ORD000597', 'EXE000597', '001195', '2', 9, 19821411.00),
('99911122222', '20240528', 'ORD000598', 'EXE000598', '005474', '2', 58, 46317740.00),
('99911122222', '20240130', 'ORD000599', 'EXE000599', '003167', '1', 20, 21753875.00),
('99911122222', '20240212', 'ORD000600', 'EXE000600', '003720', '1', 55, 9153864.00),
('99911122222', '20240627', 'ORD000601', 'EXE000601', '003793', '1', 21, 9998637.00),
('99911122222', '20240824', 'ORD000602', 'EXE000602', '004319', '2', 3, 7651044.00),
('99911122222', '20240918', 'ORD000603', 'EXE000603', '003365', '2', 51, 38070119.00),
('99911122222', '20240308', 'ORD000604', 'EXE000604', '002952', '2', 100, 5018397.00),
('99911122222', '20240112', 'ORD000605', 'EXE000605', '004319', '2', 67, 25099602.00),
('99911122222', '20240528', 'ORD000606', 'EXE000606', '007838', '2', 74, 17970884.00),
('99911122222', '20240213', 'ORD000607', 'EXE000607', '002952', '2', 60, 19785183.00),
('99911122222', '20240502', 'ORD000608', 'EXE000608', '007152', '2', 66, 42151016.00),
('99911122222', '20240415', 'ORD000609', 'EXE000609', '002254', '1', 5, 22737043.00),
('99911122222', '20240519', 'ORD000610', 'EXE000610', '007152', '1', 87, 24483305.00),
('99911122222', '20240925', 'ORD000611', 'EXE000611', '002952', '1', 59, 27091058.00),
('99911122222', '20240710', 'ORD000612', 'EXE000612', '003793', '1', 21, 25170272.00),
('99911122222', '20240307', 'ORD000613', 'EXE000613', '006482', '1', 96, 30188306.00),
('99911122222', '20240807', 'ORD000614', 'EXE000614', '006163', '1', 60, 18298214.00),
('99911122222', '20240703', 'ORD000615', 'EXE000615', '005474', '1', 48, 16595116.00),
('99911122222', '20240919', 'ORD000616', 'EXE000616', '001195', '1', 93, 37461230.00),
('99911122222', '20240312', 'ORD000617', 'EXE000617', '002613', '1', 37, 33364469.00),
('99911122222', '20240928', 'ORD000618', 'EXE000618', '007838', '2', 63, 1995533.00),
('99911122222', '20240409', 'ORD000619', 'EXE000619', '003793', '1', 89, 32051037.00),
('99911122222', '20240604', 'ORD000620', 'EXE000620', '006031', '2', 98, 25060804.00),
('99911122222', '20240513', 'ORD000621', 'EXE000621', '004608', '2', 73, 4084368.00),
('99911122222', '20240602', 'ORD000622', 'EXE000622', '007918', '2', 46, 23146238.00),
('99911122222', '20240424', 'ORD000623', 'EXE000623', '002254', '1', 8, 45531185.00),
('99911122222', '20240408', 'ORD000624', 'EXE000624', '003365', '2', 86, 15141431.00),
('99911122222', '20240822', 'ORD000625', 'EXE000625', '007918', '2', 69, 5078357.00),
('99911122222', '20240424', 'ORD000626', 'EXE000626', '007838', '2', 100, 555176.00),
('99911122222', '20241001', 'ORD000627', 'EXE000627', '005738', '1', 27, 9215192.00),
('99911122222', '20240417', 'ORD000628', 'EXE000628', '005738', '1', 98, 28582175.00),
('99911122222', '20241020', 'ORD000629', 'EXE000629', '007838', '1', 64, 36748737.00),
('99911122222', '20241018', 'ORD000630', 'EXE000630', '000763', '1', 85, 3917215.00),
('99911122222', '20240630', 'ORD000631', 'EXE000631', '005738', '1', 73, 27173695.00),
('99911122222', '20240217', 'ORD000632', 'EXE000632', '003720', '2', 76, 20276713.00),
('99911122222', '20240513', 'ORD000633', 'EXE000633', '004608', '1', 53, 26421782.00),
('99911122222', '20241020', 'ORD000634', 'EXE000634', '005738', '1', 14, 6555261.00),
('99911122222', '20240821', 'ORD000635', 'EXE000635', '001195', '2', 21, 4504545.00),
('99911122222', '20240816', 'ORD000636', 'EXE000636', '006031', '1', 75, 20182095.00),
('99911122222', '20240627', 'ORD000637', 'EXE000637', '001195', '1', 98, 27758969.00),
('99911122222', '20240913', 'ORD000638', 'EXE000638', '002505', '1', 22, 47562187.00),
('99911122222', '20240917', 'ORD000639', 'EXE000639', '002613', '2', 6, 6251540.00),
('99911122222', '20241025', 'ORD000640', 'EXE000640', '007838', '1', 41, 13962699.00),
('99911122222', '20240603', 'ORD000641', 'EXE000641', '006163', '1', 88, 1061780.00),
('99911122222', '20240926', 'ORD000642', 'EXE000642', '002254', '1', 29, 3518283.00),
('99911122222', '20240728', 'ORD000643', 'EXE000643', '003720', '1', 6, 23174358.00),
('99911122222', '20240307', 'ORD000644', 'EXE000644', '005738', '1', 66, 12629382.00),
('99911122222', '20240518', 'ORD000645', 'EXE000645', '007152', '2', 22, 30360652.00),
('99911122222', '20240419', 'ORD000646', 'EXE000646', '007838', '2', 23, 33606155.00),
('99911122222', '20240730', 'ORD000647', 'EXE000647', '007152', '2', 20, 16611240.00),
('99911122222', '20240506', 'ORD000648', 'EXE000648', '006482', '1', 48, 19851072.00),
('99911122222', '20240116', 'ORD000649', 'EXE000649', '000763', '1', 39, 35357286.00),
('99911122222', '20240402', 'ORD000650', 'EXE000650', '005738', '2', 44, 4841321.00),
('99911122222', '20241012', 'ORD000651', 'EXE000651', '000763', '1', 79, 39435448.00),
('99911122222', '20240830', 'ORD000652', 'EXE000652', '003793', '2', 55, 49922582.00),
('99911122222', '20240906', 'ORD000653', 'EXE000653', '002952', '2', 56, 25099106.00),
('99911122222', '20240403', 'ORD000654', 'EXE000654', '003167', '1', 74, 6836417.00),
('99911122222', '20240116', 'ORD000655', 'EXE000655', '000763', '1', 10, 18815789.00),
('99911122222', '20240626', 'ORD000656', 'EXE000656', '003365', '2', 7, 16115083.00),
('99911122222', '20240123', 'ORD000657', 'EXE000657', '005738', '1', 6, 3307786.00),
('99911122222', '20240519', 'ORD000658', 'EXE000658', '007838', '1', 15, 38655796.00),
('99911122222', '20240130', 'ORD000659', 'EXE000659', '004608', '1', 5, 39545254.00),
('99911122222', '20240218', 'ORD000660', 'EXE000660', '006482', '1', 69, 27385924.00),
('99911122222', '20240222', 'ORD000661', 'EXE000661', '006163', '2', 68, 23383802.00),
('99911122222', '20240817', 'ORD000662', 'EXE000662', '006031', '1', 81, 18580722.00),
('99911122222', '20240810', 'ORD000663', 'EXE000663', '002505', '2', 94, 10682540.00),
('99911122222', '20240329', 'ORD000664', 'EXE000664', '004608', '2', 92, 4058763.00),
('99911122222', '20240307', 'ORD000665', 'EXE000665', '005738', '2', 24, 35748966.00),
('99911122222', '20240624', 'ORD000666', 'EXE000666', '003720', '2', 18, 23242030.00),
('99911122222', '20240613', 'ORD000667', 'EXE000667', '006482', '2', 4, 31414434.00),
('99911122222', '20240817', 'ORD000668', 'EXE000668', '002613', '2', 32, 7043650.00),
('99911122222', '20240913', 'ORD000669', 'EXE000669', '007152', '1', 80, 3415283.00),
('99911122222', '20240318', 'ORD000670', 'EXE000670', '006031', '2', 80, 7406440.00),
('99911122222', '20240614', 'ORD000671', 'EXE000671', '005738', '1', 36, 49648500.00),
('99911122222', '20240821', 'ORD000672', 'EXE000672', '007838', '2', 45, 3131694.00),
('99911122222', '20241008', 'ORD000673', 'EXE000673', '007918', '1', 6, 43223456.00),
('99911122222', '20240610', 'ORD000674', 'EXE000674', '007152', '1', 38, 13002532.00),
('99911122222', '20240820', 'ORD000675', 'EXE000675', '002254', '1', 7, 2834505.00),
('99911122222', '20240701', 'ORD000676', 'EXE000676', '000763', '1', 63, 28571145.00),
('99911122222', '20240717', 'ORD000677', 'EXE000677', '006163', '1', 70, 30754555.00),
('99911122222', '20240804', 'ORD000678', 'EXE000678', '002505', '2', 51, 20569854.00),
('99911122222', '20241015', 'ORD000679', 'EXE000679', '006031', '2', 47, 26800923.00),
('99911122222', '20240604', 'ORD000680', 'EXE000680', '000763', '1', 29, 49464807.00),
('99911122222', '20240722', 'ORD000681', 'EXE000681', '006163', '1', 17, 952050.00),
('99911122222', '20240811', 'ORD000682', 'EXE000682', '004608', '2', 58, 44324728.00),
('99911122222', '20241010', 'ORD000683', 'EXE000683', '003793', '2', 21, 30409919.00),
('99911122222', '20241004', 'ORD000684', 'EXE000684', '001195', '2', 1, 26561374.00),
('99911122222', '20240302', 'ORD000685', 'EXE000685', '007918', '1', 50, 23799341.00),
('99911122222', '20240811', 'ORD000686', 'EXE000686', '003720', '2', 94, 5735323.00),
('99911122222', '20240611', 'ORD000687', 'EXE000687', '005474', '2', 17, 23932287.00),
('99911122222', '20240919', 'ORD000688', 'EXE000688', '006031', '1', 66, 23100470.00),
('99911122222', '20240607', 'ORD000689', 'EXE000689', '003793', '2', 60, 17080227.00),
('99911122222', '20240915', 'ORD000690', 'EXE000690', '005738', '2', 64, 4850985.00),
('99911122222', '20240917', 'ORD000691', 'EXE000691', '007838', '2', 11, 33655759.00),
('99911122222', '20240221', 'ORD000692', 'EXE000692', '004608', '1', 6, 16411587.00),
('99911122222', '20240809', 'ORD000693', 'EXE000693', '002254', '2', 59, 13151015.00),
('99911122222', '20240805', 'ORD000694', 'EXE000694', '002505', '2', 75, 37321675.00),
('99911122222', '20240604', 'ORD000695', 'EXE000695', '004319', '1', 26, 49351482.00),
('99911122222', '20240102', 'ORD000696', 'EXE000696', '002952', '2', 98, 3245372.00),
('99911122222', '20240428', 'ORD000697', 'EXE000697', '005738', '1', 37, 18403875.00),
('99911122222', '20240511', 'ORD000698', 'EXE000698', '001195', '1', 94, 48291441.00),
('99911122222', '20240306', 'ORD000699', 'EXE000699', '003167', '2', 79, 46435405.00),
('99911122222', '20241018', 'ORD000700', 'EXE000700', '001195', '2', 30, 46505960.00),
('99911122222', '20240525', 'ORD000701', 'EXE000701', '003167', '1', 39, 46172263.00),
('99911122222', '20240214', 'ORD000702', 'EXE000702', '005738', '2', 32, 16428699.00),
('99911122222', '20240907', 'ORD000703', 'EXE000703', '003365', '2', 67, 8620015.00),
('99911122222', '20240506', 'ORD000704', 'EXE000704', '002952', '1', 44, 24986227.00),
('99911122222', '20240810', 'ORD000705', 'EXE000705', '002254', '2', 29, 27473035.00),
('99911122222', '20240121', 'ORD000706', 'EXE000706', '002952', '2', 9, 34279220.00),
('99911122222', '20241010', 'ORD000707', 'EXE000707', '006031', '1', 66, 3911227.00),
('99911122222', '20240521', 'ORD000708', 'EXE000708', '003793', '2', 48, 36065350.00),
('99911122222', '20240629', 'ORD000709', 'EXE000709', '006163', '2', 28, 46728015.00),
('99911122222', '20240418', 'ORD000710', 'EXE000710', '006482', '2', 86, 29579802.00),
('99911122222', '20240405', 'ORD000711', 'EXE000711', '004608', '2', 46, 35897053.00),
('99911122222', '20240906', 'ORD000712', 'EXE000712', '007838', '2', 54, 45132988.00),
('99911122222', '20240816', 'ORD000713', 'EXE000713', '003793', '1', 31, 36305410.00),
('99911122222', '20240601', 'ORD000714', 'EXE000714', '006031', '1', 33, 45646565.00),
('99911122222', '20240822', 'ORD000715', 'EXE000715', '005738', '2', 73, 22528516.00),
('99911122222', '20240716', 'ORD000716', 'EXE000716', '006031', '1', 8, 48328608.00),
('99911122222', '20240124', 'ORD000717', 'EXE000717', '002952', '1', 67, 35778735.00),
('99911122222', '20240301', 'ORD000718', 'EXE000718', '002613', '2', 93, 29690751.00),
('99911122222', '20240909', 'ORD000719', 'EXE000719', '001195', '1', 76, 33031960.00),
('99911122222', '20240523', 'ORD000720', 'EXE000720', '004608', '1', 47, 29268699.00),
('99911122222', '20240711', 'ORD000721', 'EXE000721', '006031', '1', 28, 24739986.00),
('99911122222', '20240305', 'ORD000722', 'EXE000722', '002613', '1', 27, 17006941.00),
('99911122222', '20241025', 'ORD000723', 'EXE000723', '003720', '1', 85, 39362507.00),
('99911122222', '20240331', 'ORD000724', 'EXE000724', '000763', '2', 79, 29973871.00),
('99911122222', '20240418', 'ORD000725', 'EXE000725', '007152', '2', 71, 8137243.00),
('99911122222', '20240517', 'ORD000726', 'EXE000726', '006163', '1', 92, 38576190.00),
('99911122222', '20240518', 'ORD000727', 'EXE000727', '004319', '2', 55, 4607999.00),
('99911122222', '20240126', 'ORD000728', 'EXE000728', '002952', '2', 19, 19598769.00),
('99911122222', '20240319', 'ORD000729', 'EXE000729', '002254', '2', 47, 595184.00),
('99911122222', '20240614', 'ORD000730', 'EXE000730', '007152', '2', 82, 20979513.00),
('99911122222', '20240512', 'ORD000731', 'EXE000731', '002952', '2', 42, 36891848.00),
('99911122222', '20240927', 'ORD000732', 'EXE000732', '007838', '2', 72, 49341103.00),
('99911122222', '20240826', 'ORD000733', 'EXE000733', '000763', '1', 35, 40214084.00),
('99911122222', '20240226', 'ORD000734', 'EXE000734', '003793', '1', 80, 15236054.00),
('99911122222', '20240222', 'ORD000735', 'EXE000735', '007918', '1', 100, 35001815.00),
('99911122222', '20240827', 'ORD000736', 'EXE000736', '002505', '1', 17, 33282649.00),
('99911122222', '20240414', 'ORD000737', 'EXE000737', '003720', '2', 81, 26711343.00),
('99911122222', '20240820', 'ORD000738', 'EXE000738', '001195', '2', 83, 23502001.00),
('99911122222', '20241010', 'ORD000739', 'EXE000739', '003167', '1', 95, 4581022.00),
('99911122222', '20240827', 'ORD000740', 'EXE000740', '007152', '2', 61, 39116736.00),
('99911122222', '20240524', 'ORD000741', 'EXE000741', '003720', '2', 63, 47536342.00),
('99911122222', '20240806', 'ORD000742', 'EXE000742', '000763', '2', 85, 28138547.00),
('99911122222', '20240824', 'ORD000743', 'EXE000743', '002254', '1', 19, 2596941.00),
('99911122222', '20241017', 'ORD000744', 'EXE000744', '004608', '2', 38, 28135836.00),
('99911122222', '20240730', 'ORD000745', 'EXE000745', '004608', '2', 68, 41710205.00),
('99911122222', '20240215', 'ORD000746', 'EXE000746', '007152', '2', 66, 48903414.00),
('99911122222', '20241003', 'ORD000747', 'EXE000747', '006031', '2', 98, 43202388.00),
('99911122222', '20240626', 'ORD000748', 'EXE000748', '002254', '1', 47, 13488654.00),
('99911122222', '20240211', 'ORD000749', 'EXE000749', '002505', '2', 27, 5808835.00),
('99911122222', '20240530', 'ORD000750', 'EXE000750', '003365', '2', 2, 43681507.00),
('99911122222', '20240903', 'ORD000751', 'EXE000751', '006482', '2', 32, 35172453.00),
('99911122222', '20240621', 'ORD000752', 'EXE000752', '001195', '2', 4, 6947294.00),
('99911122222', '20240624', 'ORD000753', 'EXE000753', '007152', '2', 10, 34248641.00),
('99911122222', '20240711', 'ORD000754', 'EXE000754', '001195', '2', 9, 33304922.00),
('99911122222', '20241009', 'ORD000755', 'EXE000755', '000763', '1', 91, 26595910.00),
('99911122222', '20240611', 'ORD000756', 'EXE000756', '006031', '2', 72, 27225565.00),
('99911122222', '20240922', 'ORD000757', 'EXE000757', '002254', '2', 18, 31238725.00),
('99911122222', '20240826', 'ORD000758', 'EXE000758', '000763', '2', 53, 47080780.00),
('99911122222', '20241024', 'ORD000759', 'EXE000759', '003720', '2', 94, 8591314.00),
('99911122222', '20240622', 'ORD000760', 'EXE000760', '002613', '1', 80, 44810368.00),
('99911122222', '20240421', 'ORD000761', 'EXE000761', '003720', '2', 32, 47246771.00),
('99911122222', '20240503', 'ORD000762', 'EXE000762', '006163', '2', 90, 36668933.00),
('99911122222', '20240806', 'ORD000763', 'EXE000763', '004319', '2', 57, 46004193.00),
('99911122222', '20240301', 'ORD000764', 'EXE000764', '007918', '1', 14, 40448783.00),
('99911122222', '20240801', 'ORD000765', 'EXE000765', '005738', '1', 29, 4665635.00),
('99911122222', '20240411', 'ORD000766', 'EXE000766', '003720', '2', 36, 28389633.00),
('99911122222', '20240409', 'ORD000767', 'EXE000767', '007152', '2', 90, 34041195.00),
('99911122222', '20240328', 'ORD000768', 'EXE000768', '002254', '2', 65, 25366552.00),
('99911122222', '20240910', 'ORD000769', 'EXE000769', '007918', '2', 30, 40005202.00),
('99911122222', '20240409', 'ORD000770', 'EXE000770', '003365', '1', 36, 26260716.00),
('99911122222', '20240114', 'ORD000771', 'EXE000771', '000763', '2', 47, 26913704.00),
('99911122222', '20240823', 'ORD000772', 'EXE000772', '003365', '2', 26, 26589932.00),
('99911122222', '20240606', 'ORD000773', 'EXE000773', '003167', '2', 80, 49853279.00),
('99911122222', '20240515', 'ORD000774', 'EXE000774', '006163', '2', 83, 10620099.00),
('99911122222', '20240825', 'ORD000775', 'EXE000775', '004319', '2', 88, 27298009.00),
('99911122222', '20240311', 'ORD000776', 'EXE000776', '000763', '2', 83, 48257562.00),
('99911122222', '20240804', 'ORD000777', 'EXE000777', '004319', '2', 3, 37630620.00),
('99911122222', '20240126', 'ORD000778', 'EXE000778', '002254', '2', 51, 6548084.00),
('99911122222', '20240427', 'ORD000779', 'EXE000779', '006482', '1', 16, 44381735.00),
('99911122222', '20240619', 'ORD000780', 'EXE000780', '001195', '1', 32, 48885063.00),
('99911122222', '20240314', 'ORD000781', 'EXE000781', '006482', '1', 75, 46823075.00),
('99911122222', '20240103', 'ORD000782', 'EXE000782', '002505', '2', 23, 35346761.00),
('99911122222', '20240220', 'ORD000783', 'EXE000783', '004319', '2', 34, 37164794.00),
('99911122222', '20240420', 'ORD000784', 'EXE000784', '006482', '2', 82, 9727054.00),
('99911122222', '20240610', 'ORD000785', 'EXE000785', '005474', '1', 63, 20898599.00),
('99911122222', '20240308', 'ORD000786', 'EXE000786', '006031', '2', 80, 33198244.00),
('99911122222', '20240722', 'ORD000787', 'EXE000787', '002505', '2', 100, 27156216.00),
('99911122222', '20240717', 'ORD000788', 'EXE000788', '000763', '2', 96, 28631173.00),
('99911122222', '20240423', 'ORD000789', 'EXE000789', '007918', '2', 28, 38008485.00),
('99911122222', '20240604', 'ORD000790', 'EXE000790', '002613', '1', 25, 6109651.00),
('99911122222', '20240402', 'ORD000791', 'EXE000791', '007838', '1', 84, 23907440.00),
('99911122222', '20240218', 'ORD000792', 'EXE000792', '006482', '1', 20, 1988755.00),
('99911122222', '20240117', 'ORD000793', 'EXE000793', '001195', '1', 69, 16327891.00),
('99911122222', '20240109', 'ORD000794', 'EXE000794', '006482', '2', 78, 25580894.00),
('99911122222', '20240803', 'ORD000795', 'EXE000795', '006163', '2', 23, 23300199.00),
('99911122222', '20240615', 'ORD000796', 'EXE000796', '002254', '2', 23, 30575385.00),
('99911122222', '20240318', 'ORD000797', 'EXE000797', '007152', '2', 19, 26025037.00),
('99911122222', '20240811', 'ORD000798', 'EXE000798', '006482', '2', 97, 32533761.00),
('99911122222', '20240918', 'ORD000799', 'EXE000799', '004608', '2', 53, 8574406.00),
('99911122222', '20240910', 'ORD000800', 'EXE000800', '004608', '1', 29, 14861965.00),
('99911122222', '20240514', 'ORD000801', 'EXE000801', '002254', '1', 2, 36085519.00),
('99911122222', '20240809', 'ORD000802', 'EXE000802', '004608', '1', 55, 42086249.00),
('99911122222', '20240920', 'ORD000803', 'EXE000803', '007152', '2', 54, 5887557.00),
('99911122222', '20240119', 'ORD000804', 'EXE000804', '004608', '2', 46, 42855396.00),
('99911122222', '20240415', 'ORD000805', 'EXE000805', '000763', '1', 62, 16708574.00),
('99911122222', '20240826', 'ORD000806', 'EXE000806', '002613', '1', 61, 49176007.00),
('99911122222', '20240220', 'ORD000807', 'EXE000807', '004319', '2', 64, 32079768.00),
('99911122222', '20240227', 'ORD000808', 'EXE000808', '005738', '2', 48, 33289938.00),
('99911122222', '20240129', 'ORD000809', 'EXE000809', '005738', '2', 66, 42813449.00),
('99911122222', '20240318', 'ORD000810', 'EXE000810', '003365', '2', 88, 16073050.00),
('99911122222', '20240915', 'ORD000811', 'EXE000811', '006482', '2', 89, 13104886.00),
('99911122222', '20240430', 'ORD000812', 'EXE000812', '002505', '2', 5, 7006116.00),
('99911122222', '20240621', 'ORD000813', 'EXE000813', '006031', '1', 83, 6277705.00),
('99911122222', '20240206', 'ORD000814', 'EXE000814', '005738', '2', 97, 1413348.00),
('99911122222', '20240311', 'ORD000815', 'EXE000815', '004319', '2', 11, 6581200.00),
('99911122222', '20240121', 'ORD000816', 'EXE000816', '005738', '1', 82, 41377236.00),
('99911122222', '20240227', 'ORD000817', 'EXE000817', '007152', '1', 14, 13324726.00),
('99911122222', '20240623', 'ORD000818', 'EXE000818', '002952', '2', 97, 6745022.00),
('99911122222', '20240402', 'ORD000819', 'EXE000819', '003793', '1', 94, 9895867.00),
('99911122222', '20240416', 'ORD000820', 'EXE000820', '005738', '1', 63, 10237944.00),
('99911122222', '20240116', 'ORD000821', 'EXE000821', '003365', '2', 20, 36725296.00),
('99911122222', '20240918', 'ORD000822', 'EXE000822', '005474', '1', 48, 46804426.00),
('99911122222', '20240118', 'ORD000823', 'EXE000823', '007152', '2', 75, 2929675.00),
('99911122222', '20240807', 'ORD000824', 'EXE000824', '001195', '2', 37, 14299871.00),
('99911122222', '20240326', 'ORD000825', 'EXE000825', '002254', '2', 38, 47847559.00),
('99911122222', '20240121', 'ORD000826', 'EXE000826', '003793', '1', 29, 34007903.00),
('99911122222', '20240903', 'ORD000827', 'EXE000827', '002952', '2', 31, 37994677.00),
('99911122222', '20240318', 'ORD000828', 'EXE000828', '006163', '2', 73, 17260094.00),
('99911122222', '20240313', 'ORD000829', 'EXE000829', '001195', '1', 44, 39170890.00),
('99911122222', '20240712', 'ORD000830', 'EXE000830', '002952', '2', 84, 29469794.00),
('99911122222', '20240717', 'ORD000831', 'EXE000831', '002613', '1', 24, 39905776.00),
('99911122222', '20241016', 'ORD000832', 'EXE000832', '007918', '1', 59, 17394583.00),
('99911122222', '20240624', 'ORD000833', 'EXE000833', '002254', '1', 58, 27805239.00),
('99911122222', '20240815', 'ORD000834', 'EXE000834', '005738', '1', 31, 41164564.00),
('99911122222', '20240817', 'ORD000835', 'EXE000835', '006482', '2', 89, 29974190.00),
('99911122222', '20240705', 'ORD000836', 'EXE000836', '002613', '1', 99, 38281936.00),
('99911122222', '20240327', 'ORD000837', 'EXE000837', '007838', '2', 29, 37301967.00),
('99911122222', '20240512', 'ORD000838', 'EXE000838', '005738', '2', 70, 49938135.00),
('99911122222', '20240222', 'ORD000839', 'EXE000839', '003793', '1', 93, 10935176.00),
('99911122222', '20240503', 'ORD000840', 'EXE000840', '006031', '2', 78, 29908382.00),
('99911122222', '20241003', 'ORD000841', 'EXE000841', '006031', '2', 20, 47620523.00),
('99911122222', '20240403', 'ORD000842', 'EXE000842', '003720', '1', 50, 29395637.00),
('99911122222', '20240627', 'ORD000843', 'EXE000843', '002613', '1', 21, 21370613.00),
('99911122222', '20240321', 'ORD000844', 'EXE000844', '002254', '2', 86, 16873496.00),
('99911122222', '20241027', 'ORD000845', 'EXE000845', '003167', '1', 85, 44177666.00),
('99911122222', '20240307', 'ORD000846', 'EXE000846', '003720', '1', 10, 36500542.00),
('99911122222', '20240313', 'ORD000847', 'EXE000847', '006163', '2', 85, 32939183.00),
('99911122222', '20240417', 'ORD000848', 'EXE000848', '006482', '2', 12, 33287374.00),
('99911122222', '20240829', 'ORD000849', 'EXE000849', '004319', '1', 66, 6777050.00),
('99911122222', '20240809', 'ORD000850', 'EXE000850', '004319', '1', 91, 47368175.00),
('99911122222', '20240826', 'ORD000851', 'EXE000851', '005738', '2', 63, 24718811.00),
('99911122222', '20240623', 'ORD000852', 'EXE000852', '005474', '2', 76, 7277614.00),
('99911122222', '20240924', 'ORD000853', 'EXE000853', '003167', '1', 66, 1415386.00),
('99911122222', '20240802', 'ORD000854', 'EXE000854', '001195', '1', 60, 20488740.00),
('99911122222', '20240830', 'ORD000855', 'EXE000855', '003365', '2', 78, 37780839.00),
('99911122222', '20240409', 'ORD000856', 'EXE000856', '003720', '2', 48, 43885915.00),
('99911122222', '20240516', 'ORD000857', 'EXE000857', '007152', '1', 55, 12627692.00),
('99911122222', '20240615', 'ORD000858', 'EXE000858', '005738', '2', 83, 21923689.00),
('99911122222', '20240317', 'ORD000859', 'EXE000859', '006031', '2', 38, 44089531.00),
('99911122222', '20240719', 'ORD000860', 'EXE000860', '004319', '2', 27, 27207794.00),
('99911122222', '20240909', 'ORD000861', 'EXE000861', '004319', '1', 4, 7853877.00),
('99911122222', '20240106', 'ORD000862', 'EXE000862', '004608', '2', 50, 11609541.00),
('99911122222', '20241014', 'ORD000863', 'EXE000863', '007838', '2', 6, 28033425.00),
('99911122222', '20240125', 'ORD000864', 'EXE000864', '006031', '1', 70, 41225145.00),
('99911122222', '20240223', 'ORD000865', 'EXE000865', '002254', '1', 100, 19371576.00),
('99911122222', '20240529', 'ORD000866', 'EXE000866', '005474', '2', 40, 17474011.00),
('99911122222', '20240225', 'ORD000867', 'EXE000867', '002952', '1', 54, 26040938.00),
('99911122222', '20241002', 'ORD000868', 'EXE000868', '007838', '1', 13, 17265459.00),
('99911122222', '20240111', 'ORD000869', 'EXE000869', '004319', '2', 43, 44962480.00),
('99911122222', '20240710', 'ORD000870', 'EXE000870', '003720', '1', 22, 39033793.00),
('99911122222', '20240207', 'ORD000871', 'EXE000871', '002952', '2', 53, 40721476.00),
('99911122222', '20240511', 'ORD000872', 'EXE000872', '002952', '2', 65, 46881385.00),
('99911122222', '20240621', 'ORD000873', 'EXE000873', '005738', '1', 53, 34868076.00),
('99911122222', '20241019', 'ORD000874', 'EXE000874', '006163', '2', 65, 8321425.00),
('99911122222', '20240410', 'ORD000875', 'EXE000875', '002505', '1', 31, 13365466.00),
('99911122222', '20240926', 'ORD000876', 'EXE000876', '003167', '2', 58, 11864261.00),
('99911122222', '20240415', 'ORD000877', 'EXE000877', '001195', '1', 75, 7844261.00),
('99911122222', '20240609', 'ORD000878', 'EXE000878', '003720', '1', 48, 37769660.00),
('99911122222', '20240130', 'ORD000879', 'EXE000879', '006031', '2', 66, 24425243.00),
('99911122222', '20240421', 'ORD000880', 'EXE000880', '002254', '1', 89, 23439629.00),
('99911122222', '20240319', 'ORD000881', 'EXE000881', '005738', '2', 36, 35974284.00),
('99911122222', '20240813', 'ORD000882', 'EXE000882', '002613', '2', 42, 28785426.00),
('99911122222', '20240830', 'ORD000883', 'EXE000883', '003365', '1', 2, 32961660.00),
('99911122222', '20240930', 'ORD000884', 'EXE000884', '005474', '1', 98, 9432366.00),
('99911122222', '20240507', 'ORD000885', 'EXE000885', '007838', '1', 5, 22049191.00),
('99911122222', '20241016', 'ORD000886', 'EXE000886', '001195', '1', 16, 45132618.00),
('99911122222', '20240413', 'ORD000887', 'EXE000887', '007918', '2', 51, 45097037.00),
('99911122222', '20240309', 'ORD000888', 'EXE000888', '001195', '1', 24, 14896897.00),
('99911122222', '20240526', 'ORD000889', 'EXE000889', '006031', '1', 83, 27790026.00),
('99911122222', '20240908', 'ORD000890', 'EXE000890', '003167', '1', 68, 32130039.00),
('99911122222', '20240829', 'ORD000891', 'EXE000891', '007838', '1', 56, 37349765.00),
('99911122222', '20240813', 'ORD000892', 'EXE000892', '002505', '1', 44, 25777497.00),
('99911122222', '20240530', 'ORD000893', 'EXE000893', '004608', '2', 27, 18765171.00),
('99911122222', '20240805', 'ORD000894', 'EXE000894', '003365', '2', 25, 3120492.00),
('99911122222', '20240422', 'ORD000895', 'EXE000895', '003720', '1', 62, 49980459.00),
('99911122222', '20240602', 'ORD000896', 'EXE000896', '002254', '2', 58, 30653389.00),
('99911122222', '20240127', 'ORD000897', 'EXE000897', '005474', '1', 51, 34270953.00),
('99911122222', '20240117', 'ORD000898', 'EXE000898', '002505', '2', 8, 29533315.00),
('99911122222', '20240505', 'ORD000899', 'EXE000899', '007152', '1', 22, 33157387.00),
('99911122222', '20240221', 'ORD000900', 'EXE000900', '001195', '2', 69, 31204851.00),
('99911122222', '20240418', 'ORD000901', 'EXE000901', '004608', '1', 28, 14280077.00),
('99911122222', '20240430', 'ORD000902', 'EXE000902', '007918', '2', 86, 41131431.00),
('99911122222', '20240815', 'ORD000903', 'EXE000903', '002254', '2', 70, 40498506.00),
('99911122222', '20240511', 'ORD000904', 'EXE000904', '006163', '1', 20, 48163004.00),
('99911122222', '20240911', 'ORD000905', 'EXE000905', '003167', '1', 63, 48240276.00),
('99911122222', '20240927', 'ORD000906', 'EXE000906', '004608', '2', 18, 35453329.00),
('99911122222', '20240614', 'ORD000907', 'EXE000907', '001195', '2', 89, 15020017.00),
('99911122222', '20240102', 'ORD000908', 'EXE000908', '005738', '1', 29, 27337010.00),
('99911122222', '20241001', 'ORD000909', 'EXE000909', '006163', '1', 35, 22069985.00),
('99911122222', '20240828', 'ORD000910', 'EXE000910', '003793', '1', 67, 47162337.00),
('99911122222', '20240207', 'ORD000911', 'EXE000911', '000763', '2', 82, 1692114.00),
('99911122222', '20240812', 'ORD000912', 'EXE000912', '003365', '2', 39, 42411031.00),
('99911122222', '20240827', 'ORD000913', 'EXE000913', '002254', '2', 31, 33569220.00),
('99911122222', '20240926', 'ORD000914', 'EXE000914', '003167', '2', 36, 39733903.00),
('99911122222', '20240217', 'ORD000915', 'EXE000915', '005738', '2', 85, 40176859.00),
('99911122222', '20240812', 'ORD000916', 'EXE000916', '006031', '1', 35, 41032546.00),
('99911122222', '20240314', 'ORD000917', 'EXE000917', '002952', '1', 7, 43425393.00),
('99911122222', '20240215', 'ORD000918', 'EXE000918', '006031', '1', 56, 41664109.00),
('99911122222', '20240221', 'ORD000919', 'EXE000919', '003365', '2', 65, 49862466.00),
('99911122222', '20240216', 'ORD000920', 'EXE000920', '006031', '2', 80, 32103129.00),
('99911122222', '20240601', 'ORD000921', 'EXE000921', '002254', '2', 27, 35322415.00),
('99911122222', '20240809', 'ORD000922', 'EXE000922', '002613', '1', 90, 22248902.00),
('99911122222', '20240229', 'ORD000923', 'EXE000923', '003167', '1', 30, 38351249.00),
('99911122222', '20240711', 'ORD000924', 'EXE000924', '006163', '2', 1, 41829657.00),
('99911122222', '20240301', 'ORD000925', 'EXE000925', '003793', '2', 71, 28704222.00),
('99911122222', '20240119', 'ORD000926', 'EXE000926', '003720', '2', 100, 48294334.00),
('99911122222', '20241019', 'ORD000927', 'EXE000927', '003167', '1', 54, 32974562.00),
('99911122222', '20240227', 'ORD000928', 'EXE000928', '006163', '2', 45, 9643754.00),
('99911122222', '20240323', 'ORD000929', 'EXE000929', '002613', '1', 45, 49765319.00),
('99911122222', '20240730', 'ORD000930', 'EXE000930', '001195', '2', 86, 23502379.00);

-- 4. 리밸런싱마스터 (15개)
INSERT INTO rebalancing_master (rebalancing_strategy_code, rebalancing_name, rebalancing_description, risk_level, investment_style, keyword1, keyword2, keyword3) VALUES
('CONSERVATIVE_01', '안정형 포트폴리오', '안전자산 중심의 보수적 투자 전략', '저위험', '지수추종', '안정성', '보수적', '저위험'),
('BALANCED_01', '균형형 포트폴리오', '주식과 채권의 균형잡힌 분산투자', '중위험', '지수추종', '균형', '분산투자', '중위험'),
('GROWTH_01', '성장형 포트폴리오', '성장주 중심의 적극적 투자 전략', '고위험', '성장투자', '성장성', '적극적', '고수익'),
('DIVIDEND_01', '배당형 포트폴리오', '배당수익을 중시하는 안정적 수익 추구', '저위험', '배당투자', '배당', '수익', '안정적'),
('TECH_01', 'IT기술주 포트폴리오', 'IT 기술주에 집중 투자하는 전략', '고위험', '테마/모멘텀', '기술주', 'IT', '혁신'),
('GLOBAL_01', '글로벌 포트폴리오', '해외 주식 분산투자를 통한 글로벌 전략', '중위험', '지수추종', '글로벌', '해외투자', '분산'),
('ESG_01', 'ESG 포트폴리오', '지속가능경영 기업 중심 투자', '중위험', '가치투자', '지속가능', '친환경', 'ESG'),
('SMALL_CAP_01', '중소형주 포트폴리오', '중소형 성장주 중심 투자 전략', '고위험', '성장투자', '중소형주', '성장', '고성장'),
('VALUE_01', '가치투자 포트폴리오', '저평가된 우량주 중심 투자', '중위험', '가치투자', '가치투자', '저평가', '우량주'),
('SECTOR_01', '섹터별 포트폴리오', '업종별 분산투자 전략', '중위험', '테마/모멘텀', '섹터', '업종분산', '다양화'),
('MOMENTUM_01', '모멘텀 포트폴리오', '상승 추세 종목 중심 투자', '초고위험', '테마/모멘텀', '모멘텀', '추세', '상승세'),
('DEFENSIVE_01', '방어형 포트폴리오', '경기방어주 중심의 안정적 투자', '초저위험', '배당투자', '방어', '경기방어주', '안정'),
('INCOME_01', '수익형 포트폴리오', '정기적 수익창출을 목적으로 하는 전략', '저위험', '배당투자', '수익창출', '정기수익', '안정수익'),
('EMERGING_01', '이머징 포트폴리오', '신흥시장 투자를 통한 고성장 추구', '초고위험', '성장투자', '신흥시장', '고성장', '이머징'),
('HYBRID_01', '하이브리드 포트폴리오', '여러 전략을 혼합한 복합 투자 전략', '중위험', '퀀트/시스템트레이딩', '복합전략', '하이브리드', '다전략');

-- 5. 리밸런싱분석 (15개)
INSERT INTO rebalancing_analysis (rebalancing_strategy_code, expected_return, volatility, max_drawdown, investor_preference) VALUES
('CONSERVATIVE_01', 11.67, 16.95, 4.71, 5),
('BALANCED_01', 16.25, 13.9, 26.98, 5),
('GROWTH_01', 4.82, 18.08, 22.61, 1),
('DIVIDEND_01', 13.87, 21.65, 34.63, 5),
('TECH_01', 4.08, 24.62, 7.99, 4),
('GLOBAL_01', 7.04, 24.13, 26.03, 4),
('ESG_01', 13.57, 20.32, 13.8, 3),
('SMALL_CAP_01', 18.14, 15.54, 6.09, 3),
('VALUE_01', 11.66, 23.79, 12.4, 1),
('SECTOR_01', 5.08, 5.15, 3.19, 3),
('MOMENTUM_01', 5.02, 21.67, 24.39, 3),
('DEFENSIVE_01', 4.05, 17.55, 24.43, 1),
('INCOME_01', 17.31, 23.93, 17.87, 3),
('EMERGING_01', 14.09, 7.16, 21.45, 5),
('HYBRID_01', 11.03, 9.69, 15.47, 5);

-- 6. 고객전략 (1개)
INSERT INTO customer_strategy (account_number, rebalancing_strategy_code, rebalancing_cycle, allowed_deviation, rebalancing_yn) VALUES
('99911122222', 'BALANCED_01', 30, 5.00, 'Y');

