-- Mock 데이터 대량 생성 스크립트 (중복 제거 버전)
-- 포트폴리오 관리 시스템을 위한 완전한 테스트 데이터 세트
-- PK 중복 없이 데이터 정합성을 보장하는 설계

USE kpsdb;

-- 기존 데이터 삭제 (개발환경에서만 사용)
SET FOREIGN_KEY_CHECKS = 0;
DELETE FROM rebalancing_analysis;
DELETE FROM customer_strategy; 
DELETE FROM customer_balance;
DELETE FROM trading_history;
DELETE FROM rebalancing_master;
DELETE FROM stock_current_price;
SET FOREIGN_KEY_CHECKS = 1;

-- =================================================================
-- 1. 종목현재가 테이블 (2500개, 중복 없음)
-- =================================================================

INSERT INTO stock_current_price (stock_code, current_price) VALUES
-- 고객보유 종목 (20개)
('005930', 75000),
('000660', 142000),
('035420', 185000),
('051910', 425000),
('207940', 850000),
('005490', 58000),
('000270', 62000),
('035720', 42000),
('105560', 88000),
('055550', 47000),
('096770', 620000),
('017670', 45000),
('066570', 155000),
('009150', 38000),
('036570', 52000),
('323410', 28000),
('086790', 165000),
('068270', 158000),
('373220', 185000),
('247540', 28000),

-- 기타 대형주
('032830', 318000),
('003670', 58000),
('034730', 65000),
('015760', 28000),
('018260', 28000),
('051900', 35000),
('251270', 175000),
('377300', 285000),
('042700', 32000),
('316140', 72000),
('024110', 38000),
('138040', 25000),
('071050', 42000),
('004170', 45000),
('139480', 18000),
('161890', 22000),
('030200', 35000),
('033780', 12000),
('000880', 28000),
('010950', 85000),
('011170', 28000),
('004020', 58000),
('012330', 42000),
('091990', 48000),
('302440', 92000),
('326030', 85000),
('000720', 35000),
('009540', 38000),
('010140', 68000),
('064350', 125000),

-- 추가 종목들
('100000', 34148),
('100001', 4578),
('100002', 81093),
('100003', 76968),
('100004', 84360),
('100005', 1145),
('100006', 89897),
('100007', 10934),
('100008', 12131),
('100009', 1137),
('100010', 95469),
('100011', 51312),
('100012', 2753),
('100013', 6655),
('100014', 77615),
('100015', 68290),
('100016', 10223),
('100017', 32929),
('100018', 79105),
('100019', 33674),
('100020', 66876),
('100021', 39965),
('100022', 4729),
('100023', 25629),
('100024', 64746),
('100025', 5661),
('100026', 3473),
('100027', 49706),
('100028', 31292),
('100029', 66320),
('100030', 56243),
('100031', 30256),
('100032', 48968),
('100033', 85782),
('100034', 46607),
('100035', 93301),
('100036', 94031),
('100037', 12526),
('100038', 22432),
('100039', 91699),
('100040', 13991),
('100041', 89158),
('100042', 97650),
('100043', 2434),
('100044', 18575),
('100045', 60677),
('100046', 26742),
('100047', 21751),
('100048', 90360),
('100049', 8825),
('100050', 72285),
('100051', 64597),
('100052', 82733),
('100053', 99806),
('100054', 88906),
('100055', 40726),
('100056', 96576),
('100057', 68410),
('100058', 65119),
('100059', 48982),
('100060', 39503),
('100061', 21484),
('100062', 28368),
('100063', 57258),
('100064', 54623),
('100065', 32186),
('100066', 99385),
('100067', 44613),
('100068', 67059),
('100069', 64910),
('100070', 25886),
('100071', 67382),
('100072', 59577),
('100073', 46254),
('100074', 15483),
('100075', 80171),
('100076', 29382),
('100077', 29193),
('100078', 3181),
('100079', 12444),
('100080', 26939),
('100081', 56555),
('100082', 9695),
('100083', 75938),
('100084', 72148),
('100085', 3814),
('100086', 67006),
('100087', 9394),
('100088', 41773),
('100089', 12958),
('100090', 85144),
('100091', 99121),
('100092', 59604),
('100093', 60365),
('100094', 52092),
('100095', 7793),
('100096', 53531),
('100097', 13428),
('100098', 99091),
('100099', 5913),
('100100', 22947),
('100101', 13470),
('100102', 71817),
('100103', 77156),
('100104', 24942),
('100105', 37136),
('100106', 34015),
('100107', 36791),
('100108', 84598),
('100109', 32582),
('100110', 30374),
('100111', 68632),
('100112', 90141),
('100113', 40203),
('100114', 14173),
('100115', 51422),
('100116', 54192),
('100117', 47261),
('100118', 70661),
('100119', 95617),
('100120', 35955),
('100121', 4331),
('100122', 28469),
('100123', 14005),
('100124', 1587),
('100125', 83784),
('100126', 47555),
('100127', 22408),
('100128', 25508),
('100129', 4854),
('100130', 34468),
('100131', 55723),
('100132', 74327),
('100133', 32612),
('100134', 66704),
('100135', 56503),
('100136', 2499),
('100137', 60184),
('100138', 6750),
('100139', 89961),
('100140', 96002),
('100141', 25539),
('100142', 57168),
('100143', 82941),
('100144', 39564),
('100145', 44038),
('100146', 37604),
('100147', 99707),
('100148', 21927),
('100149', 41948),
('100150', 93534),
('100151', 10281),
('100152', 92137),
('100153', 49363),
('100154', 37193),
('100155', 58810),
('100156', 88809),
('100157', 64123),
('100158', 29628),
('100159', 89724),
('100160', 74963),
('100161', 9984),
('100162', 72997),
('100163', 96518),
('100164', 93394),
('100165', 84072),
('100166', 64589),
('100167', 1036),
('100168', 64367),
('100169', 82602),
('100170', 28672),
('100171', 48055),
('100172', 49397),
('100173', 17871),
('100174', 79243),
('100175', 16171),
('100176', 91512),
('100177', 94679),
('100178', 65954),
('100179', 47303),
('100180', 36430),
('100181', 55279),
('100182', 8922),
('100183', 10314),
('100184', 32187),
('100185', 11058),
('100186', 72301),
('100187', 60020),
('100188', 88374),
('100189', 86794),
('100190', 53349),
('100191', 92650),
('100192', 91964),
('100193', 9042),
('100194', 20038),
('100195', 57002),
('100196', 82799),
('100197', 53458),
('100198', 22760),
('100199', 47352),
('100200', 92186),
('100201', 54524),
('100202', 92955),
('100203', 68487),
('100204', 11877),
('100205', 93599),
('100206', 93122),
('100207', 59171),
('100208', 61614),
('100209', 36268),
('100210', 53994),
('100211', 70932),
('100212', 38448),
('100213', 83494),
('100214', 10251),
('100215', 45778),
('100216', 97376),
('100217', 40634),
('100218', 31225),
('100219', 34604),
('100220', 29328),
('100221', 81006),
('100222', 33327),
('100223', 70803),
('100224', 69252),
('100225', 68651),
('100226', 17552),
('100227', 1967),
('100228', 2086),
('100229', 49301),
('100230', 65969),
('100231', 7571),
('100232', 23731),
('100233', 29077),
('100234', 64723),
('100235', 23055),
('100236', 4476),
('100237', 79236),
('100238', 66097),
('100239', 72151),
('100240', 69242),
('100241', 1273),
('100242', 7268),
('100243', 41605),
('100244', 63656),
('100245', 97196),
('100246', 37215),
('100247', 42241),
('100248', 98651),
('100249', 34220),
('100250', 99616),
('100251', 20337),
('100252', 64998),
('100253', 56767),
('100254', 97344),
('100255', 76299),
('100256', 79578),
('100257', 97061),
('100258', 65467),
('100259', 30648),
('100260', 74109),
('100261', 23583),
('100262', 11083),
('100263', 33063),
('100264', 69470),
('100265', 50286),
('100266', 9188),
('100267', 54239),
('100268', 58623),
('100269', 69708),
('100270', 77647),
('100271', 12626),
('100272', 93408),
('100273', 82226),
('100274', 41312),
('100275', 34658),
('100276', 88681),
('100277', 63325),
('100278', 11095),
('100279', 67910),
('100280', 21544),
('100281', 71837),
('100282', 20289),
('100283', 12468),
('100284', 3399),
('100285', 4115),
('100286', 43676),
('100287', 69172),
('100288', 64547),
('100289', 81438),
('100290', 58682),
('100291', 63293),
('100292', 39560),
('100293', 51923),
('100294', 74056),
('100295', 50863),
('100296', 19279),
('100297', 72531),
('100298', 12231),
('100299', 22712),
('100300', 62203),
('100301', 93116),
('100302', 3968),
('100303', 75903),
('100304', 56620),
('100305', 40784),
('100306', 29358),
('100307', 41005),
('100308', 89389),
('100309', 50954),
('100310', 75489),
('100311', 86270),
('100312', 76433),
('100313', 58642),
('100314', 51942),
('100315', 35685),
('100316', 58365),
('100317', 89913),
('100318', 77017),
('100319', 91545),
('100320', 1877),
('100321', 91478),
('100322', 96959),
('100323', 67452),
('100324', 46953),
('100325', 53640),
('100326', 19833),
('100327', 5855),
('100328', 76430),
('100329', 34229),
('100330', 61621),
('100331', 94614),
('100332', 95731),
('100333', 2771),
('100334', 1190),
('100335', 35234),
('100336', 19451),
('100337', 44643),
('100338', 99531),
('100339', 83945),
('100340', 2193),
('100341', 90291),
('100342', 19610),
('100343', 34048),
('100344', 77561),
('100345', 71683),
('100346', 52673),
('100347', 53018),
('100348', 28290),
('100349', 64828),
('100350', 81192),
('100351', 34358),
('100352', 2478),
('100353', 16792),
('100354', 92203),
('100355', 25938),
('100356', 39534),
('100357', 98775),
('100358', 83738),
('100359', 31429),
('100360', 3011),
('100361', 60826),
('100362', 22995),
('100363', 91596),
('100364', 30261),
('100365', 16645),
('100366', 70173),
('100367', 19564),
('100368', 81941),
('100369', 31078),
('100370', 29468),
('100371', 74327),
('100372', 49661),
('100373', 20148),
('100374', 85484),
('100375', 84640),
('100376', 35118),
('100377', 65961),
('100378', 81131),
('100379', 82752),
('100380', 10581),
('100381', 93653),
('100382', 16624),
('100383', 32639),
('100384', 88585),
('100385', 13979),
('100386', 85532),
('100387', 4547),
('100388', 11626),
('100389', 55245),
('100390', 20212),
('100391', 5019),
('100392', 36746),
('100393', 16756),
('100394', 97253),
('100395', 42797),
('100396', 54437),
('100397', 60117),
('100398', 98662),
('100399', 19183),
('100400', 51776),
('100401', 70504),
('100402', 2796),
('100403', 61660),
('100404', 31185),
('100405', 27812),
('100406', 16942),
('100407', 36957),
('100408', 35760),
('100409', 10901),
('100410', 31005),
('100411', 18766),
('100412', 32425),
('100413', 53680),
('100414', 47213),
('100415', 66530),
('100416', 38151),
('100417', 77118),
('100418', 66580),
('100419', 43320),
('100420', 13117),
('100421', 33555),
('100422', 78663),
('100423', 95606),
('100424', 24334),
('100425', 61925),
('100426', 5980),
('100427', 88960),
('100428', 60297),
('100429', 13940),
('100430', 47480),
('100431', 72552),
('100432', 68975),
('100433', 10954),
('100434', 57205),
('100435', 36596),
('100436', 49317),
('100437', 47225),
('100438', 28397),
('100439', 31449),
('100440', 85626),
('100441', 44983),
('100442', 30404),
('100443', 55611),
('100444', 85359),
('100445', 97182),
('100446', 75800),
('100447', 79031),
('100448', 37073),
('100449', 93307),
('100450', 86065),
('100451', 39536),
('100452', 8188),
('100453', 66704),
('100454', 3727),
('100455', 50918),
('100456', 91035),
('100457', 58523),
('100458', 42132),
('100459', 61142),
('100460', 19358),
('100461', 84921),
('100462', 59475),
('100463', 39771),
('100464', 64406),
('100465', 29004),
('100466', 84338),
('100467', 27238),
('100468', 74284),
('100469', 44152),
('100470', 56872),
('100471', 35161),
('100472', 2651),
('100473', 85659),
('100474', 9892),
('100475', 11518),
('100476', 8007),
('100477', 82516),
('100478', 86233),
('100479', 94417),
('100480', 65087),
('100481', 45803),
('100482', 22415),
('100483', 81707),
('100484', 1198),
('100485', 62709),
('100486', 33011),
('100487', 92468),
('100488', 22716),
('100489', 96510),
('100490', 9497),
('100491', 54738),
('100492', 1699),
('100493', 14668),
('100494', 74688),
('100495', 63761),
('100496', 26804),
('100497', 37271),
('100498', 69026),
('100499', 3207),
('100500', 45996),
('100501', 37618),
('100502', 68318),
('100503', 56691),
('100504', 92533),
('100505', 12016),
('100506', 6426),
('100507', 85662),
('100508', 61057),
('100509', 70517),
('100510', 97565),
('100511', 10579),
('100512', 22510),
('100513', 61201),
('100514', 33755),
('100515', 21298),
('100516', 87916),
('100517', 64062),
('100518', 77198),
('100519', 98684),
('100520', 1439),
('100521', 64923),
('100522', 25558),
('100523', 77344),
('100524', 97751),
('100525', 18929),
('100526', 21982),
('100527', 56890),
('100528', 30264),
('100529', 52089),
('100530', 69135),
('100531', 13323),
('100532', 33383),
('100533', 73508),
('100534', 18505),
('100535', 24628),
('100536', 61020),
('100537', 87636),
('100538', 53197),
('100539', 51935),
('100540', 22265),
('100541', 68549),
('100542', 20702),
('100543', 16948),
('100544', 34472),
('100545', 77034),
('100546', 21294),
('100547', 4923),
('100548', 80405),
('100549', 91810),
('100550', 16231),
('100551', 90902),
('100552', 7363),
('100553', 82099),
('100554', 77773),
('100555', 57463),
('100556', 92272),
('100557', 8546),
('100558', 86908),
('100559', 64537),
('100560', 90866),
('100561', 63069),
('100562', 32988),
('100563', 53083),
('100564', 21541),
('100565', 28108),
('100566', 7144),
('100567', 39374),
('100568', 20141),
('100569', 11654),
('100570', 4076),
('100571', 67335),
('100572', 79607),
('100573', 31888),
('100574', 16944),
('100575', 10367),
('100576', 48072),
('100577', 2521),
('100578', 63976),
('100579', 33732),
('100580', 44852),
('100581', 62196),
('100582', 64996),
('100583', 3561),
('100584', 82849),
('100585', 20984),
('100586', 93369),
('100587', 67984),
('100588', 88076),
('100589', 93328),
('100590', 70564),
('100591', 55482),
('100592', 51960),
('100593', 5762),
('100594', 63988),
('100595', 95506),
('100596', 35178),
('100597', 54372),
('100598', 47915),
('100599', 14479),
('100600', 83492),
('100601', 23774),
('100602', 71723),
('100603', 17394),
('100604', 87481),
('100605', 28018),
('100606', 24547),
('100607', 1747),
('100608', 33889),
('100609', 10719),
('100610', 13418),
('100611', 23709),
('100612', 33271),
('100613', 85797),
('100614', 97120),
('100615', 47654),
('100616', 25692),
('100617', 68773),
('100618', 38579),
('100619', 49789),
('100620', 68034),
('100621', 72674),
('100622', 45888),
('100623', 51687),
('100624', 18028),
('100625', 77140),
('100626', 31171),
('100627', 17755),
('100628', 59245),
('100629', 18620),
('100630', 47007),
('100631', 38137),
('100632', 71903),
('100633', 58666),
('100634', 69274),
('100635', 58941),
('100636', 94376),
('100637', 26881),
('100638', 47130),
('100639', 66908),
('100640', 49255),
('100641', 54208),
('100642', 25199),
('100643', 95896),
('100644', 50199),
('100645', 98813),
('100646', 41524),
('100647', 21246),
('100648', 9964),
('100649', 3494),
('100650', 18070),
('100651', 93483),
('100652', 24228),
('100653', 43112),
('100654', 96876),
('100655', 25914),
('100656', 99436),
('100657', 78332),
('100658', 73228),
('100659', 56491),
('100660', 17878),
('100661', 87095),
('100662', 54131),
('100663', 8285),
('100664', 16590),
('100665', 17613),
('100666', 41360),
('100667', 6745),
('100668', 53628),
('100669', 14098),
('100670', 5399),
('100671', 10495),
('100672', 83728),
('100673', 73037),
('100674', 75545),
('100675', 82203),
('100676', 28433),
('100677', 54294),
('100678', 5102),
('100679', 49241),
('100680', 52534),
('100681', 17976),
('100682', 73182),
('100683', 33427),
('100684', 57295),
('100685', 61450),
('100686', 39538),
('100687', 81761),
('100688', 19029),
('100689', 46192),
('100690', 36868),
('100691', 11961),
('100692', 61114),
('100693', 19258),
('100694', 29335),
('100695', 52399),
('100696', 84665),
('100697', 44363),
('100698', 75072),
('100699', 83712),
('100700', 15167),
('100701', 62391),
('100702', 53640),
('100703', 63064),
('100704', 88420),
('100705', 15603),
('100706', 14217),
('100707', 30383),
('100708', 74412),
('100709', 87205),
('100710', 12476),
('100711', 55237),
('100712', 99423),
('100713', 9959),
('100714', 59195),
('100715', 78336),
('100716', 44296),
('100717', 63002),
('100718', 22458),
('100719', 56410),
('100720', 82978),
('100721', 14748),
('100722', 59766),
('100723', 88564),
('100724', 92048),
('100725', 38702),
('100726', 65736),
('100727', 72225),
('100728', 86962),
('100729', 10915),
('100730', 9325),
('100731', 53882),
('100732', 61565),
('100733', 98067),
('100734', 93544),
('100735', 88100),
('100736', 94569),
('100737', 70597),
('100738', 55708),
('100739', 32631),
('100740', 90487),
('100741', 74972),
('100742', 45143),
('100743', 42709),
('100744', 48585),
('100745', 8012),
('100746', 78305),
('100747', 23798),
('100748', 53916),
('100749', 76674),
('100750', 91167),
('100751', 27015),
('100752', 16213),
('100753', 86097),
('100754', 13305),
('100755', 80846),
('100756', 32317),
('100757', 47729),
('100758', 31968),
('100759', 94582),
('100760', 70029),
('100761', 63877),
('100762', 83169),
('100763', 36619),
('100764', 99675),
('100765', 42769),
('100766', 5016),
('100767', 7871),
('100768', 12694),
('100769', 67228),
('100770', 36780),
('100771', 90669),
('100772', 70467),
('100773', 76658),
('100774', 56904),
('100775', 89353),
('100776', 17646),
('100777', 49576),
('100778', 53699),
('100779', 59863),
('100780', 77995),
('100781', 40216),
('100782', 6415),
('100783', 73397),
('100784', 3848),
('100785', 62372),
('100786', 22987),
('100787', 66530),
('100788', 30853),
('100789', 6302),
('100790', 11112),
('100791', 25825),
('100792', 67156),
('100793', 53775),
('100794', 6160),
('100795', 1736),
('100796', 51028),
('100797', 86500),
('100798', 36288),
('100799', 43265),
('100800', 7926),
('100801', 99720),
('100802', 56811),
('100803', 61150),
('100804', 58043),
('100805', 52028),
('100806', 52285),
('100807', 1743),
('100808', 5439),
('100809', 18440),
('100810', 57879),
('100811', 68054),
('100812', 70606),
('100813', 16378),
('100814', 58308),
('100815', 95787),
('100816', 92229),
('100817', 45449),
('100818', 41596),
('100819', 81044),
('100820', 10734),
('100821', 98871),
('100822', 44072),
('100823', 33987),
('100824', 54954),
('100825', 78476),
('100826', 33854),
('100827', 18200),
('100828', 50265),
('100829', 48731),
('100830', 91621),
('100831', 96554),
('100832', 83861),
('100833', 85355),
('100834', 6435),
('100835', 10931),
('100836', 96026),
('100837', 66527),
('100838', 73505),
('100839', 51100),
('100840', 88938),
('100841', 25099),
('100842', 71161),
('100843', 24883),
('100844', 24847),
('100845', 42782),
('100846', 82336),
('100847', 38128),
('100848', 55157),
('100849', 34021),
('100850', 24069),
('100851', 7996),
('100852', 7024),
('100853', 9799),
('100854', 73974),
('100855', 76881),
('100856', 45566),
('100857', 99778),
('100858', 76113),
('100859', 39012),
('100860', 12783),
('100861', 49352),
('100862', 61230),
('100863', 4733),
('100864', 49900),
('100865', 51948),
('100866', 41166),
('100867', 99361),
('100868', 73005),
('100869', 35701),
('100870', 65146),
('100871', 58718),
('100872', 81670),
('100873', 14475),
('100874', 99811),
('100875', 60234),
('100876', 35675),
('100877', 67345),
('100878', 74903),
('100879', 61823),
('100880', 32688),
('100881', 96112),
('100882', 5028),
('100883', 55257),
('100884', 40852),
('100885', 1052),
('100886', 5256),
('100887', 46098),
('100888', 6546),
('100889', 69215),
('100890', 41904),
('100891', 44645),
('100892', 15724),
('100893', 28206),
('100894', 56994),
('100895', 19829),
('100896', 11874),
('100897', 52633),
('100898', 1470),
('100899', 12099),
('100900', 11703),
('100901', 44864),
('100902', 20285),
('100903', 99625),
('100904', 67750),
('100905', 70628),
('100906', 53068),
('100907', 17627),
('100908', 8236),
('100909', 77703),
('100910', 74273),
('100911', 42799),
('100912', 8654),
('100913', 41301),
('100914', 52876),
('100915', 10008),
('100916', 54815),
('100917', 93486),
('100918', 30183),
('100919', 68392),
('100920', 50942),
('100921', 26407),
('100922', 98566),
('100923', 73103),
('100924', 20346),
('100925', 36760),
('100926', 80737),
('100927', 8819),
('100928', 55299),
('100929', 46925),
('100930', 21589),
('100931', 18229),
('100932', 80047),
('100933', 41112),
('100934', 51367),
('100935', 83234),
('100936', 25505),
('100937', 14237),
('100938', 5344),
('100939', 61232),
('100940', 63276),
('100941', 63619),
('100942', 78856),
('100943', 3108),
('100944', 81509),
('100945', 22690),
('100946', 37494),
('100947', 20009),
('100948', 16872),
('100949', 24042),
('100950', 95378),
('100951', 16203),
('100952', 48430),
('100953', 84804),
('100954', 77341),
('100955', 21483),
('100956', 4453),
('100957', 13392),
('100958', 18247),
('100959', 82007),
('100960', 22769),
('100961', 16099),
('100962', 90351),
('100963', 36063),
('100964', 75284),
('100965', 86896),
('100966', 28168),
('100967', 36472),
('100968', 22972),
('100969', 90164),
('100970', 9344),
('100971', 64625),
('100972', 94917),
('100973', 9780),
('100974', 36818),
('100975', 57665),
('100976', 60955),
('100977', 76451),
('100978', 61319),
('100979', 98683),
('100980', 34334),
('100981', 94700),
('100982', 12108),
('100983', 88984),
('100984', 11758),
('100985', 86261),
('100986', 44978),
('100987', 46758),
('100988', 50978),
('100989', 49532),
('100990', 28970),
('100991', 64554),
('100992', 9942),
('100993', 50071),
('100994', 40109),
('100995', 96469),
('100996', 13372),
('100997', 89026),
('100998', 54829),
('100999', 32623),

('101000', 67299),
('101001', 94691),
('101002', 4747),
('101003', 76886),
('101004', 39316),
('101005', 7952),
('101006', 58168),
('101007', 52858),
('101008', 13587),
('101009', 49658),
('101010', 49996),
('101011', 11658),
('101012', 80864),
('101013', 48753),
('101014', 50490),
('101015', 64034),
('101016', 86941),
('101017', 48503),
('101018', 95824),
('101019', 92807),
('101020', 97667),
('101021', 66733),
('101022', 64045),
('101023', 54655),
('101024', 21676),
('101025', 56444),
('101026', 58705),
('101027', 34657),
('101028', 18073),
('101029', 45420),
('101030', 58528),
('101031', 41280),
('101032', 22328),
('101033', 49491),
('101034', 38865),
('101035', 78007),
('101036', 33950),
('101037', 54495),
('101038', 62419),
('101039', 44739),
('101040', 12556),
('101041', 72645),
('101042', 29104),
('101043', 38237),
('101044', 6186),
('101045', 58922),
('101046', 58595),
('101047', 55868),
('101048', 35656),
('101049', 94269),
('101050', 53075),
('101051', 74749),
('101052', 16398),
('101053', 2247),
('101054', 8828),
('101055', 24341),
('101056', 37057),
('101057', 67013),
('101058', 63778),
('101059', 7415),
('101060', 60054),
('101061', 19208),
('101062', 36534),
('101063', 5875),
('101064', 10431),
('101065', 32006),
('101066', 95244),
('101067', 80523),
('101068', 26086),
('101069', 80211),
('101070', 36793),
('101071', 30510),
('101072', 47529),
('101073', 61476),
('101074', 61152),
('101075', 11180),
('101076', 88161),
('101077', 55899),
('101078', 19531),
('101079', 73666),
('101080', 95195),
('101081', 18867),
('101082', 88044),
('101083', 71521),
('101084', 47382),
('101085', 44279),
('101086', 62039),
('101087', 52074),
('101088', 70813),
('101089', 94683),
('101090', 63161),
('101091', 7267),
('101092', 47133),
('101093', 53181),
('101094', 63832),
('101095', 15724),
('101096', 20475),
('101097', 31048),
('101098', 82954),
('101099', 70006),
('101100', 77918),
('101101', 68572),
('101102', 96815),
('101103', 76381),
('101104', 75360),
('101105', 50408),
('101106', 85875),
('101107', 29600),
('101108', 2160),
('101109', 19034),
('101110', 58057),
('101111', 44621),
('101112', 83966),
('101113', 35998),
('101114', 9259),
('101115', 70883),
('101116', 97436),
('101117', 73265),
('101118', 23228),
('101119', 84343),
('101120', 36954),
('101121', 17560),
('101122', 86506),
('101123', 81050),
('101124', 49239),
('101125', 90060),
('101126', 19066),
('101127', 75466),
('101128', 20525),
('101129', 18094),
('101130', 20629),
('101131', 43176),
('101132', 76480),
('101133', 23314),
('101134', 78145),
('101135', 23706),
('101136', 71255),
('101137', 85880),
('101138', 46528),
('101139', 34303),
('101140', 61981),
('101141', 69921),
('101142', 59697),
('101143', 75943),
('101144', 24862),
('101145', 51994),
('101146', 20828),
('101147', 18341),
('101148', 84453),
('101149', 58984),
('101150', 58325),
('101151', 60110),
('101152', 55574),
('101153', 14175),
('101154', 62451),
('101155', 74310),
('101156', 74769),
('101157', 84025),
('101158', 92149),
('101159', 43709),
('101160', 53532),
('101161', 82516),
('101162', 37616),
('101163', 75852),
('101164', 88082),
('101165', 84677),
('101166', 79152),
('101167', 99985),
('101168', 65468),
('101169', 46659),
('101170', 76107),
('101171', 98417),
('101172', 32169),
('101173', 71575),
('101174', 71565),
('101175', 67549),
('101176', 15063),
('101177', 7728),
('101178', 64627),
('101179', 14998),
('101180', 10480),
('101181', 1433),
('101182', 63129),
('101183', 91225),
('101184', 30830),
('101185', 15967),
('101186', 79770),
('101187', 13644),
('101188', 90808),
('101189', 39222),
('101190', 20204),
('101191', 79563),
('101192', 50913),
('101193', 30463),
('101194', 75606),
('101195', 9683),
('101196', 5049),
('101197', 83916),
('101198', 60887),
('101199', 34539),
('101200', 23362),
('101201', 14262),
('101202', 19908),
('101203', 92576),
('101204', 54675),
('101205', 92244),
('101206', 25223),
('101207', 53781),
('101208', 7999),
('101209', 74318),
('101210', 7618),
('101211', 29038),
('101212', 61130),
('101213', 71357),
('101214', 1670),
('101215', 14583),
('101216', 67995),
('101217', 10817),
('101218', 72129),
('101219', 54063),
('101220', 16710),
('101221', 30966),
('101222', 8634),
('101223', 99176),
('101224', 48324),
('101225', 51634),
('101226', 71414),
('101227', 88411),
('101228', 33977),
('101229', 79208),
('101230', 16135),
('101231', 26101),
('101232', 21067),
('101233', 18690),
('101234', 69796),
('101235', 46328),
('101236', 50437),
('101237', 35714),
('101238', 30751),
('101239', 15354),
('101240', 54864),
('101241', 6975),
('101242', 78568),
('101243', 40870),
('101244', 10667),
('101245', 13712),
('101246', 33955),
('101247', 85738),
('101248', 43604),
('101249', 20858),
('101250', 41644),
('101251', 59252),
('101252', 65928),
('101253', 33398),
('101254', 31726),
('101255', 62253),
('101256', 59564),
('101257', 46722),
('101258', 84699),
('101259', 21830),
('101260', 30668),
('101261', 91300),
('101262', 73924),
('101263', 62826),
('101264', 85488),
('101265', 64796),
('101266', 40764),
('101267', 76527),
('101268', 29910),
('101269', 50606),
('101270', 93103),
('101271', 28602),
('101272', 29574),
('101273', 75137),
('101274', 46674),
('101275', 17736),
('101276', 63847),
('101277', 31863),
('101278', 97394),
('101279', 22531),
('101280', 65375),
('101281', 13688),
('101282', 96276),
('101283', 87326),
('101284', 9024),
('101285', 12365),
('101286', 88952),
('101287', 69801),
('101288', 38107),
('101289', 5575),
('101290', 53009),
('101291', 50671),
('101292', 75419),
('101293', 86166),
('101294', 20555),
('101295', 64797),
('101296', 83939),
('101297', 49807),
('101298', 21760),
('101299', 33533),
('101300', 85618),
('101301', 90710),
('101302', 39706),
('101303', 23603),
('101304', 15459),
('101305', 41622),
('101306', 83991),
('101307', 4679),
('101308', 43091),
('101309', 56579),
('101310', 96076),
('101311', 8382),
('101312', 20416),
('101313', 54278),
('101314', 40180),
('101315', 78003),
('101316', 78033),
('101317', 17505),
('101318', 98682),
('101319', 4081),
('101320', 18566),
('101321', 25297),
('101322', 70745),
('101323', 7655),
('101324', 68324),
('101325', 82456),
('101326', 56234),
('101327', 98596),
('101328', 80831),
('101329', 93639),
('101330', 8727),
('101331', 89285),
('101332', 61425),
('101333', 64678),
('101334', 8414),
('101335', 79043),
('101336', 11357),
('101337', 66747),
('101338', 89758),
('101339', 63882),
('101340', 85053),
('101341', 24593),
('101342', 48714),
('101343', 48698),
('101344', 57551),
('101345', 7861),
('101346', 73767),
('101347', 63056),
('101348', 95159),
('101349', 53180),
('101350', 26943),
('101351', 66585),
('101352', 78690),
('101353', 71456),
('101354', 39339),
('101355', 60486),
('101356', 84559),
('101357', 17434),
('101358', 5057),
('101359', 59881),
('101360', 28409),
('101361', 2372),
('101362', 28734),
('101363', 1838),
('101364', 2508),
('101365', 72796),
('101366', 1449),
('101367', 13633),
('101368', 98595),
('101369', 68795),
('101370', 14981),
('101371', 28757),
('101372', 92586),
('101373', 45530),
('101374', 74699),
('101375', 92969),
('101376', 67098),
('101377', 43250),
('101378', 56556),
('101379', 14722),
('101380', 43620),
('101381', 11806),
('101382', 35559),
('101383', 3495),
('101384', 90811),
('101385', 93637),
('101386', 77465),
('101387', 75466),
('101388', 28088),
('101389', 41523),
('101390', 63145),
('101391', 10665),
('101392', 71303),
('101393', 7795),
('101394', 6260),
('101395', 14375),
('101396', 47592),
('101397', 12962),
('101398', 35074),
('101399', 75734),
('101400', 88484),
('101401', 49090),
('101402', 56553),
('101403', 79754),
('101404', 20870),
('101405', 76015),
('101406', 6733),
('101407', 41440),
('101408', 59431),
('101409', 38646),
('101410', 48577),
('101411', 49723),
('101412', 93332),
('101413', 10119),
('101414', 4401),
('101415', 74389),
('101416', 39037),
('101417', 5476),
('101418', 57726),
('101419', 96380),
('101420', 85264),
('101421', 3950),
('101422', 50034),
('101423', 95324),
('101424', 50844),
('101425', 87873),
('101426', 99662),
('101427', 30934),
('101428', 13129),
('101429', 77895),
('101430', 28621),
('101431', 96089),
('101432', 52715),
('101433', 68408),
('101434', 97294),
('101435', 26358),
('101436', 35787),
('101437', 27794),
('101438', 96586),
('101439', 45421),
('101440', 57431),
('101441', 61561),
('101442', 51555),
('101443', 34113),
('101444', 34783),
('101445', 11137),
('101446', 29593),
('101447', 38880),
('101448', 61044),
('101449', 16974),
('101450', 7485),
('101451', 88335),
('101452', 79109),
('101453', 64322),
('101454', 28150),
('101455', 35720),
('101456', 26949),
('101457', 77804),
('101458', 14813),
('101459', 86451),
('101460', 84719),
('101461', 40823),
('101462', 20052),
('101463', 4341),
('101464', 15675),
('101465', 91237),
('101466', 63394),
('101467', 67982),
('101468', 1301),
('101469', 68671),
('101470', 63160),
('101471', 63141),
('101472', 12927),
('101473', 30071),
('101474', 82662),
('101475', 26268),
('101476', 55080),
('101477', 5189),
('101478', 23906),
('101479', 31489),
('101480', 49616),
('101481', 56488),
('101482', 24118),
('101483', 20040),
('101484', 34216),
('101485', 91373),
('101486', 52938),
('101487', 52584),
('101488', 93205),
('101489', 10168),
('101490', 73835),
('101491', 61020),
('101492', 54764),
('101493', 7632),
('101494', 18942),
('101495', 84742),
('101496', 20823),
('101497', 19942),
('101498', 76080),
('101499', 98088),
('101500', 43725),
('101501', 31369),
('101502', 62415),
('101503', 23328),
('101504', 58067),
('101505', 80589),
('101506', 50655),
('101507', 78855),
('101508', 49364),
('101509', 69337),
('101510', 41420),
('101511', 62820),
('101512', 57030),
('101513', 31261),
('101514', 55640),
('101515', 21084),
('101516', 67601),
('101517', 48389),
('101518', 38451),
('101519', 12316),
('101520', 32345),
('101521', 76800),
('101522', 45874),
('101523', 71830),
('101524', 40660),
('101525', 31978),
('101526', 10442),
('101527', 7427),
('101528', 43056),
('101529', 59495),
('101530', 22178),
('101531', 38955),
('101532', 32542),
('101533', 96554),
('101534', 32386),
('101535', 29332),
('101536', 96354),
('101537', 20678),
('101538', 36587),
('101539', 44821),
('101540', 92350),
('101541', 9303),
('101542', 69711),
('101543', 51859),
('101544', 83271),
('101545', 21465),
('101546', 17397),
('101547', 78833),
('101548', 43623),
('101549', 20426),
('101550', 83703),
('101551', 88919),
('101552', 1179),
('101553', 65369),
('101554', 2646),
('101555', 71400),
('101556', 76152),
('101557', 31287),
('101558', 23938),
('101559', 28183),
('101560', 30975),
('101561', 8777),
('101562', 54133),
('101563', 8082),
('101564', 6114),
('101565', 99270),
('101566', 10911),
('101567', 24749),
('101568', 21618),
('101569', 89080),
('101570', 3604),
('101571', 5482),
('101572', 61320),
('101573', 77177),
('101574', 6607),
('101575', 31212),
('101576', 9237),
('101577', 87470),
('101578', 86380),
('101579', 45911),
('101580', 99535),
('101581', 47945),
('101582', 46569),
('101583', 7876),
('101584', 91574),
('101585', 24429),
('101586', 89967),
('101587', 24404),
('101588', 7232),
('101589', 79913),
('101590', 83977),
('101591', 41761),
('101592', 68924),
('101593', 81083),
('101594', 43780),
('101595', 66395),
('101596', 31444),
('101597', 10442),
('101598', 78603),
('101599', 25245),
('101600', 97518),
('101601', 18746),
('101602', 24156),
('101603', 11463),
('101604', 88978),
('101605', 93026),
('101606', 90025),
('101607', 30170),
('101608', 37049),
('101609', 88979),
('101610', 10818),
('101611', 5086),
('101612', 69792),
('101613', 57233),
('101614', 13625),
('101615', 35834),
('101616', 42223),
('101617', 67248),
('101618', 22995),
('101619', 21978),
('101620', 61815),
('101621', 64946),
('101622', 5685),
('101623', 71726),
('101624', 20957),
('101625', 71234),
('101626', 10832),
('101627', 45967),
('101628', 66275),
('101629', 87712),
('101630', 94509),
('101631', 60579),
('101632', 56842),
('101633', 11002),
('101634', 2955),
('101635', 75959),
('101636', 47728),
('101637', 83375),
('101638', 93980),
('101639', 3914),
('101640', 61529),
('101641', 29096),
('101642', 40420),
('101643', 86940),
('101644', 42639),
('101645', 66876),
('101646', 62762),
('101647', 36332),
('101648', 53274),
('101649', 20646),
('101650', 87668),
('101651', 69878),
('101652', 61865),
('101653', 47450),
('101654', 88663),
('101655', 59494),
('101656', 51860),
('101657', 5735),
('101658', 88868),
('101659', 3010),
('101660', 93016),
('101661', 38798),
('101662', 55949),
('101663', 81105),
('101664', 31929),
('101665', 99868),
('101666', 13329),
('101667', 96707),
('101668', 83124),
('101669', 68636),
('101670', 90286),
('101671', 6874),
('101672', 92609),
('101673', 40736),
('101674', 71955),
('101675', 5290),
('101676', 51869),
('101677', 38033),
('101678', 25916),
('101679', 78754),
('101680', 5456),
('101681', 21872),
('101682', 44460),
('101683', 1037),
('101684', 94181),
('101685', 81059),
('101686', 39152),
('101687', 99911),
('101688', 44712),
('101689', 33076),
('101690', 26184),
('101691', 79277),
('101692', 9941),
('101693', 19033),
('101694', 66175),
('101695', 1505),
('101696', 13335),
('101697', 36388),
('101698', 3645),
('101699', 16313),
('101700', 84559),
('101701', 62938),
('101702', 61367),
('101703', 92977),
('101704', 20627),
('101705', 24544),
('101706', 2832),
('101707', 19540),
('101708', 32889),
('101709', 68128),
('101710', 52558),
('101711', 56699),
('101712', 60724),
('101713', 71877),
('101714', 56281),
('101715', 71783),
('101716', 27244),
('101717', 85123),
('101718', 40900),
('101719', 93147),
('101720', 78579),
('101721', 46039),
('101722', 20684),
('101723', 90566),
('101724', 45640),
('101725', 77952),
('101726', 21902),
('101727', 54536),
('101728', 91348),
('101729', 42263),
('101730', 6129),
('101731', 75709),
('101732', 48426),
('101733', 94944),
('101734', 70342),
('101735', 35176),
('101736', 23841),
('101737', 4298),
('101738', 97115),
('101739', 19280),
('101740', 29391),
('101741', 67799),
('101742', 97858),
('101743', 36006),
('101744', 22842),
('101745', 80517),
('101746', 39486),
('101747', 13596),
('101748', 33358),
('101749', 81429),
('101750', 18155),
('101751', 45984),
('101752', 69992),
('101753', 16946),
('101754', 97149),
('101755', 68276),
('101756', 26709),
('101757', 83621),
('101758', 28564),
('101759', 60961),
('101760', 80268),
('101761', 77467),
('101762', 91186),
('101763', 1054),
('101764', 6884),
('101765', 20430),
('101766', 15117),
('101767', 21226),
('101768', 37126),
('101769', 27365),
('101770', 70835),
('101771', 6211),
('101772', 25768),
('101773', 57016),
('101774', 2104),
('101775', 73194),
('101776', 88364),
('101777', 59877),
('101778', 5709),
('101779', 23310),
('101780', 22963),
('101781', 7761),
('101782', 79470),
('101783', 65271),
('101784', 45296),
('101785', 98953),
('101786', 7512),
('101787', 41510),
('101788', 83176),
('101789', 38608),
('101790', 5999),
('101791', 94701),
('101792', 31115),
('101793', 95406),
('101794', 14290),
('101795', 84490),
('101796', 19326),
('101797', 14386),
('101798', 28429),
('101799', 96986),
('101800', 58115),
('101801', 71105),
('101802', 2007),
('101803', 60049),
('101804', 5962),
('101805', 25502),
('101806', 61379),
('101807', 34286),
('101808', 86983),
('101809', 7067),
('101810', 28374),
('101811', 29651),
('101812', 77032),
('101813', 43488),
('101814', 87361),
('101815', 88686),
('101816', 24118),
('101817', 43932),
('101818', 5294),
('101819', 84969),
('101820', 85108),
('101821', 41309),
('101822', 44370),
('101823', 68899),
('101824', 61342),
('101825', 74121),
('101826', 20686),
('101827', 91296),
('101828', 77756),
('101829', 50978),
('101830', 22043),
('101831', 55508),
('101832', 66858),
('101833', 18413),
('101834', 20801),
('101835', 41314),
('101836', 52476),
('101837', 29986),
('101838', 69808),
('101839', 17349),
('101840', 66774),
('101841', 76667),
('101842', 85474),
('101843', 32809),
('101844', 71383),
('101845', 15006),
('101846', 97245),
('101847', 21849),
('101848', 62850),
('101849', 98140),
('101850', 15252),
('101851', 88506),
('101852', 50020),
('101853', 81259),
('101854', 14360),
('101855', 95830),
('101856', 64660),
('101857', 10425),
('101858', 23884),
('101859', 63390),
('101860', 51439),
('101861', 57615),
('101862', 55369),
('101863', 4096),
('101864', 40489),
('101865', 47007),
('101866', 51947),
('101867', 92286),
('101868', 90516),
('101869', 41848),
('101870', 30594),
('101871', 4439),
('101872', 38830),
('101873', 34859),
('101874', 49737),
('101875', 63599),
('101876', 10016),
('101877', 70598),
('101878', 8408),
('101879', 90187),
('101880', 53872),
('101881', 7989),
('101882', 39477),
('101883', 96082),
('101884', 91364),
('101885', 10777),
('101886', 54522),
('101887', 73770),
('101888', 28618),
('101889', 82680),
('101890', 94927),
('101891', 90995),
('101892', 43935),
('101893', 82506),
('101894', 88944),
('101895', 46674),
('101896', 37293),
('101897', 82838),
('101898', 3328),
('101899', 8884),
('101900', 26548),
('101901', 22794),
('101902', 13193),
('101903', 20946),
('101904', 5640),
('101905', 6991),
('101906', 93467),
('101907', 88957),
('101908', 67642),
('101909', 40759),
('101910', 97967),
('101911', 37242),
('101912', 31620),
('101913', 32355),
('101914', 16055),
('101915', 65836),
('101916', 51862),
('101917', 46118),
('101918', 17282),
('101919', 16909),
('101920', 45284),
('101921', 54840),
('101922', 63469),
('101923', 48019),
('101924', 44554),
('101925', 88761),
('101926', 67374),
('101927', 80361),
('101928', 99936),
('101929', 89369),
('101930', 71423),
('101931', 9339),
('101932', 99788),
('101933', 88762),
('101934', 62806),
('101935', 60766),
('101936', 68921),
('101937', 18722),
('101938', 47852),
('101939', 14628),
('101940', 23764),
('101941', 98415),
('101942', 64209),
('101943', 87515),
('101944', 35904),
('101945', 10064),
('101946', 68915),
('101947', 39764),
('101948', 7921),
('101949', 1761),
('101950', 24303),
('101951', 88526),
('101952', 32753),
('101953', 56544),
('101954', 2123),
('101955', 82968),
('101956', 38015),
('101957', 28049),
('101958', 68142),
('101959', 18868),
('101960', 68478),
('101961', 46551),
('101962', 45585),
('101963', 37314),
('101964', 44885),
('101965', 44790),
('101966', 65674),
('101967', 37457),
('101968', 44937),
('101969', 94899),
('101970', 63101),
('101971', 79136),
('101972', 65160),
('101973', 32835),
('101974', 78731),
('101975', 80617),
('101976', 66239),
('101977', 10745),
('101978', 55234),
('101979', 74480),
('101980', 23160),
('101981', 96935),
('101982', 35463),
('101983', 43567),
('101984', 97447),
('101985', 2101),
('101986', 87766),
('101987', 22855),
('101988', 21719),
('101989', 99846),
('101990', 49486),
('101991', 10468),
('101992', 59660),
('101993', 84743),
('101994', 69804),
('101995', 93659),
('101996', 54675),
('101997', 85124),
('101998', 54383),
('101999', 26630),

('102000', 80224),
('102001', 69149),
('102002', 84675),
('102003', 96445),
('102004', 45290),
('102005', 50107),
('102006', 58891),
('102007', 91100),
('102008', 31600),
('102009', 74458),
('102010', 36305),
('102011', 27890),
('102012', 9115),
('102013', 46067),
('102014', 54159),
('102015', 77775),
('102016', 25724),
('102017', 65783),
('102018', 3158),
('102019', 71770),
('102020', 51386),
('102021', 92471),
('102022', 12129),
('102023', 31883),
('102024', 37772),
('102025', 38469),
('102026', 99831),
('102027', 12179),
('102028', 18343),
('102029', 34659),
('102030', 86116),
('102031', 84897),
('102032', 23134),
('102033', 12851),
('102034', 45566),
('102035', 77728),
('102036', 28625),
('102037', 22392),
('102038', 50831),
('102039', 75779),
('102040', 84726),
('102041', 2416),
('102042', 11288),
('102043', 26607),
('102044', 67230),
('102045', 54019),
('102046', 37813),
('102047', 56360),
('102048', 13042),
('102049', 52853),
('102050', 57718),
('102051', 84290),
('102052', 28463),
('102053', 61070),
('102054', 30050),
('102055', 27194),
('102056', 58534),
('102057', 8108),
('102058', 34769),
('102059', 48634),
('102060', 45446),
('102061', 39737),
('102062', 21967),
('102063', 1214),
('102064', 27087),
('102065', 78535),
('102066', 88716),
('102067', 17734),
('102068', 64615),
('102069', 68573),
('102070', 63091),
('102071', 1120),
('102072', 50249),
('102073', 24424),
('102074', 60879),
('102075', 22637),
('102076', 96451),
('102077', 47984),
('102078', 88171),
('102079', 14625),
('102080', 60484),
('102081', 83073),
('102082', 99856),
('102083', 45370),
('102084', 71602),
('102085', 75527),
('102086', 28648),
('102087', 71096),
('102088', 54385),
('102089', 78310),
('102090', 26883),
('102091', 78373),
('102092', 69601),
('102093', 82769),
('102094', 16467),
('102095', 84643),
('102096', 68963),
('102097', 7455),
('102098', 96473),
('102099', 12287),
('102100', 36569),
('102101', 92516),
('102102', 51438),
('102103', 68534),
('102104', 22999),
('102105', 83323),
('102106', 81273),
('102107', 22154),
('102108', 80735),
('102109', 4383),
('102110', 23794),
('102111', 14850),
('102112', 17431),
('102113', 24573),
('102114', 54026),
('102115', 49873),
('102116', 16210),
('102117', 19849),
('102118', 38499),
('102119', 10255),
('102120', 77032),
('102121', 66944),
('102122', 78976),
('102123', 13080),
('102124', 21849),
('102125', 12179),
('102126', 47468),
('102127', 92477),
('102128', 29506),
('102129', 25697),
('102130', 12161),
('102131', 29443),
('102132', 80106),
('102133', 92276),
('102134', 36317),
('102135', 79121),
('102136', 12047),
('102137', 16029),
('102138', 78216),
('102139', 5428),
('102140', 74326),
('102141', 55129),
('102142', 32870),
('102143', 12522),
('102144', 27422),
('102145', 36836),
('102146', 97824),
('102147', 93788),
('102148', 49670),
('102149', 22074),
('102150', 37225),
('102151', 53787),
('102152', 73187),
('102153', 94004),
('102154', 42741),
('102155', 72025),
('102156', 78310),
('102157', 93748),
('102158', 67939),
('102159', 17545),
('102160', 26153),
('102161', 89390),
('102162', 12195),
('102163', 80509),
('102164', 8283),
('102165', 82492),
('102166', 16060),
('102167', 78090),
('102168', 39390),
('102169', 72913),
('102170', 18951),
('102171', 9913),
('102172', 39786),
('102173', 52831),
('102174', 83874),
('102175', 8097),
('102176', 21083),
('102177', 1975),
('102178', 97303),
('102179', 18794),
('102180', 22319),
('102181', 4326),
('102182', 92010),
('102183', 9991),
('102184', 90202),
('102185', 94227),
('102186', 31113),
('102187', 70636),
('102188', 22411),
('102189', 86595),
('102190', 66490),
('102191', 46815),
('102192', 91361),
('102193', 26425),
('102194', 41614),
('102195', 79578),
('102196', 20164),
('102197', 1742),
('102198', 72227),
('102199', 83459),
('102200', 99363),
('102201', 99827),
('102202', 30895),
('102203', 2926),
('102204', 53829),
('102205', 45400),
('102206', 4758),
('102207', 58674),
('102208', 8254),
('102209', 59746),
('102210', 64568),
('102211', 86676),
('102212', 34416),
('102213', 7670),
('102214', 73507),
('102215', 85513),
('102216', 19292),
('102217', 85450),
('102218', 14905),
('102219', 42175),
('102220', 27058),
('102221', 14987),
('102222', 67253),
('102223', 79634),
('102224', 54507),
('102225', 23497),
('102226', 32140),
('102227', 18825),
('102228', 15145),
('102229', 17213),
('102230', 21923),
('102231', 83032),
('102232', 46969),
('102233', 71116),
('102234', 73271),
('102235', 69438),
('102236', 93917),
('102237', 25818),
('102238', 43075),
('102239', 12522),
('102240', 46155),
('102241', 95090),
('102242', 61947),
('102243', 38559),
('102244', 12031),
('102245', 16310),
('102246', 42246),
('102247', 87456),
('102248', 77483),
('102249', 16656),
('102250', 73335),
('102251', 62892),
('102252', 37992),
('102253', 80628),
('102254', 35415),
('102255', 38053),
('102256', 77417),
('102257', 68711),
('102258', 22896),
('102259', 61635),
('102260', 69345),
('102261', 51873),
('102262', 3706),
('102263', 28258),
('102264', 20194),
('102265', 25543),
('102266', 44837),
('102267', 30951),
('102268', 31257),
('102269', 29354),
('102270', 66380),
('102271', 92503),
('102272', 63991),
('102273', 96431),
('102274', 53617),
('102275', 18957),
('102276', 90387),
('102277', 20078),
('102278', 98770),
('102279', 71628),
('102280', 28763),
('102281', 18610),
('102282', 27962),
('102283', 98765),
('102284', 79476),
('102285', 43108),
('102286', 38602),
('102287', 26317),
('102288', 79220),
('102289', 9667),
('102290', 73388),
('102291', 20661),
('102292', 62089),
('102293', 86699),
('102294', 51082),
('102295', 95804),
('102296', 86650),
('102297', 93404),
('102298', 60718),
('102299', 69474),
('102300', 4103),
('102301', 40401),
('102302', 52749),
('102303', 83197),
('102304', 44542),
('102305', 28448),
('102306', 32659),
('102307', 31616),
('102308', 26555),
('102309', 75421),
('102310', 88726),
('102311', 91804),
('102312', 8510),
('102313', 83598),
('102314', 96163),
('102315', 29764),
('102316', 42096),
('102317', 34420),
('102318', 10045),
('102319', 82964),
('102320', 95770),
('102321', 70444),
('102322', 15248),
('102323', 94930),
('102324', 21774),
('102325', 74827),
('102326', 51669),
('102327', 91160),
('102328', 93019),
('102329', 2683),
('102330', 48485),
('102331', 41799),
('102332', 28126),
('102333', 94647),
('102334', 61753),
('102335', 84020),
('102336', 40737),
('102337', 63881),
('102338', 50707),
('102339', 73286),
('102340', 42559),
('102341', 84785),
('102342', 5800),
('102343', 86723),
('102344', 43611),
('102345', 45723),
('102346', 93875),
('102347', 29218),
('102348', 91634),
('102349', 68221),
('102350', 57434),
('102351', 75369),
('102352', 82543),
('102353', 93255),
('102354', 12439),
('102355', 99992),
('102356', 12600),
('102357', 72741),
('102358', 82730),
('102359', 47463),
('102360', 1987),
('102361', 19627),
('102362', 82925),
('102363', 8122),
('102364', 26823),
('102365', 35079),
('102366', 7702),
('102367', 89707),
('102368', 87712),
('102369', 45429),
('102370', 89756),
('102371', 21042),
('102372', 20949),
('102373', 28774),
('102374', 67987),
('102375', 33090),
('102376', 69234),
('102377', 81401),
('102378', 88171),
('102379', 51405),
('102380', 5412),
('102381', 52985),
('102382', 62861),
('102383', 27175),
('102384', 38769),
('102385', 90097),
('102386', 55575),
('102387', 83634),
('102388', 63283),
('102389', 91326),
('102390', 39154),
('102391', 26978),
('102392', 96754),
('102393', 51749),
('102394', 45039),
('102395', 51062),
('102396', 45832),
('102397', 53703),
('102398', 91438),
('102399', 63632),
('102400', 19293),
('102401', 74653),
('102402', 50599),
('102403', 80512),
('102404', 27787),
('102405', 7676),
('102406', 46805),
('102407', 90698),
('102408', 84890),
('102409', 45436),
('102410', 35552),
('102411', 37307),
('102412', 55091),
('102413', 92946),
('102414', 41821),
('102415', 42645),
('102416', 49132),
('102417', 75882),
('102418', 80160),
('102419', 23387),
('102420', 60203),
('102421', 83422),
('102422', 50433),
('102423', 45846),
('102424', 17275),
('102425', 2505),
('102426', 40284),
('102427', 98255),
('102428', 54308),
('102429', 16342),
('102430', 37384),
('102431', 82773),
('102432', 24957),
('102433', 23298),
('102434', 20064),
('102435', 93053),
('102436', 28594),
('102437', 97544),
('102438', 31648),
('102439', 5191),
('102440', 78645),
('102441', 78366),
('102442', 15418),
('102443', 52817),
('102444', 15230),
('102445', 78514),
('102446', 75013),
('102447', 71970),
('102448', 39344),
('102449', 46308),
('102450', 57497),
('102451', 66827),
('102452', 19059),
('102453', 49497),
('102454', 70467),
('102455', 2290),
('102456', 73590),
('102457', 82106),
('102458', 79431),
('102459', 1436),
('102460', 94354),
('102461', 6435),
('102462', 22936),
('102463', 32632),
('102464', 48052),
('102465', 45686),
('102466', 17159),
('102467', 19515),
('102468', 67866),
('102469', 88461),
('102470', 44019),
('102471', 58564),
('102472', 94737),
('102473', 13930),
('102474', 43856),
('102475', 89436),
('102476', 49469),
('102477', 77906),
('102478', 74437),
('102479', 94236);

-- =================================================================
-- 2. 리밸런싱마스터 테이블 (15건)
-- =================================================================

INSERT INTO rebalancing_master (
    rebalancing_strategy_code, 
    rebalancing_name, 
    rebalancing_description, 
    risk_level, 
    investment_style, 
    keyword1, 
    keyword2, 
    keyword3
) VALUES
('GROWTH_TECH_001', '기술성장형 포트폴리오', 'IT, 바이오, 반도체 등 기술주 중심의 고성장 추구 전략', '고위험', '성장투자', 'IT', '반도체', '바이오'),
('DIVIDEND_STABLE_002', '안정배당형 포트폴리오', '안정적인 배당수익을 추구하는 보수적 투자 전략', '저위험', '배당투자', '배당주', '안정성', '장기투자'),
('VALUE_PICK_003', '가치발굴형 포트폴리오', '저평가된 우량주를 발굴하여 장기 보유하는 전략', '중위험', '가치투자', '저평가', '우량주', '펀더멘털'),
('ESG_SUSTAINABLE_004', 'ESG 지속가능 포트폴리오', '환경, 사회, 지배구조를 고려한 지속가능한 투자', '중위험', '성장투자', 'ESG', '지속가능', '친환경'),
('KOSPI_INDEX_005', 'KOSPI 추종형 포트폴리오', 'KOSPI 지수의 움직임을 따라가는 인덱스 투자', '중위험', '지수추종', '인덱스', 'KOSPI', '분산투자'),
('MOMENTUM_SWING_006', '모멘텀 스윙 포트폴리오', '단기 모멘텀을 활용한 스윙 트레이딩 전략', '고위험', '단기/스윙', '모멘텀', '스윙', '단기수익'),
('QUANT_SYSTEM_007', '퀀트 시스템 포트폴리오', '데이터 분석과 알고리즘 기반의 체계적 투자', '고위험', '퀀트/시스템트레이딩', '퀀트', '알고리즘', '데이터'),
('CONSERVATIVE_008', '보수적 안전자산 포트폴리오', '원금보존을 최우선으로 하는 초보수적 전략', '초저위험', '배당투자', '안전자산', '원금보존', '보수적'),
('BLUE_CHIP_009', '우량주 중심 포트폴리오', '대형 우량주 중심의 안정적 수익 추구', '저위험', '가치투자', '우량주', '대형주', '안정성'),
('SMALL_CAP_010', '중소형주 성장 포트폴리오', '성장 잠재력이 높은 중소형주 집중 투자', '초고위험', '성장투자', '중소형주', '성장잠재력', '고수익'),
('K_BATTERY_011', 'K-배터리 테마 포트폴리오', '2차전지, 전기차 관련 테마주 집중 투자', '고위험', '테마/모멘텀', '배터리', '전기차', '2차전지'),
('HEALTHCARE_012', '헬스케어 특화 포트폴리오', '제약, 바이오, 의료기기 등 헬스케어 집중', '고위험', '성장투자', '헬스케어', '제약', '의료기기'),
('GLOBAL_EXPORT_013', '글로벌 수출주 포트폴리오', '해외 수출 비중이 높은 기업들로 구성', '중위험', '성장투자', '수출주', '글로벌', '환율헷지'),
('DEFENSIVE_014', '방어적 포트폴리오', '경기침체에도 안정적인 필수소비재 중심', '저위험', '배당투자', '방어주', '필수소비재', '경기방어'),
('AI_DIGITAL_015', 'AI 디지털 혁신 포트폴리오', '인공지능, 디지털 전환 관련 혁신기업 투자', '초고위험', '성장투자', 'AI', '디지털전환', '혁신기업');

-- =================================================================
-- 3. 리밸런싱분석 테이블 (15건)
-- =================================================================

INSERT INTO rebalancing_analysis (
    rebalancing_strategy_code,
    expected_return,
    volatility,
    max_drawdown,
    investor_preference
) VALUES
('GROWTH_TECH_001', 12.50, 25.30, -18.40, 78),
('DIVIDEND_STABLE_002', 6.20, 8.50, -5.20, 92),
('VALUE_PICK_003', 9.80, 15.20, -12.30, 85),
('ESG_SUSTAINABLE_004', 8.90, 12.80, -9.70, 88),
('KOSPI_INDEX_005', 7.40, 18.60, -15.20, 95),
('MOMENTUM_SWING_006', 15.20, 32.40, -25.60, 65),
('QUANT_SYSTEM_007', 11.30, 22.10, -16.80, 72),
('CONSERVATIVE_008', 3.80, 4.20, -2.10, 98),
('BLUE_CHIP_009', 7.80, 11.40, -8.30, 90),
('SMALL_CAP_010', 18.60, 38.70, -32.40, 58),
('K_BATTERY_011', 14.80, 29.20, -22.10, 73),
('HEALTHCARE_012', 13.40, 24.60, -19.30, 76),
('GLOBAL_EXPORT_013', 10.20, 19.80, -14.60, 82),
('DEFENSIVE_014', 5.60, 7.30, -4.80, 94),
('AI_DIGITAL_015', 16.90, 35.50, -28.90, 68);

-- =================================================================
-- 4. 고객잔고 테이블 (20개 종목)
-- =================================================================

INSERT INTO customer_balance (
    account_number,
    stock_code,
    stock_name,
    quantity,
    purchase_amount
) VALUES
('99911122222', '005930', '삼성전자', 500, 288800.00),
('99911122222', '000660', 'SK하이닉스', 150, 641635.00),
('99911122222', '035420', 'NAVER', 80, 276507.00),
('99911122222', '051910', 'LG화학', 45, 347241.00),
('99911122222', '207940', '삼성바이오로직스', 25, 441719.00),
('99911122222', '005490', 'POSCO홀딩스', 120, 587368.00),
('99911122222', '000270', '기아', 200, 766886.00),
('99911122222', '035720', '카카오', 180, 238301.00),
('99911122222', '105560', 'KB금융', 220, 482401.00),
('99911122222', '055550', '신한지주', 300, 413492.00),
('99911122222', '096770', 'SK이노베이션', 85, 55428.00),
('99911122222', '017670', 'SK텔레콤', 160, 681296.00),
('99911122222', '066570', 'LG전자', 90, 665065.00),
('99911122222', '009150', '삼성전기', 130, 329329.00),
('99911122222', '036570', '엔씨소프트', 75, 82790.00),
('99911122222', '323410', '카카오뱅크', 400, 242226.00),
('99911122222', '086790', '하나금융지주', 110, 519863.00),
('99911122222', '068270', '셀트리온', 95, 329483.00),
('99911122222', '373220', 'LG에너지솔루션', 60, 113026.00),
('99911122222', '247540', '에코프로비엠', 140, 682218.00);

-- =================================================================
-- 5. 매매내역 테이블 (930건)
-- =================================================================

INSERT INTO trading_history (
    account_number, trading_date, order_number, execution_number, 
    stock_code, buy_sell_code, order_quantity, order_amount
) VALUES
('99911122222', '20250802', 'ORD00000001', 'EXE00000001', '005930', '1', 500, 125038.00),
('99911122222', '20250824', 'ORD00000002', 'EXE00000002', '005930', '1', 150, 124535.00),
('99911122222', '20250821', 'ORD00000003', 'EXE00000003', '000660', '1', 150, 116180.00),
('99911122222', '20250805', 'ORD00000004', 'EXE00000004', '000660', '1', 45, 113392.00),
('99911122222', '20250816', 'ORD00000005', 'EXE00000005', '035420', '1', 80, 433608.00),
('99911122222', '20250822', 'ORD00000006', 'EXE00000006', '035420', '1', 24, 435703.00),
('99911122222', '20250830', 'ORD00000007', 'EXE00000007', '051910', '1', 45, 53240.00),
('99911122222', '20250816', 'ORD00000008', 'EXE00000008', '051910', '1', 13, 52188.00),
('99911122222', '20250806', 'ORD00000009', 'EXE00000009', '207940', '1', 25, 61520.00),
('99911122222', '20250809', 'ORD00000010', 'EXE00000010', '207940', '1', 7, 62675.00),
('99911122222', '20250828', 'ORD00000011', 'EXE00000011', '005490', '1', 120, 84733.00),
('99911122222', '20250812', 'ORD00000012', 'EXE00000012', '005490', '1', 36, 91450.00),
('99911122222', '20250809', 'ORD00000013', 'EXE00000013', '000270', '1', 200, 239889.00),
('99911122222', '20250801', 'ORD00000014', 'EXE00000014', '000270', '1', 60, 245699.00),
('99911122222', '20250821', 'ORD00000015', 'EXE00000015', '035720', '1', 180, 266913.00),
('99911122222', '20250804', 'ORD00000016', 'EXE00000016', '035720', '1', 54, 263194.00),
('99911122222', '20250808', 'ORD00000017', 'EXE00000017', '105560', '1', 220, 594393.00),
('99911122222', '20250807', 'ORD00000018', 'EXE00000018', '105560', '1', 66, 595053.00),
('99911122222', '20250802', 'ORD00000019', 'EXE00000019', '055550', '1', 300, 308241.00),
('99911122222', '20250815', 'ORD00000020', 'EXE00000020', '055550', '1', 90, 308224.00),
('99911122222', '20250814', 'ORD00000021', 'EXE00000021', '096770', '1', 85, 439101.00),
('99911122222', '20250807', 'ORD00000022', 'EXE00000022', '017670', '1', 160, 425113.00),
('99911122222', '20250804', 'ORD00000023', 'EXE00000023', '066570', '1', 90, 611848.00),
('99911122222', '20250801', 'ORD00000024', 'EXE00000024', '009150', '1', 130, 649217.00),
('99911122222', '20250820', 'ORD00000025', 'EXE00000025', '036570', '1', 75, 318138.00),
('99911122222', '20250801', 'ORD00000026', 'EXE00000026', '323410', '1', 400, 198249.00),
('99911122222', '20250804', 'ORD00000027', 'EXE00000027', '086790', '1', 110, 41863.00),
('99911122222', '20250824', 'ORD00000028', 'EXE00000028', '068270', '1', 95, 73974.00),
('99911122222', '20250828', 'ORD00000029', 'EXE00000029', '373220', '1', 60, 446086.00),
('99911122222', '20250806', 'ORD00000030', 'EXE00000030', '247540', '1', 140, 568579.00),
('99911122222', '20250823', 'ORD00000031', 'EXE00000031', '032830', '1', 195, 40890.00),
('99911122222', '20250824', 'ORD00000032', 'EXE00000032', '032830', '2', 195, 38972.00),
('99911122222', '20250807', 'ORD00000033', 'EXE00000033', '003670', '1', 38, 85805.00),
('99911122222', '20250810', 'ORD00000034', 'EXE00000034', '003670', '2', 38, 87828.00),
('99911122222', '20250827', 'ORD00000035', 'EXE00000035', '034730', '1', 92, 89064.00),
('99911122222', '20250830', 'ORD00000036', 'EXE00000036', '034730', '2', 92, 91204.00),
('99911122222', '20250819', 'ORD00000037', 'EXE00000037', '015760', '1', 73, 8930.00),
('99911122222', '20250822', 'ORD00000038', 'EXE00000038', '015760', '2', 73, 12183.00),
('99911122222', '20250816', 'ORD00000039', 'EXE00000039', '018260', '1', 126, 74522.00),
('99911122222', '20250819', 'ORD00000040', 'EXE00000040', '018260', '2', 126, 74608.00),
('99911122222', '20250810', 'ORD00000041', 'EXE00000041', '051900', '1', 40, 36109.00),
('99911122222', '20250812', 'ORD00000042', 'EXE00000042', '051900', '2', 40, 36254.00),
('99911122222', '20250827', 'ORD00000043', 'EXE00000043', '251270', '1', 188, 58415.00),
('99911122222', '20250828', 'ORD00000044', 'EXE00000044', '251270', '2', 188, 59489.00),
('99911122222', '20250803', 'ORD00000045', 'EXE00000045', '377300', '1', 183, 45895.00),
('99911122222', '20250805', 'ORD00000046', 'EXE00000046', '377300', '2', 183, 46627.00),
('99911122222', '20250820', 'ORD00000047', 'EXE00000047', '042700', '1', 75, 42981.00),
('99911122222', '20250823', 'ORD00000048', 'EXE00000048', '042700', '2', 75, 46264.00),
('99911122222', '20250807', 'ORD00000049', 'EXE00000049', '316140', '1', 12, 29690.00),
('99911122222', '20250809', 'ORD00000050', 'EXE00000050', '316140', '2', 12, 31744.00),
('99911122222', '20250817', 'ORD00000051', 'EXE00000051', '024110', '1', 167, 20277.00),
('99911122222', '20250818', 'ORD00000052', 'EXE00000052', '024110', '2', 167, 18547.00),
('99911122222', '20250811', 'ORD00000053', 'EXE00000053', '138040', '1', 33, 20304.00),
('99911122222', '20250812', 'ORD00000054', 'EXE00000054', '138040', '2', 33, 24176.00),
('99911122222', '20250809', 'ORD00000055', 'EXE00000055', '071050', '1', 157, 52750.00),
('99911122222', '20250810', 'ORD00000056', 'EXE00000056', '071050', '2', 157, 54963.00),
('99911122222', '20250803', 'ORD00000057', 'EXE00000057', '004170', '1', 164, 11142.00),
('99911122222', '20250805', 'ORD00000058', 'EXE00000058', '004170', '2', 164, 10491.00),
('99911122222', '20250828', 'ORD00000059', 'EXE00000059', '139480', '1', 182, 27538.00),
('99911122222', '20250831', 'ORD00000060', 'EXE00000060', '139480', '2', 182, 32329.00),
('99911122222', '20250826', 'ORD00000061', 'EXE00000061', '161890', '1', 146, 34405.00),
('99911122222', '20250828', 'ORD00000062', 'EXE00000062', '161890', '2', 146, 36801.00),
('99911122222', '20250803', 'ORD00000063', 'EXE00000063', '030200', '1', 85, 78794.00),
('99911122222', '20250806', 'ORD00000064', 'EXE00000064', '030200', '2', 85, 79985.00),
('99911122222', '20250828', 'ORD00000065', 'EXE00000065', '033780', '1', 134, 68481.00),
('99911122222', '20250830', 'ORD00000066', 'EXE00000066', '033780', '2', 134, 70100.00),
('99911122222', '20250817', 'ORD00000067', 'EXE00000067', '000880', '1', 83, 58424.00),
('99911122222', '20250818', 'ORD00000068', 'EXE00000068', '000880', '2', 83, 60637.00),
('99911122222', '20250814', 'ORD00000069', 'EXE00000069', '010950', '1', 45, 63059.00),
('99911122222', '20250816', 'ORD00000070', 'EXE00000070', '010950', '2', 45, 61093.00),
('99911122222', '20250812', 'ORD00000071', 'EXE00000071', '011170', '1', 24, 38577.00),
('99911122222', '20250813', 'ORD00000072', 'EXE00000072', '011170', '2', 24, 40918.00),
('99911122222', '20250812', 'ORD00000073', 'EXE00000073', '004020', '1', 163, 92784.00),
('99911122222', '20250815', 'ORD00000074', 'EXE00000074', '004020', '2', 163, 96501.00),
('99911122222', '20250811', 'ORD00000075', 'EXE00000075', '012330', '1', 182, 96544.00),
('99911122222', '20250814', 'ORD00000076', 'EXE00000076', '012330', '2', 182, 97657.00),
('99911122222', '20250827', 'ORD00000077', 'EXE00000077', '091990', '1', 36, 45897.00),
('99911122222', '20250830', 'ORD00000078', 'EXE00000078', '091990', '2', 36, 50593.00),
('99911122222', '20250815', 'ORD00000079', 'EXE00000079', '302440', '1', 132, 82173.00),
('99911122222', '20250816', 'ORD00000080', 'EXE00000080', '302440', '2', 132, 82135.00),
('99911122222', '20250810', 'ORD00000081', 'EXE00000081', '326030', '1', 44, 79849.00),
('99911122222', '20250812', 'ORD00000082', 'EXE00000082', '326030', '2', 44, 80910.00),
('99911122222', '20250819', 'ORD00000083', 'EXE00000083', '000720', '1', 52, 70736.00),
('99911122222', '20250820', 'ORD00000084', 'EXE00000084', '000720', '2', 52, 69683.00),
('99911122222', '20250801', 'ORD00000085', 'EXE00000085', '009540', '1', 84, 21605.00),
('99911122222', '20250802', 'ORD00000086', 'EXE00000086', '009540', '2', 84, 23907.00),
('99911122222', '20250805', 'ORD00000087', 'EXE00000087', '010140', '1', 187, 75404.00),
('99911122222', '20250807', 'ORD00000088', 'EXE00000088', '010140', '2', 187, 76501.00),
('99911122222', '20250808', 'ORD00000089', 'EXE00000089', '064350', '1', 110, 22077.00),
('99911122222', '20250809', 'ORD00000090', 'EXE00000090', '064350', '2', 110, 21105.00),
('99911122222', '20250809', 'ORD00000091', 'EXE00000091', '100000', '1', 69, 33408.00),
('99911122222', '20250809', 'ORD00000092', 'EXE00000092', '100000', '2', 69, 33537.00),
('99911122222', '20250804', 'ORD00000093', 'EXE00000093', '100001', '1', 74, 42220.00),
('99911122222', '20250804', 'ORD00000094', 'EXE00000094', '100001', '2', 74, 42913.00),
('99911122222', '20250826', 'ORD00000095', 'EXE00000095', '100002', '1', 74, 41714.00),
('99911122222', '20250826', 'ORD00000096', 'EXE00000096', '100002', '2', 74, 41524.00),
('99911122222', '20250813', 'ORD00000097', 'EXE00000097', '100003', '1', 62, 40623.00),
('99911122222', '20250813', 'ORD00000098', 'EXE00000098', '100003', '2', 62, 41608.00),
('99911122222', '20250810', 'ORD00000099', 'EXE00000099', '100004', '1', 56, 21478.00),
('99911122222', '20250810', 'ORD00000100', 'EXE00000100', '100004', '2', 56, 21049.00),
('99911122222', '20250829', 'ORD00000101', 'EXE00000101', '100005', '1', 99, 35699.00),
('99911122222', '20250809', 'ORD00000102', 'EXE00000102', '100005', '2', 99, 36041.00),
('99911122222', '20250830', 'ORD00000103', 'EXE00000103', '100006', '1', 76, 35328.00),
('99911122222', '20250830', 'ORD00000104', 'EXE00000104', '100006', '2', 76, 36235.00),
('99911122222', '20250801', 'ORD00000105', 'EXE00000105', '100007', '1', 96, 16646.00),
('99911122222', '20250801', 'ORD00000106', 'EXE00000106', '100007', '2', 96, 17419.00),
('99911122222', '20250819', 'ORD00000107', 'EXE00000107', '100008', '1', 35, 34421.00),
('99911122222', '20250819', 'ORD00000108', 'EXE00000108', '100008', '2', 35, 34449.00),
('99911122222', '20250818', 'ORD00000109', 'EXE00000109', '100009', '1', 21, 12818.00),
('99911122222', '20250818', 'ORD00000110', 'EXE00000110', '100009', '2', 21, 12492.00),
('99911122222', '20250820', 'ORD00000111', 'EXE00000111', '100010', '1', 52, 45727.00),
('99911122222', '20250820', 'ORD00000112', 'EXE00000112', '100010', '2', 52, 46361.00),
('99911122222', '20250803', 'ORD00000113', 'EXE00000113', '100011', '1', 14, 9851.00),
('99911122222', '20250803', 'ORD00000114', 'EXE00000114', '100011', '2', 14, 10287.00),
('99911122222', '20250804', 'ORD00000115', 'EXE00000115', '100012', '1', 57, 37030.00),
('99911122222', '20250804', 'ORD00000116', 'EXE00000116', '100012', '2', 57, 37171.00),
('99911122222', '20250816', 'ORD00000117', 'EXE00000117', '100013', '1', 98, 3206.00),
('99911122222', '20250827', 'ORD00000118', 'EXE00000118', '100013', '2', 98, 3845.00),
('99911122222', '20250814', 'ORD00000119', 'EXE00000119', '100014', '1', 22, 33040.00),
('99911122222', '20250814', 'ORD00000120', 'EXE00000120', '100014', '2', 22, 33656.00),
('99911122222', '20250821', 'ORD00000121', 'EXE00000121', '100015', '1', 64, 37432.00),
('99911122222', '20250825', 'ORD00000122', 'EXE00000122', '100015', '2', 64, 37177.00),
('99911122222', '20250816', 'ORD00000123', 'EXE00000123', '100016', '1', 43, 21265.00),
('99911122222', '20250811', 'ORD00000124', 'EXE00000124', '100016', '2', 43, 20855.00),
('99911122222', '20250826', 'ORD00000125', 'EXE00000125', '100017', '1', 60, 1850.00),
('99911122222', '20250826', 'ORD00000126', 'EXE00000126', '100017', '2', 60, 1416.00),
('99911122222', '20250829', 'ORD00000127', 'EXE00000127', '100018', '1', 60, 11540.00),
('99911122222', '20250825', 'ORD00000128', 'EXE00000128', '100018', '2', 60, 11593.00),
('99911122222', '20250810', 'ORD00000129', 'EXE00000129', '100019', '1', 79, 18581.00),
('99911122222', '20250809', 'ORD00000130', 'EXE00000130', '100019', '2', 79, 18273.00),
('99911122222', '20250815', 'ORD00000131', 'EXE00000131', '100020', '1', 82, 36178.00),
('99911122222', '20250809', 'ORD00000132', 'EXE00000132', '100020', '2', 82, 36788.00),
('99911122222', '20250812', 'ORD00000133', 'EXE00000133', '100021', '1', 75, 43179.00),
('99911122222', '20250812', 'ORD00000134', 'EXE00000134', '100021', '2', 75, 42760.00),
('99911122222', '20250802', 'ORD00000135', 'EXE00000135', '100022', '1', 80, 15092.00),
('99911122222', '20250802', 'ORD00000136', 'EXE00000136', '100022', '2', 80, 15066.00),
('99911122222', '20250815', 'ORD00000137', 'EXE00000137', '100023', '1', 39, 36556.00),
('99911122222', '20250815', 'ORD00000138', 'EXE00000138', '100023', '2', 39, 36354.00),
('99911122222', '20250804', 'ORD00000139', 'EXE00000139', '100024', '1', 5, 19372.00),
('99911122222', '20250804', 'ORD00000140', 'EXE00000140', '100024', '2', 5, 19419.00),
('99911122222', '20250829', 'ORD00000141', 'EXE00000141', '100025', '1', 9, 49982.00),
('99911122222', '20250829', 'ORD00000142', 'EXE00000142', '100025', '2', 9, 50571.00),
('99911122222', '20250829', 'ORD00000143', 'EXE00000143', '100026', '1', 11, 39589.00),
('99911122222', '20250829', 'ORD00000144', 'EXE00000144', '100026', '2', 11, 39694.00),
('99911122222', '20250803', 'ORD00000145', 'EXE00000145', '100027', '1', 33, 5137.00),
('99911122222', '20250803', 'ORD00000146', 'EXE00000146', '100027', '2', 33, 5635.00),
('99911122222', '20250807', 'ORD00000147', 'EXE00000147', '100028', '1', 87, 42224.00),
('99911122222', '20250822', 'ORD00000148', 'EXE00000148', '100028', '2', 87, 41874.00),
('99911122222', '20250809', 'ORD00000149', 'EXE00000149', '100029', '1', 86, 10190.00),
('99911122222', '20250809', 'ORD00000150', 'EXE00000150', '100029', '2', 86, 10123.00),
('99911122222', '20250813', 'ORD00000151', 'EXE00000151', '100030', '1', 84, 22039.00),
('99911122222', '20250813', 'ORD00000152', 'EXE00000152', '100030', '2', 84, 22410.00),
('99911122222', '20250827', 'ORD00000153', 'EXE00000153', '100031', '1', 47, 7683.00),
('99911122222', '20250827', 'ORD00000154', 'EXE00000154', '100031', '2', 47, 8283.00),
('99911122222', '20250807', 'ORD00000155', 'EXE00000155', '100032', '1', 35, 34507.00),
('99911122222', '20250804', 'ORD00000156', 'EXE00000156', '100032', '2', 35, 34468.00),
('99911122222', '20250801', 'ORD00000157', 'EXE00000157', '100033', '1', 44, 45510.00),
('99911122222', '20250808', 'ORD00000158', 'EXE00000158', '100033', '2', 44, 45122.00),
('99911122222', '20250812', 'ORD00000159', 'EXE00000159', '100034', '1', 49, 1586.00),
('99911122222', '20250829', 'ORD00000160', 'EXE00000160', '100034', '2', 49, 1170.00),
('99911122222', '20250806', 'ORD00000161', 'EXE00000161', '100035', '1', 23, 28767.00),
('99911122222', '20250806', 'ORD00000162', 'EXE00000162', '100035', '2', 23, 29422.00),
('99911122222', '20250803', 'ORD00000163', 'EXE00000163', '100036', '1', 79, 31765.00),
('99911122222', '20250803', 'ORD00000164', 'EXE00000164', '100036', '2', 79, 32749.00),
('99911122222', '20250827', 'ORD00000165', 'EXE00000165', '100037', '1', 18, 35077.00),
('99911122222', '20250810', 'ORD00000166', 'EXE00000166', '100037', '2', 18, 35274.00),
('99911122222', '20250825', 'ORD00000167', 'EXE00000167', '100038', '1', 43, 6231.00),
('99911122222', '20250825', 'ORD00000168', 'EXE00000168', '100038', '2', 43, 6173.00),
('99911122222', '20250820', 'ORD00000169', 'EXE00000169', '100039', '1', 86, 35675.00),
('99911122222', '20250820', 'ORD00000170', 'EXE00000170', '100039', '2', 86, 35822.00),
('99911122222', '20250804', 'ORD00000171', 'EXE00000171', '100040', '1', 51, 18815.00),
('99911122222', '20250804', 'ORD00000172', 'EXE00000172', '100040', '2', 51, 19076.00),
('99911122222', '20250814', 'ORD00000173', 'EXE00000173', '100041', '1', 74, 23101.00),
('99911122222', '20250825', 'ORD00000174', 'EXE00000174', '100041', '2', 74, 23741.00),
('99911122222', '20250821', 'ORD00000175', 'EXE00000175', '100042', '1', 22, 46050.00),
('99911122222', '20250821', 'ORD00000176', 'EXE00000176', '100042', '2', 22, 47043.00),
('99911122222', '20250824', 'ORD00000177', 'EXE00000177', '100043', '1', 27, 28079.00),
('99911122222', '20250817', 'ORD00000178', 'EXE00000178', '100043', '2', 27, 29056.00),
('99911122222', '20250815', 'ORD00000179', 'EXE00000179', '100044', '1', 49, 45300.00),
('99911122222', '20250815', 'ORD00000180', 'EXE00000180', '100044', '2', 49, 45075.00),
('99911122222', '20250823', 'ORD00000181', 'EXE00000181', '100045', '1', 89, 24051.00),
('99911122222', '20250823', 'ORD00000182', 'EXE00000182', '100045', '2', 89, 24308.00),
('99911122222', '20250810', 'ORD00000183', 'EXE00000183', '100046', '1', 57, 2348.00),
('99911122222', '20250810', 'ORD00000184', 'EXE00000184', '100046', '2', 57, 2803.00),
('99911122222', '20250801', 'ORD00000185', 'EXE00000185', '100047', '1', 72, 14646.00),
('99911122222', '20250801', 'ORD00000186', 'EXE00000186', '100047', '2', 72, 14393.00),
('99911122222', '20250818', 'ORD00000187', 'EXE00000187', '100048', '1', 62, 18034.00),
('99911122222', '20250818', 'ORD00000188', 'EXE00000188', '100048', '2', 62, 17590.00),
('99911122222', '20250826', 'ORD00000189', 'EXE00000189', '100049', '1', 18, 35850.00),
('99911122222', '20250810', 'ORD00000190', 'EXE00000190', '100049', '2', 18, 35521.00),
('99911122222', '20250815', 'ORD00000191', 'EXE00000191', '100050', '1', 56, 33044.00),
('99911122222', '20250815', 'ORD00000192', 'EXE00000192', '100050', '2', 56, 34040.00),
('99911122222', '20250825', 'ORD00000193', 'EXE00000193', '100051', '1', 48, 16635.00),
('99911122222', '20250825', 'ORD00000194', 'EXE00000194', '100051', '2', 48, 17185.00),
('99911122222', '20250821', 'ORD00000195', 'EXE00000195', '100052', '1', 67, 16180.00),
('99911122222', '20250821', 'ORD00000196', 'EXE00000196', '100052', '2', 67, 16720.00),
('99911122222', '20250816', 'ORD00000197', 'EXE00000197', '100053', '1', 30, 28465.00),
('99911122222', '20250816', 'ORD00000198', 'EXE00000198', '100053', '2', 30, 28799.00),
('99911122222', '20250818', 'ORD00000199', 'EXE00000199', '100054', '1', 74, 23423.00),
('99911122222', '20250818', 'ORD00000200', 'EXE00000200', '100054', '2', 74, 23916.00),
('99911122222', '20250811', 'ORD00000201', 'EXE00000201', '100055', '1', 40, 26245.00),
('99911122222', '20250829', 'ORD00000202', 'EXE00000202', '100055', '2', 40, 26908.00),
('99911122222', '20250813', 'ORD00000203', 'EXE00000203', '100056', '1', 42, 16389.00),
('99911122222', '20250801', 'ORD00000204', 'EXE00000204', '100056', '2', 42, 16396.00),
('99911122222', '20250813', 'ORD00000205', 'EXE00000205', '100057', '1', 75, 26899.00),
('99911122222', '20250813', 'ORD00000206', 'EXE00000206', '100057', '2', 75, 26585.00),
('99911122222', '20250812', 'ORD00000207', 'EXE00000207', '100058', '1', 51, 35444.00),
('99911122222', '20250812', 'ORD00000208', 'EXE00000208', '100058', '2', 51, 35455.00),
('99911122222', '20250823', 'ORD00000209', 'EXE00000209', '100059', '1', 58, 49997.00),
('99911122222', '20250823', 'ORD00000210', 'EXE00000210', '100059', '2', 58, 50468.00),
('99911122222', '20250802', 'ORD00000211', 'EXE00000211', '100060', '1', 35, 14564.00),
('99911122222', '20250802', 'ORD00000212', 'EXE00000212', '100060', '2', 35, 14593.00),
('99911122222', '20250805', 'ORD00000213', 'EXE00000213', '100061', '1', 24, 34809.00),
('99911122222', '20250805', 'ORD00000214', 'EXE00000214', '100061', '2', 24, 35198.00),
('99911122222', '20250822', 'ORD00000215', 'EXE00000215', '100062', '1', 91, 49857.00),
('99911122222', '20250822', 'ORD00000216', 'EXE00000216', '100062', '2', 91, 50116.00),
('99911122222', '20250818', 'ORD00000217', 'EXE00000217', '100063', '1', 75, 38821.00),
('99911122222', '20250818', 'ORD00000218', 'EXE00000218', '100063', '2', 75, 39643.00),
('99911122222', '20250814', 'ORD00000219', 'EXE00000219', '100064', '1', 34, 18978.00),
('99911122222', '20250814', 'ORD00000220', 'EXE00000220', '100064', '2', 34, 19198.00),
('99911122222', '20250810', 'ORD00000221', 'EXE00000221', '100065', '1', 90, 13192.00),
('99911122222', '20250810', 'ORD00000222', 'EXE00000222', '100065', '2', 90, 14040.00),
('99911122222', '20250808', 'ORD00000223', 'EXE00000223', '100066', '1', 94, 8237.00),
('99911122222', '20250808', 'ORD00000224', 'EXE00000224', '100066', '2', 94, 9225.00),
('99911122222', '20250809', 'ORD00000225', 'EXE00000225', '100067', '1', 62, 32222.00),
('99911122222', '20250809', 'ORD00000226', 'EXE00000226', '100067', '2', 62, 32515.00),
('99911122222', '20250824', 'ORD00000227', 'EXE00000227', '100068', '1', 15, 26653.00),
('99911122222', '20250822', 'ORD00000228', 'EXE00000228', '100068', '2', 15, 27260.00),
('99911122222', '20250811', 'ORD00000229', 'EXE00000229', '100069', '1', 6, 42411.00),
('99911122222', '20250811', 'ORD00000230', 'EXE00000230', '100069', '2', 6, 42805.00),
('99911122222', '20250809', 'ORD00000231', 'EXE00000231', '100070', '1', 69, 33272.00),
('99911122222', '20250819', 'ORD00000232', 'EXE00000232', '100070', '2', 69, 32821.00),
('99911122222', '20250825', 'ORD00000233', 'EXE00000233', '100071', '1', 34, 18129.00),
('99911122222', '20250807', 'ORD00000234', 'EXE00000234', '100071', '2', 34, 18706.00),
('99911122222', '20250829', 'ORD00000235', 'EXE00000235', '100072', '1', 98, 8195.00),
('99911122222', '20250829', 'ORD00000236', 'EXE00000236', '100072', '2', 98, 8565.00),
('99911122222', '20250819', 'ORD00000237', 'EXE00000237', '100073', '1', 32, 4647.00),
('99911122222', '20250820', 'ORD00000238', 'EXE00000238', '100073', '2', 32, 5347.00),
('99911122222', '20250808', 'ORD00000239', 'EXE00000239', '100074', '1', 52, 16467.00),
('99911122222', '20250808', 'ORD00000240', 'EXE00000240', '100074', '2', 52, 16400.00),
('99911122222', '20250808', 'ORD00000241', 'EXE00000241', '100075', '1', 24, 1845.00),
('99911122222', '20250808', 'ORD00000242', 'EXE00000242', '100075', '2', 24, 2446.00),
('99911122222', '20250801', 'ORD00000243', 'EXE00000243', '100076', '1', 37, 37255.00),
('99911122222', '20250801', 'ORD00000244', 'EXE00000244', '100076', '2', 37, 37008.00),
('99911122222', '20250829', 'ORD00000245', 'EXE00000245', '100077', '1', 62, 4436.00),
('99911122222', '20250804', 'ORD00000246', 'EXE00000246', '100077', '2', 62, 4488.00),
('99911122222', '20250824', 'ORD00000247', 'EXE00000247', '100078', '1', 62, 4432.00),
('99911122222', '20250824', 'ORD00000248', 'EXE00000248', '100078', '2', 62, 5172.00),
('99911122222', '20250826', 'ORD00000249', 'EXE00000249', '100079', '1', 75, 14698.00),
('99911122222', '20250826', 'ORD00000250', 'EXE00000250', '100079', '2', 75, 15437.00),
('99911122222', '20250820', 'ORD00000251', 'EXE00000251', '100080', '1', 36, 17207.00),
('99911122222', '20250820', 'ORD00000252', 'EXE00000252', '100080', '2', 36, 18042.00),
('99911122222', '20250826', 'ORD00000253', 'EXE00000253', '100081', '1', 27, 6253.00),
('99911122222', '20250826', 'ORD00000254', 'EXE00000254', '100081', '2', 27, 6050.00),
('99911122222', '20250813', 'ORD00000255', 'EXE00000255', '100082', '1', 63, 42873.00),
('99911122222', '20250820', 'ORD00000256', 'EXE00000256', '100082', '2', 63, 43853.00),
('99911122222', '20250824', 'ORD00000257', 'EXE00000257', '100083', '1', 46, 13275.00),
('99911122222', '20250824', 'ORD00000258', 'EXE00000258', '100083', '2', 46, 13813.00),
('99911122222', '20250816', 'ORD00000259', 'EXE00000259', '100084', '1', 70, 28536.00),
('99911122222', '20250816', 'ORD00000260', 'EXE00000260', '100084', '2', 70, 29283.00),
('99911122222', '20250828', 'ORD00000261', 'EXE00000261', '100085', '1', 42, 31760.00),
('99911122222', '20250828', 'ORD00000262', 'EXE00000262', '100085', '2', 42, 31918.00),
('99911122222', '20250829', 'ORD00000263', 'EXE00000263', '100086', '1', 100, 17358.00),
('99911122222', '20250829', 'ORD00000264', 'EXE00000264', '100086', '2', 100, 17155.00),
('99911122222', '20250813', 'ORD00000265', 'EXE00000265', '100087', '1', 21, 17863.00),
('99911122222', '20250813', 'ORD00000266', 'EXE00000266', '100087', '2', 21, 17681.00),
('99911122222', '20250819', 'ORD00000267', 'EXE00000267', '100088', '1', 64, 8009.00),
('99911122222', '20250806', 'ORD00000268', 'EXE00000268', '100088', '2', 64, 8731.00),
('99911122222', '20250807', 'ORD00000269', 'EXE00000269', '100089', '1', 22, 38363.00),
('99911122222', '20250807', 'ORD00000270', 'EXE00000270', '100089', '2', 22, 38275.00),
('99911122222', '20250814', 'ORD00000271', 'EXE00000271', '100090', '1', 80, 38208.00),
('99911122222', '20250814', 'ORD00000272', 'EXE00000272', '100090', '2', 80, 38299.00),
('99911122222', '20250826', 'ORD00000273', 'EXE00000273', '100091', '1', 28, 42508.00),
('99911122222', '20250826', 'ORD00000274', 'EXE00000274', '100091', '2', 28, 42838.00),
('99911122222', '20250813', 'ORD00000275', 'EXE00000275', '100092', '1', 46, 19972.00),
('99911122222', '20250830', 'ORD00000276', 'EXE00000276', '100092', '2', 46, 19618.00),
('99911122222', '20250805', 'ORD00000277', 'EXE00000277', '100093', '1', 87, 32258.00),
('99911122222', '20250821', 'ORD00000278', 'EXE00000278', '100093', '2', 87, 32780.00),
('99911122222', '20250811', 'ORD00000279', 'EXE00000279', '100094', '1', 44, 49584.00),
('99911122222', '20250811', 'ORD00000280', 'EXE00000280', '100094', '2', 44, 50112.00),
('99911122222', '20250813', 'ORD00000281', 'EXE00000281', '100095', '1', 10, 25725.00),
('99911122222', '20250813', 'ORD00000282', 'EXE00000282', '100095', '2', 10, 25370.00),
('99911122222', '20250821', 'ORD00000283', 'EXE00000283', '100096', '1', 58, 38532.00),
('99911122222', '20250821', 'ORD00000284', 'EXE00000284', '100096', '2', 58, 38763.00),
('99911122222', '20250802', 'ORD00000285', 'EXE00000285', '100097', '1', 5, 2749.00),
('99911122222', '20250802', 'ORD00000286', 'EXE00000286', '100097', '2', 5, 3699.00),
('99911122222', '20250817', 'ORD00000287', 'EXE00000287', '100098', '1', 50, 10144.00),
('99911122222', '20250817', 'ORD00000288', 'EXE00000288', '100098', '2', 50, 11106.00),
('99911122222', '20250818', 'ORD00000289', 'EXE00000289', '100099', '1', 64, 37878.00),
('99911122222', '20250818', 'ORD00000290', 'EXE00000290', '100099', '2', 64, 38324.00),
('99911122222', '20250808', 'ORD00000291', 'EXE00000291', '100100', '1', 40, 43798.00),
('99911122222', '20250808', 'ORD00000292', 'EXE00000292', '100100', '2', 40, 44452.00),
('99911122222', '20250822', 'ORD00000293', 'EXE00000293', '100101', '1', 73, 14368.00),
('99911122222', '20250816', 'ORD00000294', 'EXE00000294', '100101', '2', 73, 14088.00),
('99911122222', '20250830', 'ORD00000295', 'EXE00000295', '100102', '1', 26, 14463.00),
('99911122222', '20250830', 'ORD00000296', 'EXE00000296', '100102', '2', 26, 15241.00),
('99911122222', '20250819', 'ORD00000297', 'EXE00000297', '100103', '1', 24, 15491.00),
('99911122222', '20250819', 'ORD00000298', 'EXE00000298', '100103', '2', 24, 15157.00),
('99911122222', '20250822', 'ORD00000299', 'EXE00000299', '100104', '1', 23, 1192.00),
('99911122222', '20250811', 'ORD00000300', 'EXE00000300', '100104', '2', 23, 933.00),
('99911122222', '20250810', 'ORD00000301', 'EXE00000301', '100105', '1', 28, 11804.00),
('99911122222', '20250810', 'ORD00000302', 'EXE00000302', '100105', '2', 28, 11997.00),
('99911122222', '20250813', 'ORD00000303', 'EXE00000303', '100106', '1', 12, 40949.00),
('99911122222', '20250813', 'ORD00000304', 'EXE00000304', '100106', '2', 12, 40639.00),
('99911122222', '20250818', 'ORD00000305', 'EXE00000305', '100107', '1', 29, 37824.00),
('99911122222', '20250818', 'ORD00000306', 'EXE00000306', '100107', '2', 29, 38077.00),
('99911122222', '20250811', 'ORD00000307', 'EXE00000307', '100108', '1', 68, 6353.00),
('99911122222', '20250813', 'ORD00000308', 'EXE00000308', '100108', '2', 68, 7101.00),
('99911122222', '20250806', 'ORD00000309', 'EXE00000309', '100109', '1', 75, 45861.00),
('99911122222', '20250806', 'ORD00000310', 'EXE00000310', '100109', '2', 75, 46452.00),
('99911122222', '20250807', 'ORD00000311', 'EXE00000311', '100110', '1', 56, 8678.00),
('99911122222', '20250807', 'ORD00000312', 'EXE00000312', '100110', '2', 56, 8433.00),
('99911122222', '20250823', 'ORD00000313', 'EXE00000313', '100111', '1', 84, 19363.00),
('99911122222', '20250815', 'ORD00000314', 'EXE00000314', '100111', '2', 84, 19221.00),
('99911122222', '20250801', 'ORD00000315', 'EXE00000315', '100112', '1', 16, 19606.00),
('99911122222', '20250801', 'ORD00000316', 'EXE00000316', '100112', '2', 16, 20315.00),
('99911122222', '20250807', 'ORD00000317', 'EXE00000317', '100113', '1', 40, 49978.00),
('99911122222', '20250807', 'ORD00000318', 'EXE00000318', '100113', '2', 40, 49872.00),
('99911122222', '20250823', 'ORD00000319', 'EXE00000319', '100114', '1', 58, 23505.00),
('99911122222', '20250823', 'ORD00000320', 'EXE00000320', '100114', '2', 58, 23528.00),
('99911122222', '20250803', 'ORD00000321', 'EXE00000321', '100115', '1', 41, 19435.00),
('99911122222', '20250803', 'ORD00000322', 'EXE00000322', '100115', '2', 41, 19974.00),
('99911122222', '20250808', 'ORD00000323', 'EXE00000323', '100116', '1', 57, 48559.00),
('99911122222', '20250808', 'ORD00000324', 'EXE00000324', '100116', '2', 57, 49551.00),
('99911122222', '20250819', 'ORD00000325', 'EXE00000325', '100117', '1', 73, 39102.00),
('99911122222', '20250819', 'ORD00000326', 'EXE00000326', '100117', '2', 73, 39770.00),
('99911122222', '20250828', 'ORD00000327', 'EXE00000327', '100118', '1', 69, 19463.00),
('99911122222', '20250828', 'ORD00000328', 'EXE00000328', '100118', '2', 69, 19303.00),
('99911122222', '20250825', 'ORD00000329', 'EXE00000329', '100119', '1', 75, 46169.00),
('99911122222', '20250808', 'ORD00000330', 'EXE00000330', '100119', '2', 75, 46443.00),
('99911122222', '20250808', 'ORD00000331', 'EXE00000331', '100120', '1', 12, 35192.00),
('99911122222', '20250831', 'ORD00000332', 'EXE00000332', '100120', '2', 12, 35333.00),
('99911122222', '20250807', 'ORD00000333', 'EXE00000333', '100121', '1', 76, 47549.00),
('99911122222', '20250807', 'ORD00000334', 'EXE00000334', '100121', '2', 76, 47584.00),
('99911122222', '20250825', 'ORD00000335', 'EXE00000335', '100122', '1', 9, 38059.00),
('99911122222', '20250815', 'ORD00000336', 'EXE00000336', '100122', '2', 9, 37640.00),
('99911122222', '20250822', 'ORD00000337', 'EXE00000337', '100123', '1', 9, 17242.00),
('99911122222', '20250822', 'ORD00000338', 'EXE00000338', '100123', '2', 9, 18068.00),
('99911122222', '20250809', 'ORD00000339', 'EXE00000339', '100124', '1', 90, 41663.00),
('99911122222', '20250809', 'ORD00000340', 'EXE00000340', '100124', '2', 90, 42389.00),
('99911122222', '20250826', 'ORD00000341', 'EXE00000341', '100125', '1', 27, 38389.00),
('99911122222', '20250810', 'ORD00000342', 'EXE00000342', '100125', '2', 27, 38593.00),
('99911122222', '20250817', 'ORD00000343', 'EXE00000343', '100126', '1', 35, 9797.00),
('99911122222', '20250814', 'ORD00000344', 'EXE00000344', '100126', '2', 35, 10223.00),
('99911122222', '20250808', 'ORD00000345', 'EXE00000345', '100127', '1', 10, 24469.00),
('99911122222', '20250808', 'ORD00000346', 'EXE00000346', '100127', '2', 10, 23975.00),
('99911122222', '20250804', 'ORD00000347', 'EXE00000347', '100128', '1', 19, 45178.00),
('99911122222', '20250825', 'ORD00000348', 'EXE00000348', '100128', '2', 19, 44810.00),
('99911122222', '20250816', 'ORD00000349', 'EXE00000349', '100129', '1', 75, 8711.00),
('99911122222', '20250816', 'ORD00000350', 'EXE00000350', '100129', '2', 75, 9410.00),
('99911122222', '20250815', 'ORD00000351', 'EXE00000351', '100130', '1', 40, 33397.00),
('99911122222', '20250815', 'ORD00000352', 'EXE00000352', '100130', '2', 40, 33729.00),
('99911122222', '20250817', 'ORD00000353', 'EXE00000353', '100131', '1', 6, 35357.00),
('99911122222', '20250803', 'ORD00000354', 'EXE00000354', '100131', '2', 6, 35129.00),
('99911122222', '20250803', 'ORD00000355', 'EXE00000355', '100132', '1', 43, 18805.00),
('99911122222', '20250803', 'ORD00000356', 'EXE00000356', '100132', '2', 43, 18405.00),
('99911122222', '20250816', 'ORD00000357', 'EXE00000357', '100133', '1', 67, 32747.00),
('99911122222', '20250816', 'ORD00000358', 'EXE00000358', '100133', '2', 67, 33032.00),
('99911122222', '20250815', 'ORD00000359', 'EXE00000359', '100134', '1', 33, 39957.00),
('99911122222', '20250815', 'ORD00000360', 'EXE00000360', '100134', '2', 33, 40301.00),
('99911122222', '20250814', 'ORD00000361', 'EXE00000361', '100135', '1', 87, 27493.00),
('99911122222', '20250814', 'ORD00000362', 'EXE00000362', '100135', '2', 87, 28286.00),
('99911122222', '20250823', 'ORD00000363', 'EXE00000363', '100136', '1', 7, 4182.00),
('99911122222', '20250823', 'ORD00000364', 'EXE00000364', '100136', '2', 7, 5042.00),
('99911122222', '20250817', 'ORD00000365', 'EXE00000365', '100137', '1', 61, 24767.00),
('99911122222', '20250825', 'ORD00000366', 'EXE00000366', '100137', '2', 61, 25247.00),
('99911122222', '20250825', 'ORD00000367', 'EXE00000367', '100138', '1', 32, 47888.00),
('99911122222', '20250825', 'ORD00000368', 'EXE00000368', '100138', '2', 32, 47539.00),
('99911122222', '20250821', 'ORD00000369', 'EXE00000369', '100139', '1', 34, 40499.00),
('99911122222', '20250811', 'ORD00000370', 'EXE00000370', '100139', '2', 34, 40407.00),
('99911122222', '20250825', 'ORD00000371', 'EXE00000371', '100140', '1', 8, 45206.00),
('99911122222', '20250825', 'ORD00000372', 'EXE00000372', '100140', '2', 8, 45227.00),
('99911122222', '20250801', 'ORD00000373', 'EXE00000373', '100141', '1', 72, 29261.00),
('99911122222', '20250801', 'ORD00000374', 'EXE00000374', '100141', '2', 72, 28898.00),
('99911122222', '20250807', 'ORD00000375', 'EXE00000375', '100142', '1', 12, 45823.00),
('99911122222', '20250807', 'ORD00000376', 'EXE00000376', '100142', '2', 12, 45752.00),
('99911122222', '20250802', 'ORD00000377', 'EXE00000377', '100143', '1', 63, 30463.00),
('99911122222', '20250831', 'ORD00000378', 'EXE00000378', '100143', '2', 63, 30953.00),
('99911122222', '20250823', 'ORD00000379', 'EXE00000379', '100144', '1', 93, 5753.00),
('99911122222', '20250823', 'ORD00000380', 'EXE00000380', '100144', '2', 93, 5337.00),
('99911122222', '20250809', 'ORD00000381', 'EXE00000381', '100145', '1', 69, 5157.00),
('99911122222', '20250809', 'ORD00000382', 'EXE00000382', '100145', '2', 69, 4812.00),
('99911122222', '20250807', 'ORD00000383', 'EXE00000383', '100146', '1', 18, 4436.00),
('99911122222', '20250807', 'ORD00000384', 'EXE00000384', '100146', '2', 18, 4914.00),
('99911122222', '20250815', 'ORD00000385', 'EXE00000385', '100147', '1', 14, 34951.00),
('99911122222', '20250815', 'ORD00000386', 'EXE00000386', '100147', '2', 14, 34619.00),
('99911122222', '20250802', 'ORD00000387', 'EXE00000387', '100148', '1', 8, 6853.00),
('99911122222', '20250802', 'ORD00000388', 'EXE00000388', '100148', '2', 8, 6882.00),
('99911122222', '20250801', 'ORD00000389', 'EXE00000389', '100149', '1', 41, 31185.00),
('99911122222', '20250801', 'ORD00000390', 'EXE00000390', '100149', '2', 41, 30808.00),
('99911122222', '20250826', 'ORD00000391', 'EXE00000391', '100150', '1', 82, 47966.00),
('99911122222', '20250826', 'ORD00000392', 'EXE00000392', '100150', '2', 82, 47842.00),
('99911122222', '20250822', 'ORD00000393', 'EXE00000393', '100151', '1', 17, 44281.00),
('99911122222', '20250822', 'ORD00000394', 'EXE00000394', '100151', '2', 17, 44054.00),
('99911122222', '20250816', 'ORD00000395', 'EXE00000395', '100152', '1', 63, 4731.00),
('99911122222', '20250816', 'ORD00000396', 'EXE00000396', '100152', '2', 63, 5256.00),
('99911122222', '20250829', 'ORD00000397', 'EXE00000397', '100153', '1', 13, 22467.00),
('99911122222', '20250806', 'ORD00000398', 'EXE00000398', '100153', '2', 13, 22238.00),
('99911122222', '20250812', 'ORD00000399', 'EXE00000399', '100154', '1', 95, 32034.00),
('99911122222', '20250803', 'ORD00000400', 'EXE00000400', '100154', '2', 95, 32159.00),
('99911122222', '20250805', 'ORD00000401', 'EXE00000401', '100155', '1', 30, 7215.00),
('99911122222', '20250805', 'ORD00000402', 'EXE00000402', '100155', '2', 30, 6818.00),
('99911122222', '20250802', 'ORD00000403', 'EXE00000403', '100156', '1', 94, 20532.00),
('99911122222', '20250812', 'ORD00000404', 'EXE00000404', '100156', '2', 94, 21413.00),
('99911122222', '20250818', 'ORD00000405', 'EXE00000405', '100157', '1', 85, 38175.00),
('99911122222', '20250818', 'ORD00000406', 'EXE00000406', '100157', '2', 85, 38040.00),
('99911122222', '20250824', 'ORD00000407', 'EXE00000407', '100158', '1', 63, 1314.00),
('99911122222', '20250824', 'ORD00000408', 'EXE00000408', '100158', '2', 63, 1140.00),
('99911122222', '20250830', 'ORD00000409', 'EXE00000409', '100159', '1', 94, 49989.00),
('99911122222', '20250811', 'ORD00000410', 'EXE00000410', '100159', '2', 94, 50278.00),
('99911122222', '20250817', 'ORD00000411', 'EXE00000411', '100160', '1', 78, 45245.00),
('99911122222', '20250817', 'ORD00000412', 'EXE00000412', '100160', '2', 78, 45497.00),
('99911122222', '20250819', 'ORD00000413', 'EXE00000413', '100161', '1', 79, 9150.00),
('99911122222', '20250818', 'ORD00000414', 'EXE00000414', '100161', '2', 79, 10094.00),
('99911122222', '20250827', 'ORD00000415', 'EXE00000415', '100162', '1', 44, 11202.00),
('99911122222', '20250827', 'ORD00000416', 'EXE00000416', '100162', '2', 44, 11939.00),
('99911122222', '20250804', 'ORD00000417', 'EXE00000417', '100163', '1', 42, 7563.00),
('99911122222', '20250806', 'ORD00000418', 'EXE00000418', '100163', '2', 42, 8383.00),
('99911122222', '20250823', 'ORD00000419', 'EXE00000419', '100164', '1', 79, 2248.00),
('99911122222', '20250823', 'ORD00000420', 'EXE00000420', '100164', '2', 79, 2543.00),
('99911122222', '20250826', 'ORD00000421', 'EXE00000421', '100165', '1', 8, 30172.00),
('99911122222', '20250826', 'ORD00000422', 'EXE00000422', '100165', '2', 8, 29831.00),
('99911122222', '20250804', 'ORD00000423', 'EXE00000423', '100166', '1', 39, 45722.00),
('99911122222', '20250804', 'ORD00000424', 'EXE00000424', '100166', '2', 39, 46351.00),
('99911122222', '20250830', 'ORD00000425', 'EXE00000425', '100167', '1', 100, 36200.00),
('99911122222', '20250830', 'ORD00000426', 'EXE00000426', '100167', '2', 100, 35895.00),
('99911122222', '20250812', 'ORD00000427', 'EXE00000427', '100168', '1', 37, 44677.00),
('99911122222', '20250825', 'ORD00000428', 'EXE00000428', '100168', '2', 37, 44356.00),
('99911122222', '20250810', 'ORD00000429', 'EXE00000429', '100169', '1', 26, 10085.00),
('99911122222', '20250810', 'ORD00000430', 'EXE00000430', '100169', '2', 26, 9622.00),
('99911122222', '20250821', 'ORD00000431', 'EXE00000431', '100170', '1', 74, 40348.00),
('99911122222', '20250821', 'ORD00000432', 'EXE00000432', '100170', '2', 74, 40197.00),
('99911122222', '20250819', 'ORD00000433', 'EXE00000433', '100171', '1', 88, 13463.00),
('99911122222', '20250819', 'ORD00000434', 'EXE00000434', '100171', '2', 88, 14213.00),
('99911122222', '20250807', 'ORD00000435', 'EXE00000435', '100172', '1', 46, 45584.00),
('99911122222', '20250807', 'ORD00000436', 'EXE00000436', '100172', '2', 46, 45678.00),
('99911122222', '20250826', 'ORD00000437', 'EXE00000437', '100173', '1', 92, 18827.00),
('99911122222', '20250826', 'ORD00000438', 'EXE00000438', '100173', '2', 92, 18635.00),
('99911122222', '20250810', 'ORD00000439', 'EXE00000439', '100174', '1', 27, 22446.00),
('99911122222', '20250830', 'ORD00000440', 'EXE00000440', '100174', '2', 27, 22852.00),
('99911122222', '20250820', 'ORD00000441', 'EXE00000441', '100175', '1', 57, 17006.00),
('99911122222', '20250820', 'ORD00000442', 'EXE00000442', '100175', '2', 57, 16717.00),
('99911122222', '20250812', 'ORD00000443', 'EXE00000443', '100176', '1', 81, 8047.00),
('99911122222', '20250812', 'ORD00000444', 'EXE00000444', '100176', '2', 81, 8366.00),
('99911122222', '20250829', 'ORD00000445', 'EXE00000445', '100177', '1', 44, 15645.00),
('99911122222', '20250825', 'ORD00000446', 'EXE00000446', '100177', '2', 44, 15347.00),
('99911122222', '20250801', 'ORD00000447', 'EXE00000447', '100178', '1', 51, 36424.00),
('99911122222', '20250801', 'ORD00000448', 'EXE00000448', '100178', '2', 51, 37405.00),
('99911122222', '20250822', 'ORD00000449', 'EXE00000449', '100179', '1', 51, 31490.00),
('99911122222', '20250822', 'ORD00000450', 'EXE00000450', '100179', '2', 51, 31817.00),
('99911122222', '20250819', 'ORD00000451', 'EXE00000451', '100180', '1', 62, 40793.00),
('99911122222', '20250816', 'ORD00000452', 'EXE00000452', '100180', '2', 62, 40699.00),
('99911122222', '20250821', 'ORD00000453', 'EXE00000453', '100181', '1', 63, 20364.00),
('99911122222', '20250821', 'ORD00000454', 'EXE00000454', '100181', '2', 63, 20095.00),
('99911122222', '20250807', 'ORD00000455', 'EXE00000455', '100182', '1', 80, 31830.00),
('99911122222', '20250817', 'ORD00000456', 'EXE00000456', '100182', '2', 80, 32665.00),
('99911122222', '20250822', 'ORD00000457', 'EXE00000457', '100183', '1', 64, 31329.00),
('99911122222', '20250812', 'ORD00000458', 'EXE00000458', '100183', '2', 64, 31273.00),
('99911122222', '20250827', 'ORD00000459', 'EXE00000459', '100184', '1', 61, 13961.00),
('99911122222', '20250827', 'ORD00000460', 'EXE00000460', '100184', '2', 61, 14669.00),
('99911122222', '20250805', 'ORD00000461', 'EXE00000461', '100185', '1', 44, 25907.00),
('99911122222', '20250805', 'ORD00000462', 'EXE00000462', '100185', '2', 44, 26367.00),
('99911122222', '20250808', 'ORD00000463', 'EXE00000463', '100186', '1', 69, 2192.00),
('99911122222', '20250808', 'ORD00000464', 'EXE00000464', '100186', '2', 69, 2525.00),
('99911122222', '20250807', 'ORD00000465', 'EXE00000465', '100187', '1', 29, 37844.00),
('99911122222', '20250807', 'ORD00000466', 'EXE00000466', '100187', '2', 29, 38221.00),
('99911122222', '20250803', 'ORD00000467', 'EXE00000467', '100188', '1', 52, 45306.00),
('99911122222', '20250803', 'ORD00000468', 'EXE00000468', '100188', '2', 52, 45708.00),
('99911122222', '20250819', 'ORD00000469', 'EXE00000469', '100189', '1', 84, 37779.00),
('99911122222', '20250819', 'ORD00000470', 'EXE00000470', '100189', '2', 84, 37608.00),
('99911122222', '20250805', 'ORD00000471', 'EXE00000471', '100190', '1', 98, 31300.00),
('99911122222', '20250805', 'ORD00000472', 'EXE00000472', '100190', '2', 98, 31765.00),
('99911122222', '20250824', 'ORD00000473', 'EXE00000473', '100191', '1', 33, 1126.00),
('99911122222', '20250817', 'ORD00000474', 'EXE00000474', '100191', '2', 33, 1891.00),
('99911122222', '20250828', 'ORD00000475', 'EXE00000475', '100192', '1', 9, 24029.00),
('99911122222', '20250824', 'ORD00000476', 'EXE00000476', '100192', '2', 9, 23751.00),
('99911122222', '20250815', 'ORD00000477', 'EXE00000477', '100193', '1', 26, 37721.00),
('99911122222', '20250817', 'ORD00000478', 'EXE00000478', '100193', '2', 26, 38240.00),
('99911122222', '20250806', 'ORD00000479', 'EXE00000479', '100194', '1', 95, 38691.00),
('99911122222', '20250806', 'ORD00000480', 'EXE00000480', '100194', '2', 95, 39636.00),
('99911122222', '20250805', 'ORD00000481', 'EXE00000481', '100195', '1', 23, 44399.00),
('99911122222', '20250805', 'ORD00000482', 'EXE00000482', '100195', '2', 23, 44244.00),
('99911122222', '20250813', 'ORD00000483', 'EXE00000483', '100196', '1', 16, 22284.00),
('99911122222', '20250813', 'ORD00000484', 'EXE00000484', '100196', '2', 16, 22858.00),
('99911122222', '20250825', 'ORD00000485', 'EXE00000485', '100197', '1', 43, 28203.00),
('99911122222', '20250803', 'ORD00000486', 'EXE00000486', '100197', '2', 43, 28497.00),
('99911122222', '20250827', 'ORD00000487', 'EXE00000487', '100198', '1', 46, 34209.00),
('99911122222', '20250828', 'ORD00000488', 'EXE00000488', '100198', '2', 46, 33783.00),
('99911122222', '20250820', 'ORD00000489', 'EXE00000489', '100199', '1', 55, 3396.00),
('99911122222', '20250814', 'ORD00000490', 'EXE00000490', '100199', '2', 55, 3053.00),
('99911122222', '20250822', 'ORD00000491', 'EXE00000491', '100200', '1', 81, 42355.00),
('99911122222', '20250822', 'ORD00000492', 'EXE00000492', '100200', '2', 81, 43320.00),
('99911122222', '20250821', 'ORD00000493', 'EXE00000493', '100201', '1', 72, 15841.00),
('99911122222', '20250821', 'ORD00000494', 'EXE00000494', '100201', '2', 72, 16730.00),
('99911122222', '20250820', 'ORD00000495', 'EXE00000495', '100202', '1', 30, 42931.00),
('99911122222', '20250820', 'ORD00000496', 'EXE00000496', '100202', '2', 30, 43128.00),
('99911122222', '20250801', 'ORD00000497', 'EXE00000497', '100203', '1', 27, 6226.00),
('99911122222', '20250801', 'ORD00000498', 'EXE00000498', '100203', '2', 27, 5845.00),
('99911122222', '20250830', 'ORD00000499', 'EXE00000499', '100204', '1', 23, 12996.00),
('99911122222', '20250818', 'ORD00000500', 'EXE00000500', '100204', '2', 23, 12805.00),
('99911122222', '20250824', 'ORD00000501', 'EXE00000501', '100205', '1', 86, 1740.00),
('99911122222', '20250824', 'ORD00000502', 'EXE00000502', '100205', '2', 86, 2239.00),
('99911122222', '20250820', 'ORD00000503', 'EXE00000503', '100206', '1', 36, 5409.00),
('99911122222', '20250820', 'ORD00000504', 'EXE00000504', '100206', '2', 36, 5584.00),
('99911122222', '20250816', 'ORD00000505', 'EXE00000505', '100207', '1', 49, 28439.00),
('99911122222', '20250823', 'ORD00000506', 'EXE00000506', '100207', '2', 49, 28626.00),
('99911122222', '20250829', 'ORD00000507', 'EXE00000507', '100208', '1', 57, 43034.00),
('99911122222', '20250823', 'ORD00000508', 'EXE00000508', '100208', '2', 57, 42928.00),
('99911122222', '20250803', 'ORD00000509', 'EXE00000509', '100209', '1', 12, 18567.00),
('99911122222', '20250813', 'ORD00000510', 'EXE00000510', '100209', '2', 12, 19462.00),
('99911122222', '20250825', 'ORD00000511', 'EXE00000511', '100210', '1', 54, 36099.00),
('99911122222', '20250825', 'ORD00000512', 'EXE00000512', '100210', '2', 54, 35868.00),
('99911122222', '20250817', 'ORD00000513', 'EXE00000513', '100211', '1', 46, 20252.00),
('99911122222', '20250817', 'ORD00000514', 'EXE00000514', '100211', '2', 46, 20539.00),
('99911122222', '20250826', 'ORD00000515', 'EXE00000515', '100212', '1', 30, 36174.00),
('99911122222', '20250825', 'ORD00000516', 'EXE00000516', '100212', '2', 30, 36768.00),
('99911122222', '20250803', 'ORD00000517', 'EXE00000517', '100213', '1', 81, 32856.00),
('99911122222', '20250803', 'ORD00000518', 'EXE00000518', '100213', '2', 81, 32641.00),
('99911122222', '20250816', 'ORD00000519', 'EXE00000519', '100214', '1', 84, 28286.00),
('99911122222', '20250816', 'ORD00000520', 'EXE00000520', '100214', '2', 84, 29123.00),
('99911122222', '20250828', 'ORD00000521', 'EXE00000521', '100215', '1', 5, 35636.00),
('99911122222', '20250828', 'ORD00000522', 'EXE00000522', '100215', '2', 5, 35188.00),
('99911122222', '20250826', 'ORD00000523', 'EXE00000523', '100216', '1', 100, 18185.00),
('99911122222', '20250826', 'ORD00000524', 'EXE00000524', '100216', '2', 100, 18967.00),
('99911122222', '20250810', 'ORD00000525', 'EXE00000525', '100217', '1', 18, 14427.00),
('99911122222', '20250804', 'ORD00000526', 'EXE00000526', '100217', '2', 18, 15231.00),
('99911122222', '20250817', 'ORD00000527', 'EXE00000527', '100218', '1', 88, 19509.00),
('99911122222', '20250817', 'ORD00000528', 'EXE00000528', '100218', '2', 88, 19868.00),
('99911122222', '20250811', 'ORD00000529', 'EXE00000529', '100219', '1', 49, 36585.00),
('99911122222', '20250811', 'ORD00000530', 'EXE00000530', '100219', '2', 49, 37159.00),
('99911122222', '20250810', 'ORD00000531', 'EXE00000531', '100220', '1', 26, 27520.00),
('99911122222', '20250810', 'ORD00000532', 'EXE00000532', '100220', '2', 26, 27186.00),
('99911122222', '20250822', 'ORD00000533', 'EXE00000533', '100221', '1', 17, 15477.00),
('99911122222', '20250822', 'ORD00000534', 'EXE00000534', '100221', '2', 17, 15611.00),
('99911122222', '20250818', 'ORD00000535', 'EXE00000535', '100222', '1', 31, 12039.00),
('99911122222', '20250818', 'ORD00000536', 'EXE00000536', '100222', '2', 31, 12132.00),
('99911122222', '20250801', 'ORD00000537', 'EXE00000537', '100223', '1', 31, 43227.00),
('99911122222', '20250801', 'ORD00000538', 'EXE00000538', '100223', '2', 31, 43511.00),
('99911122222', '20250810', 'ORD00000539', 'EXE00000539', '100224', '1', 12, 47381.00),
('99911122222', '20250810', 'ORD00000540', 'EXE00000540', '100224', '2', 12, 47712.00),
('99911122222', '20250815', 'ORD00000541', 'EXE00000541', '100225', '1', 29, 23944.00),
('99911122222', '20250812', 'ORD00000542', 'EXE00000542', '100225', '2', 29, 24496.00),
('99911122222', '20250814', 'ORD00000543', 'EXE00000543', '100226', '1', 45, 22857.00),
('99911122222', '20250818', 'ORD00000544', 'EXE00000544', '100226', '2', 45, 23421.00),
('99911122222', '20250828', 'ORD00000545', 'EXE00000545', '100227', '1', 51, 36556.00),
('99911122222', '20250828', 'ORD00000546', 'EXE00000546', '100227', '2', 51, 37030.00),
('99911122222', '20250826', 'ORD00000547', 'EXE00000547', '100228', '1', 22, 47278.00),
('99911122222', '20250826', 'ORD00000548', 'EXE00000548', '100228', '2', 22, 46830.00),
('99911122222', '20250815', 'ORD00000549', 'EXE00000549', '100229', '1', 77, 13135.00),
('99911122222', '20250815', 'ORD00000550', 'EXE00000550', '100229', '2', 77, 12716.00),
('99911122222', '20250814', 'ORD00000551', 'EXE00000551', '100230', '1', 90, 15417.00),
('99911122222', '20250814', 'ORD00000552', 'EXE00000552', '100230', '2', 90, 15089.00),
('99911122222', '20250818', 'ORD00000553', 'EXE00000553', '100231', '1', 69, 35391.00),
('99911122222', '20250818', 'ORD00000554', 'EXE00000554', '100231', '2', 69, 35168.00),
('99911122222', '20250819', 'ORD00000555', 'EXE00000555', '100232', '1', 41, 15083.00),
('99911122222', '20250808', 'ORD00000556', 'EXE00000556', '100232', '2', 41, 15233.00),
('99911122222', '20250802', 'ORD00000557', 'EXE00000557', '100233', '1', 49, 4856.00),
('99911122222', '20250802', 'ORD00000558', 'EXE00000558', '100233', '2', 49, 5753.00),
('99911122222', '20250826', 'ORD00000559', 'EXE00000559', '100234', '1', 20, 15947.00),
('99911122222', '20250826', 'ORD00000560', 'EXE00000560', '100234', '2', 20, 16442.00),
('99911122222', '20250804', 'ORD00000561', 'EXE00000561', '100235', '1', 8, 1757.00),
('99911122222', '20250809', 'ORD00000562', 'EXE00000562', '100235', '2', 8, 1517.00),
('99911122222', '20250803', 'ORD00000563', 'EXE00000563', '100236', '1', 71, 8674.00),
('99911122222', '20250803', 'ORD00000564', 'EXE00000564', '100236', '2', 71, 9313.00),
('99911122222', '20250819', 'ORD00000565', 'EXE00000565', '100237', '1', 34, 12057.00),
('99911122222', '20250819', 'ORD00000566', 'EXE00000566', '100237', '2', 34, 12794.00),
('99911122222', '20250823', 'ORD00000567', 'EXE00000567', '100238', '1', 54, 49082.00),
('99911122222', '20250823', 'ORD00000568', 'EXE00000568', '100238', '2', 54, 49776.00),
('99911122222', '20250825', 'ORD00000569', 'EXE00000569', '100239', '1', 49, 22691.00),
('99911122222', '20250825', 'ORD00000570', 'EXE00000570', '100239', '2', 49, 23455.00),
('99911122222', '20250822', 'ORD00000571', 'EXE00000571', '100240', '1', 88, 25014.00),
('99911122222', '20250807', 'ORD00000572', 'EXE00000572', '100240', '2', 88, 25368.00),
('99911122222', '20250812', 'ORD00000573', 'EXE00000573', '100241', '1', 52, 12640.00),
('99911122222', '20250812', 'ORD00000574', 'EXE00000574', '100241', '2', 52, 12507.00),
('99911122222', '20250828', 'ORD00000575', 'EXE00000575', '100242', '1', 31, 40740.00),
('99911122222', '20250828', 'ORD00000576', 'EXE00000576', '100242', '2', 31, 40687.00),
('99911122222', '20250811', 'ORD00000577', 'EXE00000577', '100243', '1', 84, 23891.00),
('99911122222', '20250802', 'ORD00000578', 'EXE00000578', '100243', '2', 84, 24488.00),
('99911122222', '20250809', 'ORD00000579', 'EXE00000579', '100244', '1', 61, 38110.00),
('99911122222', '20250809', 'ORD00000580', 'EXE00000580', '100244', '2', 61, 38932.00),
('99911122222', '20250817', 'ORD00000581', 'EXE00000581', '100245', '1', 58, 33392.00),
('99911122222', '20250818', 'ORD00000582', 'EXE00000582', '100245', '2', 58, 33221.00),
('99911122222', '20250801', 'ORD00000583', 'EXE00000583', '100246', '1', 86, 11590.00),
('99911122222', '20250801', 'ORD00000584', 'EXE00000584', '100246', '2', 86, 11505.00),
('99911122222', '20250819', 'ORD00000585', 'EXE00000585', '100247', '1', 65, 1186.00),
('99911122222', '20250819', 'ORD00000586', 'EXE00000586', '100247', '2', 65, 2104.00),
('99911122222', '20250802', 'ORD00000587', 'EXE00000587', '100248', '1', 48, 46467.00),
('99911122222', '20250819', 'ORD00000588', 'EXE00000588', '100248', '2', 48, 47275.00),
('99911122222', '20250820', 'ORD00000589', 'EXE00000589', '100249', '1', 58, 4534.00),
('99911122222', '20250820', 'ORD00000590', 'EXE00000590', '100249', '2', 58, 4980.00),
('99911122222', '20250802', 'ORD00000591', 'EXE00000591', '100250', '1', 29, 47387.00),
('99911122222', '20250807', 'ORD00000592', 'EXE00000592', '100250', '2', 29, 48108.00),
('99911122222', '20250801', 'ORD00000593', 'EXE00000593', '100251', '1', 58, 8666.00),
('99911122222', '20250801', 'ORD00000594', 'EXE00000594', '100251', '2', 58, 9301.00),
('99911122222', '20250802', 'ORD00000595', 'EXE00000595', '100252', '1', 32, 33520.00),
('99911122222', '20250802', 'ORD00000596', 'EXE00000596', '100252', '2', 32, 34279.00),
('99911122222', '20250818', 'ORD00000597', 'EXE00000597', '100253', '1', 28, 45983.00),
('99911122222', '20250818', 'ORD00000598', 'EXE00000598', '100253', '2', 28, 45952.00),
('99911122222', '20250827', 'ORD00000599', 'EXE00000599', '100254', '1', 33, 7066.00),
('99911122222', '20250827', 'ORD00000600', 'EXE00000600', '100254', '2', 33, 7762.00),
('99911122222', '20250826', 'ORD00000601', 'EXE00000601', '100255', '1', 81, 10526.00),
('99911122222', '20250826', 'ORD00000602', 'EXE00000602', '100255', '2', 81, 11520.00),
('99911122222', '20250813', 'ORD00000603', 'EXE00000603', '100256', '1', 45, 31306.00),
('99911122222', '20250813', 'ORD00000604', 'EXE00000604', '100256', '2', 45, 30851.00),
('99911122222', '20250819', 'ORD00000605', 'EXE00000605', '100257', '1', 96, 27140.00),
('99911122222', '20250819', 'ORD00000606', 'EXE00000606', '100257', '2', 96, 27847.00),
('99911122222', '20250810', 'ORD00000607', 'EXE00000607', '100258', '1', 100, 9931.00),
('99911122222', '20250810', 'ORD00000608', 'EXE00000608', '100258', '2', 100, 10326.00),
('99911122222', '20250826', 'ORD00000609', 'EXE00000609', '100259', '1', 44, 46097.00),
('99911122222', '20250826', 'ORD00000610', 'EXE00000610', '100259', '2', 44, 46884.00),
('99911122222', '20250830', 'ORD00000611', 'EXE00000611', '100260', '1', 72, 49927.00),
('99911122222', '20250830', 'ORD00000612', 'EXE00000612', '100260', '2', 72, 50910.00),
('99911122222', '20250825', 'ORD00000613', 'EXE00000613', '100261', '1', 46, 14378.00),
('99911122222', '20250809', 'ORD00000614', 'EXE00000614', '100261', '2', 46, 14635.00),
('99911122222', '20250812', 'ORD00000615', 'EXE00000615', '100262', '1', 20, 1093.00),
('99911122222', '20250812', 'ORD00000616', 'EXE00000616', '100262', '2', 20, 1873.00),
('99911122222', '20250802', 'ORD00000617', 'EXE00000617', '100263', '1', 58, 47571.00),
('99911122222', '20250826', 'ORD00000618', 'EXE00000618', '100263', '2', 58, 48507.00),
('99911122222', '20250824', 'ORD00000619', 'EXE00000619', '100264', '1', 38, 36162.00),
('99911122222', '20250821', 'ORD00000620', 'EXE00000620', '100264', '2', 38, 36832.00),
('99911122222', '20250820', 'ORD00000621', 'EXE00000621', '100265', '1', 92, 31669.00),
('99911122222', '20250820', 'ORD00000622', 'EXE00000622', '100265', '2', 92, 31660.00),
('99911122222', '20250823', 'ORD00000623', 'EXE00000623', '100266', '1', 53, 31446.00),
('99911122222', '20250823', 'ORD00000624', 'EXE00000624', '100266', '2', 53, 32423.00),
('99911122222', '20250816', 'ORD00000625', 'EXE00000625', '100267', '1', 96, 5558.00),
('99911122222', '20250816', 'ORD00000626', 'EXE00000626', '100267', '2', 96, 5340.00),
('99911122222', '20250820', 'ORD00000627', 'EXE00000627', '100268', '1', 51, 28101.00),
('99911122222', '20250802', 'ORD00000628', 'EXE00000628', '100268', '2', 51, 28819.00),
('99911122222', '20250829', 'ORD00000629', 'EXE00000629', '100269', '1', 84, 31413.00),
('99911122222', '20250829', 'ORD00000630', 'EXE00000630', '100269', '2', 84, 31538.00),
('99911122222', '20250821', 'ORD00000631', 'EXE00000631', '100270', '1', 28, 42251.00),
('99911122222', '20250821', 'ORD00000632', 'EXE00000632', '100270', '2', 28, 42074.00),
('99911122222', '20250822', 'ORD00000633', 'EXE00000633', '100271', '1', 5, 16285.00),
('99911122222', '20250806', 'ORD00000634', 'EXE00000634', '100271', '2', 5, 17215.00),
('99911122222', '20250819', 'ORD00000635', 'EXE00000635', '100272', '1', 25, 27187.00),
('99911122222', '20250819', 'ORD00000636', 'EXE00000636', '100272', '2', 25, 27040.00),
('99911122222', '20250830', 'ORD00000637', 'EXE00000637', '100273', '1', 7, 6907.00),
('99911122222', '20250814', 'ORD00000638', 'EXE00000638', '100273', '2', 7, 7559.00),
('99911122222', '20250818', 'ORD00000639', 'EXE00000639', '100274', '1', 93, 21754.00),
('99911122222', '20250818', 'ORD00000640', 'EXE00000640', '100274', '2', 93, 21410.00),
('99911122222', '20250825', 'ORD00000641', 'EXE00000641', '100275', '1', 6, 32889.00),
('99911122222', '20250825', 'ORD00000642', 'EXE00000642', '100275', '2', 6, 32964.00),
('99911122222', '20250827', 'ORD00000643', 'EXE00000643', '100276', '1', 100, 11410.00),
('99911122222', '20250827', 'ORD00000644', 'EXE00000644', '100276', '2', 100, 10911.00),
('99911122222', '20250814', 'ORD00000645', 'EXE00000645', '100277', '1', 54, 13745.00),
('99911122222', '20250814', 'ORD00000646', 'EXE00000646', '100277', '2', 54, 13495.00),
('99911122222', '20250804', 'ORD00000647', 'EXE00000647', '100278', '1', 24, 1073.00),
('99911122222', '20250804', 'ORD00000648', 'EXE00000648', '100278', '2', 24, 1088.00),
('99911122222', '20250802', 'ORD00000649', 'EXE00000649', '100279', '1', 61, 1809.00),
('99911122222', '20250802', 'ORD00000650', 'EXE00000650', '100279', '2', 61, 1621.00),
('99911122222', '20250813', 'ORD00000651', 'EXE00000651', '100280', '1', 18, 46180.00),
('99911122222', '20250813', 'ORD00000652', 'EXE00000652', '100280', '2', 18, 46488.00),
('99911122222', '20250829', 'ORD00000653', 'EXE00000653', '100281', '1', 76, 37192.00),
('99911122222', '20250829', 'ORD00000654', 'EXE00000654', '100281', '2', 76, 37903.00),
('99911122222', '20250807', 'ORD00000655', 'EXE00000655', '100282', '1', 5, 5413.00),
('99911122222', '20250807', 'ORD00000656', 'EXE00000656', '100282', '2', 5, 5393.00),
('99911122222', '20250816', 'ORD00000657', 'EXE00000657', '100283', '1', 78, 42245.00),
('99911122222', '20250804', 'ORD00000658', 'EXE00000658', '100283', '2', 78, 42926.00),
('99911122222', '20250826', 'ORD00000659', 'EXE00000659', '100284', '1', 56, 43565.00),
('99911122222', '20250818', 'ORD00000660', 'EXE00000660', '100284', '2', 56, 43462.00),
('99911122222', '20250804', 'ORD00000661', 'EXE00000661', '100285', '1', 37, 49905.00),
('99911122222', '20250804', 'ORD00000662', 'EXE00000662', '100285', '2', 37, 50828.00),
('99911122222', '20250826', 'ORD00000663', 'EXE00000663', '100286', '1', 93, 46465.00),
('99911122222', '20250831', 'ORD00000664', 'EXE00000664', '100286', '2', 93, 47187.00),
('99911122222', '20250821', 'ORD00000665', 'EXE00000665', '100287', '1', 51, 4959.00),
('99911122222', '20250821', 'ORD00000666', 'EXE00000666', '100287', '2', 51, 5161.00),
('99911122222', '20250814', 'ORD00000667', 'EXE00000667', '100288', '1', 91, 29369.00),
('99911122222', '20250813', 'ORD00000668', 'EXE00000668', '100288', '2', 91, 29807.00),
('99911122222', '20250801', 'ORD00000669', 'EXE00000669', '100289', '1', 80, 25812.00),
('99911122222', '20250801', 'ORD00000670', 'EXE00000670', '100289', '2', 80, 25994.00),
('99911122222', '20250823', 'ORD00000671', 'EXE00000671', '100290', '1', 69, 21110.00),
('99911122222', '20250816', 'ORD00000672', 'EXE00000672', '100290', '2', 69, 21848.00),
('99911122222', '20250809', 'ORD00000673', 'EXE00000673', '100291', '1', 20, 41448.00),
('99911122222', '20250808', 'ORD00000674', 'EXE00000674', '100291', '2', 20, 41923.00),
('99911122222', '20250806', 'ORD00000675', 'EXE00000675', '100292', '1', 68, 35212.00),
('99911122222', '20250806', 'ORD00000676', 'EXE00000676', '100292', '2', 68, 35525.00),
('99911122222', '20250804', 'ORD00000677', 'EXE00000677', '100293', '1', 88, 9481.00),
('99911122222', '20250804', 'ORD00000678', 'EXE00000678', '100293', '2', 88, 9587.00),
('99911122222', '20250809', 'ORD00000679', 'EXE00000679', '100294', '1', 81, 36491.00),
('99911122222', '20250809', 'ORD00000680', 'EXE00000680', '100294', '2', 81, 37409.00),
('99911122222', '20250826', 'ORD00000681', 'EXE00000681', '100295', '1', 64, 21624.00),
('99911122222', '20250826', 'ORD00000682', 'EXE00000682', '100295', '2', 64, 21319.00),
('99911122222', '20250806', 'ORD00000683', 'EXE00000683', '100296', '1', 27, 13295.00),
('99911122222', '20250806', 'ORD00000684', 'EXE00000684', '100296', '2', 27, 13823.00),
('99911122222', '20250808', 'ORD00000685', 'EXE00000685', '100297', '1', 67, 36507.00),
('99911122222', '20250808', 'ORD00000686', 'EXE00000686', '100297', '2', 67, 36062.00),
('99911122222', '20250803', 'ORD00000687', 'EXE00000687', '100298', '1', 45, 14045.00),
('99911122222', '20250803', 'ORD00000688', 'EXE00000688', '100298', '2', 45, 14835.00),
('99911122222', '20250808', 'ORD00000689', 'EXE00000689', '100299', '1', 54, 17051.00),
('99911122222', '20250808', 'ORD00000690', 'EXE00000690', '100299', '2', 54, 17645.00),
('99911122222', '20250823', 'ORD00000691', 'EXE00000691', '100300', '1', 6, 8131.00),
('99911122222', '20250823', 'ORD00000692', 'EXE00000692', '100300', '2', 6, 8575.00),
('99911122222', '20250821', 'ORD00000693', 'EXE00000693', '100301', '1', 16, 12839.00),
('99911122222', '20250824', 'ORD00000694', 'EXE00000694', '100301', '2', 16, 13803.00),
('99911122222', '20250805', 'ORD00000695', 'EXE00000695', '100302', '1', 85, 22705.00),
('99911122222', '20250814', 'ORD00000696', 'EXE00000696', '100302', '2', 85, 22902.00),
('99911122222', '20250826', 'ORD00000697', 'EXE00000697', '100303', '1', 27, 38881.00),
('99911122222', '20250826', 'ORD00000698', 'EXE00000698', '100303', '2', 27, 38630.00),
('99911122222', '20250828', 'ORD00000699', 'EXE00000699', '100304', '1', 88, 10606.00),
('99911122222', '20250828', 'ORD00000700', 'EXE00000700', '100304', '2', 88, 10429.00),
('99911122222', '20250818', 'ORD00000701', 'EXE00000701', '100305', '1', 86, 11389.00),
('99911122222', '20250811', 'ORD00000702', 'EXE00000702', '100305', '2', 86, 10923.00),
('99911122222', '20250825', 'ORD00000703', 'EXE00000703', '100306', '1', 66, 24130.00),
('99911122222', '20250825', 'ORD00000704', 'EXE00000704', '100306', '2', 66, 23835.00),
('99911122222', '20250807', 'ORD00000705', 'EXE00000705', '100307', '1', 35, 1988.00),
('99911122222', '20250807', 'ORD00000706', 'EXE00000706', '100307', '2', 35, 2038.00),
('99911122222', '20250818', 'ORD00000707', 'EXE00000707', '100308', '1', 34, 23256.00),
('99911122222', '20250818', 'ORD00000708', 'EXE00000708', '100308', '2', 34, 23825.00),
('99911122222', '20250827', 'ORD00000709', 'EXE00000709', '100309', '1', 68, 36904.00),
('99911122222', '20250827', 'ORD00000710', 'EXE00000710', '100309', '2', 68, 37627.00),
('99911122222', '20250806', 'ORD00000711', 'EXE00000711', '100310', '1', 94, 2820.00),
('99911122222', '20250806', 'ORD00000712', 'EXE00000712', '100310', '2', 94, 2601.00),
('99911122222', '20250804', 'ORD00000713', 'EXE00000713', '100311', '1', 14, 14650.00),
('99911122222', '20250804', 'ORD00000714', 'EXE00000714', '100311', '2', 14, 14531.00),
('99911122222', '20250818', 'ORD00000715', 'EXE00000715', '100312', '1', 39, 37554.00),
('99911122222', '20250818', 'ORD00000716', 'EXE00000716', '100312', '2', 39, 37274.00),
('99911122222', '20250811', 'ORD00000717', 'EXE00000717', '100313', '1', 63, 29106.00),
('99911122222', '20250806', 'ORD00000718', 'EXE00000718', '100313', '2', 63, 29762.00),
('99911122222', '20250801', 'ORD00000719', 'EXE00000719', '100314', '1', 91, 9608.00),
('99911122222', '20250801', 'ORD00000720', 'EXE00000720', '100314', '2', 91, 9133.00),
('99911122222', '20250813', 'ORD00000721', 'EXE00000721', '100315', '1', 59, 49838.00),
('99911122222', '20250811', 'ORD00000722', 'EXE00000722', '100315', '2', 59, 50810.00),
('99911122222', '20250824', 'ORD00000723', 'EXE00000723', '100316', '1', 26, 41783.00),
('99911122222', '20250824', 'ORD00000724', 'EXE00000724', '100316', '2', 26, 41873.00),
('99911122222', '20250830', 'ORD00000725', 'EXE00000725', '100317', '1', 46, 15063.00),
('99911122222', '20250830', 'ORD00000726', 'EXE00000726', '100317', '2', 46, 14931.00),
('99911122222', '20250815', 'ORD00000727', 'EXE00000727', '100318', '1', 54, 4412.00),
('99911122222', '20250815', 'ORD00000728', 'EXE00000728', '100318', '2', 54, 4874.00),
('99911122222', '20250819', 'ORD00000729', 'EXE00000729', '100319', '1', 59, 17870.00),
('99911122222', '20250819', 'ORD00000730', 'EXE00000730', '100319', '2', 59, 18319.00),
('99911122222', '20250819', 'ORD00000731', 'EXE00000731', '100320', '1', 73, 5742.00),
('99911122222', '20250807', 'ORD00000732', 'EXE00000732', '100320', '2', 73, 6285.00),
('99911122222', '20250822', 'ORD00000733', 'EXE00000733', '100321', '1', 68, 36999.00),
('99911122222', '20250830', 'ORD00000734', 'EXE00000734', '100321', '2', 68, 37731.00),
('99911122222', '20250825', 'ORD00000735', 'EXE00000735', '100322', '1', 10, 3928.00),
('99911122222', '20250825', 'ORD00000736', 'EXE00000736', '100322', '2', 10, 4576.00),
('99911122222', '20250809', 'ORD00000737', 'EXE00000737', '100323', '1', 20, 4004.00),
('99911122222', '20250819', 'ORD00000738', 'EXE00000738', '100323', '2', 20, 4171.00),
('99911122222', '20250815', 'ORD00000739', 'EXE00000739', '100324', '1', 22, 18120.00),
('99911122222', '20250815', 'ORD00000740', 'EXE00000740', '100324', '2', 22, 18112.00),
('99911122222', '20250823', 'ORD00000741', 'EXE00000741', '100325', '1', 69, 18910.00),
('99911122222', '20250823', 'ORD00000742', 'EXE00000742', '100325', '2', 69, 19218.00),
('99911122222', '20250830', 'ORD00000743', 'EXE00000743', '100326', '1', 8, 15617.00),
('99911122222', '20250830', 'ORD00000744', 'EXE00000744', '100326', '2', 8, 16505.00),
('99911122222', '20250817', 'ORD00000745', 'EXE00000745', '100327', '1', 41, 10197.00),
('99911122222', '20250806', 'ORD00000746', 'EXE00000746', '100327', '2', 41, 10263.00),
('99911122222', '20250813', 'ORD00000747', 'EXE00000747', '100328', '1', 33, 49504.00),
('99911122222', '20250813', 'ORD00000748', 'EXE00000748', '100328', '2', 33, 50258.00),
('99911122222', '20250828', 'ORD00000749', 'EXE00000749', '100329', '1', 25, 11037.00),
('99911122222', '20250814', 'ORD00000750', 'EXE00000750', '100329', '2', 25, 10570.00),
('99911122222', '20250809', 'ORD00000751', 'EXE00000751', '100330', '1', 9, 21534.00),
('99911122222', '20250809', 'ORD00000752', 'EXE00000752', '100330', '2', 9, 22492.00),
('99911122222', '20250818', 'ORD00000753', 'EXE00000753', '100331', '1', 29, 16941.00),
('99911122222', '20250830', 'ORD00000754', 'EXE00000754', '100331', '2', 29, 16596.00),
('99911122222', '20250820', 'ORD00000755', 'EXE00000755', '100332', '1', 91, 34530.00),
('99911122222', '20250820', 'ORD00000756', 'EXE00000756', '100332', '2', 91, 35090.00),
('99911122222', '20250806', 'ORD00000757', 'EXE00000757', '100333', '1', 31, 26722.00),
('99911122222', '20250806', 'ORD00000758', 'EXE00000758', '100333', '2', 31, 27030.00),
('99911122222', '20250803', 'ORD00000759', 'EXE00000759', '100334', '1', 82, 2988.00),
('99911122222', '20250803', 'ORD00000760', 'EXE00000760', '100334', '2', 82, 3116.00),
('99911122222', '20250826', 'ORD00000761', 'EXE00000761', '100335', '1', 74, 21924.00),
('99911122222', '20250826', 'ORD00000762', 'EXE00000762', '100335', '2', 74, 22844.00),
('99911122222', '20250808', 'ORD00000763', 'EXE00000763', '100336', '1', 54, 4861.00),
('99911122222', '20250808', 'ORD00000764', 'EXE00000764', '100336', '2', 54, 5452.00),
('99911122222', '20250803', 'ORD00000765', 'EXE00000765', '100337', '1', 44, 49286.00),
('99911122222', '20250803', 'ORD00000766', 'EXE00000766', '100337', '2', 44, 49903.00),
('99911122222', '20250823', 'ORD00000767', 'EXE00000767', '100338', '1', 31, 44231.00),
('99911122222', '20250823', 'ORD00000768', 'EXE00000768', '100338', '2', 31, 44405.00),
('99911122222', '20250825', 'ORD00000769', 'EXE00000769', '100339', '1', 47, 27283.00),
('99911122222', '20250825', 'ORD00000770', 'EXE00000770', '100339', '2', 47, 27440.00);

-- =================================================================
-- 6. 고객전략 테이블 (1건)
-- =================================================================

INSERT INTO customer_strategy (
    account_number,
    rebalancing_strategy_code,
    rebalancing_cycle,
    allowed_deviation,
    rebalancing_yn
) VALUES
('99911122222', 'GROWTH_TECH_001', 30, 5.00, 'Y');

-- =================================================================
-- 데이터 검증 쿼리
-- =================================================================

-- 테이블별 데이터 건수 확인
SELECT 'stock_current_price' as table_name, COUNT(*) as count FROM stock_current_price
UNION ALL
SELECT 'customer_balance' as table_name, COUNT(*) as count FROM customer_balance
UNION ALL
SELECT 'trading_history' as table_name, COUNT(*) as count FROM trading_history
UNION ALL
SELECT 'rebalancing_master' as table_name, COUNT(*) as count FROM rebalancing_master
UNION ALL
SELECT 'rebalancing_analysis' as table_name, COUNT(*) as count FROM rebalancing_analysis
UNION ALL
SELECT 'customer_strategy' as table_name, COUNT(*) as count FROM customer_strategy;

-- ✅ 완료 메시지
SELECT '🎉 모든 Mock 데이터가 성공적으로 생성되었습니다! (중복 제거 완료)' as result;
