DELETE FROM kpsdb.customer_balance;
INSERT INTO kpsdb.customer_balance (account_number,stock_code,stock_name,quantity,purchase_amount,created_at,updated_at) VALUES
	 ('99911122222','000001','삼성전자',500,20168397.00,'2025-09-20 18:37:26','2025-09-20 18:37:26'),
	 ('99911122222','000002','SK하이닉스',150,25087562.00,'2025-09-20 18:37:26','2025-09-20 18:37:26'),
	 ('99911122222','000003','NAVER',80,63112488.00,'2025-09-20 18:37:26','2025-09-20 18:37:26'),
	 ('99911122222','000004','LG화학',45,39112599.00,'2025-09-20 18:37:26','2025-09-20 18:37:26'),
	 ('99911122222','000005','삼성바이오로직스',25,13107078.00,'2025-09-20 18:37:26','2025-09-20 18:37:26'),
	 ('99911122222','000006','POSCO홀딩스',120,3763862.00,'2025-09-20 18:37:26','2025-09-20 18:37:26'),
	 ('99911122222','000007','기아',200,62325367.00,'2025-09-20 18:37:26','2025-09-20 18:37:26'),
	 ('99911122222','000008','카카오',180,14453785.00,'2025-09-20 18:37:26','2025-09-20 18:37:26'),
	 ('99911122222','000009','KB금융',220,58144628.00,'2025-09-20 18:37:26','2025-09-20 18:37:26'),
	 ('99911122222','000010','신한지주',300,67882102.00,'2025-09-20 18:37:26','2025-09-20 18:37:26');

DELETE FROM kpsdb.customer_deposit;
NSERT INTO kpsdb.customer_deposit (account_number, deposit_amount) VALUES
('99911122222', 50000000.00);

DELETE FROM kpsdb.customer_strategy;
INSERT INTO kpsdb.customer_strategy (account_number,rebalancing_strategy_code,rebalancing_cycle,allowed_deviation,rebalancing_yn,created_at,updated_at) VALUES
	 ('99911122222','BALANCED_01',30,5.00,'Y','2025-09-20 18:37:26','2025-09-21 00:18:20');


DELETE FROM kpsdb.rebalancing_analysis;
INSERT INTO kpsdb.rebalancing_analysis (rebalancing_strategy_code,expected_return,volatility,max_drawdown,investor_preference,created_at,updated_at) VALUES
	 ('BALANCED_01',15.45,11.75,8.70,1,'2025-09-20 18:37:26','2025-09-20 18:37:26'),
	 ('CONSERVATIVE_01',16.84,11.33,16.82,3,'2025-09-20 18:37:26','2025-09-20 18:37:26'),
	 ('DEFENSIVE_01',4.49,8.58,3.52,2,'2025-09-20 18:37:26','2025-09-20 18:37:26'),
	 ('DIVIDEND_01',17.00,24.03,8.19,2,'2025-09-20 18:37:26','2025-09-20 18:37:26'),
	 ('EMERGING_01',7.04,13.30,8.63,5,'2025-09-20 18:37:26','2025-09-20 18:37:26'),
	 ('ESG_01',8.29,16.35,21.19,2,'2025-09-20 18:37:26','2025-09-20 18:37:26'),
	 ('GLOBAL_01',6.04,18.63,7.50,2,'2025-09-20 18:37:26','2025-09-20 18:37:26'),
	 ('GROWTH_01',13.46,18.76,26.73,4,'2025-09-20 18:37:26','2025-09-20 18:37:26'),
	 ('HYBRID_01',18.21,8.26,18.27,4,'2025-09-20 18:37:26','2025-09-20 18:37:26'),
	 ('INCOME_01',5.08,23.54,6.32,4,'2025-09-20 18:37:26','2025-09-20 18:37:26');
INSERT INTO kpsdb.rebalancing_analysis (rebalancing_strategy_code,expected_return,volatility,max_drawdown,investor_preference,created_at,updated_at) VALUES
	 ('MOMENTUM_01',9.96,10.05,21.48,5,'2025-09-20 18:37:26','2025-09-20 18:37:26'),
	 ('SECTOR_01',12.16,10.43,34.37,3,'2025-09-20 18:37:26','2025-09-20 18:37:26'),
	 ('SMALL_CAP_01',9.43,10.56,8.31,4,'2025-09-20 18:37:26','2025-09-20 18:37:26'),
	 ('TECH_01',4.12,20.28,28.26,2,'2025-09-20 18:37:26','2025-09-20 18:37:26'),
	 ('VALUE_01',15.33,10.30,5.40,5,'2025-09-20 18:37:26','2025-09-20 18:37:26');


DELETE FROM kpsdb.rebalancing_master;
INSERT INTO kpsdb.rebalancing_master (rebalancing_strategy_code,rebalancing_name,rebalancing_description,risk_level,investment_style,keyword1,keyword2,keyword3,created_at,updated_at) VALUES
	 ('BALANCED_01','균형형 포트폴리오','주식과 채권의 균형잡힌 분산투자','중위험','지수추종','균형','분산투자','중위험','2025-09-20 18:37:26','2025-09-20 18:37:26'),
	 ('CONSERVATIVE_01','안정형 포트폴리오','안전자산 중심의 보수적 투자 전략','저위험','지수추종','안정성','보수적','저위험','2025-09-20 18:37:26','2025-09-20 18:37:26'),
	 ('DEFENSIVE_01','방어형 포트폴리오','경기방어주 중심의 안정적 투자','초저위험','배당투자','방어','경기방어주','안정','2025-09-20 18:37:26','2025-09-20 18:37:26'),
	 ('DIVIDEND_01','배당형 포트폴리오','배당수익을 중시하는 안정적 수익 추구','저위험','배당투자','배당','수익','안정적','2025-09-20 18:37:26','2025-09-20 18:37:26'),
	 ('EMERGING_01','이머징 포트폴리오','신흥시장 투자를 통한 고성장 추구','초고위험','성장투자','신흥시장','고성장','이머징','2025-09-20 18:37:26','2025-09-20 18:37:26'),
	 ('ESG_01','ESG 포트폴리오','지속가능경영 기업 중심 투자','중위험','가치투자','지속가능','친환경','ESG','2025-09-20 18:37:26','2025-09-20 18:37:26'),
	 ('GLOBAL_01','글로벌 포트폴리오','해외 주식 분산투자를 통한 글로벌 전략','중위험','지수추종','글로벌','해외투자','분산','2025-09-20 18:37:26','2025-09-20 18:37:26'),
	 ('GROWTH_01','성장형 포트폴리오','성장주 중심의 적극적 투자 전략','고위험','성장투자','성장성','적극적','고수익','2025-09-20 18:37:26','2025-09-20 18:37:26'),
	 ('HYBRID_01','하이브리드 포트폴리오','여러 전략을 혼합한 복합 투자 전략','중위험','퀀트/시스템트레이딩','복합전략','하이브리드','다전략','2025-09-20 18:37:26','2025-09-20 18:37:26'),
	 ('INCOME_01','수익형 포트폴리오','정기적 수익창출을 목적으로 하는 전략','저위험','배당투자','수익창출','정기수익','안정수익','2025-09-20 18:37:26','2025-09-20 18:37:26');
INSERT INTO kpsdb.rebalancing_master (rebalancing_strategy_code,rebalancing_name,rebalancing_description,risk_level,investment_style,keyword1,keyword2,keyword3,created_at,updated_at) VALUES
	 ('MOMENTUM_01','모멘텀 포트폴리오','상승 추세 종목 중심 투자','초고위험','테마/모멘텀','모멘텀','추세','상승세','2025-09-20 18:37:26','2025-09-20 18:37:26'),
	 ('SECTOR_01','섹터별 포트폴리오','업종별 분산투자 전략','중위험','테마/모멘텀','섹터','업종분산','다양화','2025-09-20 18:37:26','2025-09-20 18:37:26'),
	 ('SMALL_CAP_01','중소형주 포트폴리오','중소형 성장주 중심 투자 전략','고위험','성장투자','중소형주','성장','고성장','2025-09-20 18:37:26','2025-09-20 18:37:26'),
	 ('TECH_01','IT기술주 포트폴리오','IT 기술주에 집중 투자하는 전략','고위험','테마/모멘텀','기술주','IT','혁신','2025-09-20 18:37:26','2025-09-20 18:37:26'),
	 ('VALUE_01','가치투자 포트폴리오','저평가된 우량주 중심 투자','중위험','가치투자','가치투자','저평가','우량주','2025-09-20 18:37:26','2025-09-20 18:37:26');


DELETE FROM kpsdb.stock_current_price;
INSERT INTO kpsdb.stock_current_price (stock_code,current_price,updated_at) VALUES
	 ('000001',10.00,'2025-09-21 22:18:52'),
	 ('000002',76035.00,'2025-09-21 23:14:23'),
	 ('000003',23.00,'2025-09-21 23:14:22'),
	 ('000004',10.00,'2025-09-20 21:49:02'),
	 ('000005',51.00,'2025-09-21 23:14:23'),
	 ('000006',10.00,'2025-09-20 22:05:14'),
	 ('000007',10.00,'2025-09-21 22:17:11'),
	 ('000008',10.00,'2025-09-21 22:38:26'),
	 ('000009',629.00,'2025-09-21 23:14:23'),
	 ('000010',49365.00,'2025-09-21 23:14:23');
INSERT INTO kpsdb.stock_current_price (stock_code,current_price,updated_at) VALUES
	 ('000011',10.00,'2025-09-21 22:57:38'),
	 ('000012',10.00,'2025-09-21 22:14:42'),
	 ('000013',10.00,'2025-09-21 22:27:43'),
	 ('000014',10.00,'2025-09-20 20:39:59'),
	 ('000015',10.00,'2025-09-20 22:31:07'),
	 ('000016',23120.00,'2025-09-21 23:14:23'),
	 ('000017',1144.00,'2025-09-21 23:14:23'),
	 ('000018',445.00,'2025-09-21 23:14:23'),
	 ('000019',10.00,'2025-09-21 23:06:38'),
	 ('000020',64.00,'2025-09-21 23:14:20');
INSERT INTO kpsdb.stock_current_price (stock_code,current_price,updated_at) VALUES
	 ('000021',13272.00,'2025-09-21 23:14:23'),
	 ('000022',10.00,'2025-09-21 21:58:29'),
	 ('000023',25.00,'2025-09-21 23:14:22'),
	 ('000024',10.00,'2025-09-21 22:01:57'),
	 ('000025',66.00,'2025-09-21 23:14:23'),
	 ('000026',32.00,'2025-09-21 23:14:23'),
	 ('000027',2009.00,'2025-09-21 23:14:23'),
	 ('000028',284.00,'2025-09-21 23:14:22'),
	 ('000029',56.00,'2025-09-21 23:14:23'),
	 ('000030',43.00,'2025-09-21 23:14:22');
INSERT INTO kpsdb.stock_current_price (stock_code,current_price,updated_at) VALUES
	 ('000031',5797.00,'2025-09-21 23:14:23'),
	 ('000032',405208.00,'2025-09-21 23:14:23'),
	 ('000033',10.00,'2025-09-20 22:19:24'),
	 ('000034',11457.00,'2025-09-21 23:14:23'),
	 ('000035',10.00,'2025-09-20 21:49:39'),
	 ('000036',10.00,'2025-09-20 22:09:25'),
	 ('000037',1384.00,'2025-09-21 23:14:23'),
	 ('000038',10.00,'2025-09-20 21:55:16'),
	 ('000039',55003.00,'2025-09-21 23:14:23'),
	 ('000040',62898.00,'2025-09-21 23:14:23');
INSERT INTO kpsdb.stock_current_price (stock_code,current_price,updated_at) VALUES
	 ('000041',10.00,'2025-09-20 22:28:44'),
	 ('000042',39.00,'2025-09-21 23:14:23'),
	 ('000043',10.00,'2025-09-21 21:58:39'),
	 ('000044',10.00,'2025-09-20 22:13:42'),
	 ('000045',10.00,'2025-09-21 22:50:11'),
	 ('000046',10.00,'2025-09-21 22:56:55'),
	 ('000047',10.00,'2025-09-20 22:44:52'),
	 ('000048',10.00,'2025-09-20 22:17:13'),
	 ('000049',43.00,'2025-09-21 23:14:23'),
	 ('000050',10.00,'2025-09-21 22:42:41');
INSERT INTO kpsdb.stock_current_price (stock_code,current_price,updated_at) VALUES
	 ('000051',10.00,'2025-09-21 21:41:58'),
	 ('000052',10.00,'2025-09-21 22:12:56'),
	 ('000053',10.00,'2025-09-20 22:48:42'),
	 ('000054',10.00,'2025-09-21 22:53:53'),
	 ('000055',10.00,'2025-09-20 21:29:43'),
	 ('000056',10.00,'2025-09-21 22:29:30'),
	 ('000057',10.00,'2025-09-20 21:49:26'),
	 ('000058',675.00,'2025-09-21 23:14:23'),
	 ('000059',10.00,'2025-09-20 21:22:25'),
	 ('000060',10.00,'2025-09-20 21:35:39');
INSERT INTO kpsdb.stock_current_price (stock_code,current_price,updated_at) VALUES
	 ('000061',111715.00,'2025-09-21 23:14:23'),
	 ('000062',83.00,'2025-09-21 23:14:22'),
	 ('000063',260.00,'2025-09-21 23:14:23'),
	 ('000064',10.00,'2025-09-21 21:29:12'),
	 ('000065',385.00,'2025-09-21 23:14:23'),
	 ('000066',10.00,'2025-09-21 22:03:28'),
	 ('000067',10.00,'2025-09-21 22:16:33'),
	 ('000068',10.00,'2025-09-20 22:46:53'),
	 ('000069',10.00,'2025-09-20 22:28:31'),
	 ('000070',10.00,'2025-09-21 23:08:41');
INSERT INTO kpsdb.stock_current_price (stock_code,current_price,updated_at) VALUES
	 ('000071',10.00,'2025-09-21 23:05:41'),
	 ('000072',165.00,'2025-09-21 23:14:23'),
	 ('000073',10.00,'2025-09-21 22:39:43'),
	 ('000074',111.00,'2025-09-21 23:14:23'),
	 ('000075',65.00,'2025-09-21 23:14:23'),
	 ('000076',62.00,'2025-09-21 23:14:23'),
	 ('000077',110.00,'2025-09-21 23:14:23'),
	 ('000078',726.00,'2025-09-21 23:14:23'),
	 ('000079',10.00,'2025-09-21 22:33:24'),
	 ('000080',42.00,'2025-09-21 23:14:23');
INSERT INTO kpsdb.stock_current_price (stock_code,current_price,updated_at) VALUES
	 ('000081',149256.00,'2025-09-21 23:14:23'),
	 ('000082',22.00,'2025-09-21 23:14:19'),
	 ('000083',470.00,'2025-09-21 23:14:23'),
	 ('000084',343.00,'2025-09-21 23:14:23'),
	 ('000085',10.00,'2025-09-21 22:57:14'),
	 ('000086',74.00,'2025-09-21 23:14:23'),
	 ('000087',55.00,'2025-09-21 23:14:22'),
	 ('000088',10.00,'2025-09-21 22:52:21'),
	 ('000089',10.00,'2025-09-20 22:21:49'),
	 ('000090',10.00,'2025-09-21 22:32:35');
INSERT INTO kpsdb.stock_current_price (stock_code,current_price,updated_at) VALUES
	 ('000091',92.00,'2025-09-21 23:14:23'),
	 ('000092',10.00,'2025-09-20 22:25:31'),
	 ('000093',3420.00,'2025-09-21 23:14:23'),
	 ('000094',43.00,'2025-09-21 23:14:23'),
	 ('000095',10.00,'2025-09-20 22:49:39'),
	 ('000096',1164.00,'2025-09-21 23:14:23'),
	 ('000097',2321.00,'2025-09-21 23:14:23'),
	 ('000098',10.00,'2025-09-21 22:08:43'),
	 ('000099',71.00,'2025-09-21 23:14:23'),
	 ('000100',10.00,'2025-09-20 21:28:24');
INSERT INTO kpsdb.stock_current_price (stock_code,current_price,updated_at) VALUES
	 ('000101',10.00,'2025-09-21 21:46:47'),
	 ('000102',10.00,'2025-09-20 22:48:38'),
	 ('000103',1390.00,'2025-09-21 23:14:23'),
	 ('000104',2766.00,'2025-09-21 23:14:23'),
	 ('000105',10.00,'2025-09-20 21:20:49'),
	 ('000106',10.00,'2025-09-21 22:03:15'),
	 ('000107',94295.00,'2025-09-21 23:14:23'),
	 ('000108',109.00,'2025-09-21 23:14:23'),
	 ('000109',126.00,'2025-09-21 23:14:23'),
	 ('000110',19380.00,'2025-09-21 23:14:23');
INSERT INTO kpsdb.stock_current_price (stock_code,current_price,updated_at) VALUES
	 ('000111',10.00,'2025-09-21 22:44:13'),
	 ('000112',10.00,'2025-09-21 22:43:35'),
	 ('000113',3469524.00,'2025-09-21 23:14:23'),
	 ('000114',10.00,'2025-09-20 22:37:57'),
	 ('000115',10.00,'2025-09-21 22:26:39'),
	 ('000116',10.00,'2025-09-20 20:56:22'),
	 ('000117',10.00,'2025-09-20 22:01:14'),
	 ('000118',10.00,'2025-09-21 23:08:35'),
	 ('000119',1549.00,'2025-09-21 23:14:23'),
	 ('000120',7720783.00,'2025-09-21 23:14:23');
INSERT INTO kpsdb.stock_current_price (stock_code,current_price,updated_at) VALUES
	 ('000121',10.00,'2025-09-20 20:41:18'),
	 ('000122',10.00,'2025-09-20 21:30:33'),
	 ('000123',10.00,'2025-09-20 22:17:38'),
	 ('000124',10.00,'2025-09-21 21:32:23'),
	 ('000125',1363.00,'2025-09-21 23:14:23'),
	 ('000126',88.00,'2025-09-21 23:14:22'),
	 ('000127',10.00,'2025-09-21 22:27:02'),
	 ('000128',57661.00,'2025-09-21 23:14:23'),
	 ('000129',10.00,'2025-09-21 22:49:18'),
	 ('000130',34748.00,'2025-09-21 23:14:23');
INSERT INTO kpsdb.stock_current_price (stock_code,current_price,updated_at) VALUES
	 ('000131',35.00,'2025-09-21 23:14:23'),
	 ('000132',10.00,'2025-09-21 21:49:38'),
	 ('000133',10.00,'2025-09-21 23:01:21'),
	 ('000134',194.00,'2025-09-21 23:14:22'),
	 ('000135',10.00,'2025-09-21 22:52:31'),
	 ('000136',10.00,'2025-09-21 22:19:55'),
	 ('000137',10.00,'2025-09-21 22:09:06'),
	 ('000138',10.00,'2025-09-20 22:23:00'),
	 ('000139',40.00,'2025-09-21 23:14:23'),
	 ('000140',62.00,'2025-09-21 23:14:23');
INSERT INTO kpsdb.stock_current_price (stock_code,current_price,updated_at) VALUES
	 ('000141',421.00,'2025-09-21 23:14:23'),
	 ('000142',853.00,'2025-09-21 23:14:23'),
	 ('000143',10.00,'2025-09-21 21:59:32'),
	 ('000144',10.00,'2025-09-21 21:44:35'),
	 ('000145',10.00,'2025-09-21 22:27:01'),
	 ('000146',935.00,'2025-09-21 23:14:23'),
	 ('000147',10.00,'2025-09-21 22:57:43'),
	 ('000148',10.00,'2025-09-21 21:58:09'),
	 ('000149',123.00,'2025-09-21 23:14:23'),
	 ('000150',73651.00,'2025-09-21 23:14:23');
INSERT INTO kpsdb.stock_current_price (stock_code,current_price,updated_at) VALUES
	 ('000151',10.00,'2025-09-21 22:47:01'),
	 ('000152',10.00,'2025-09-20 21:45:53'),
	 ('000153',1314615.00,'2025-09-21 23:14:23'),
	 ('000154',10.00,'2025-09-20 22:18:49'),
	 ('000155',61.00,'2025-09-21 23:14:21'),
	 ('000156',10.00,'2025-09-20 22:51:28'),
	 ('000157',128.00,'2025-09-21 23:14:23'),
	 ('000158',139382.00,'2025-09-21 23:14:23'),
	 ('000159',10.00,'2025-09-20 21:27:13'),
	 ('000160',25.00,'2025-09-21 23:14:23');
INSERT INTO kpsdb.stock_current_price (stock_code,current_price,updated_at) VALUES
	 ('000161',10.00,'2025-09-20 22:30:40'),
	 ('000162',10.00,'2025-09-21 22:31:05'),
	 ('000163',10.00,'2025-09-21 21:54:18'),
	 ('000164',5855.00,'2025-09-21 23:14:23'),
	 ('000165',10.00,'2025-09-20 21:55:00'),
	 ('000166',122320.00,'2025-09-21 23:14:23'),
	 ('000167',2115.00,'2025-09-21 23:14:23'),
	 ('000168',8589.00,'2025-09-21 23:14:23'),
	 ('000169',10.00,'2025-09-20 21:30:20'),
	 ('000170',10.00,'2025-09-20 22:17:53');
INSERT INTO kpsdb.stock_current_price (stock_code,current_price,updated_at) VALUES
	 ('000171',10.00,'2025-09-21 21:53:38'),
	 ('000172',76.00,'2025-09-21 23:14:23'),
	 ('000173',10.00,'2025-09-20 21:39:00'),
	 ('000174',380.00,'2025-09-21 23:14:23'),
	 ('000175',10.00,'2025-09-21 22:09:04'),
	 ('000176',10.00,'2025-09-21 22:25:18'),
	 ('000177',10.00,'2025-09-21 22:27:46'),
	 ('000178',359.00,'2025-09-21 23:14:23'),
	 ('000179',118.00,'2025-09-21 23:14:23'),
	 ('000180',4508.00,'2025-09-21 23:14:23');
INSERT INTO kpsdb.stock_current_price (stock_code,current_price,updated_at) VALUES
	 ('000181',319.00,'2025-09-21 23:14:23'),
	 ('000182',3352.00,'2025-09-21 23:14:23'),
	 ('000183',10.00,'2025-09-20 22:24:31'),
	 ('000184',4937.00,'2025-09-21 23:14:23'),
	 ('000185',10.00,'2025-09-20 22:19:20'),
	 ('000186',10.00,'2025-09-21 22:33:39'),
	 ('000187',206.00,'2025-09-21 23:14:23'),
	 ('000188',10.00,'2025-09-21 22:02:08'),
	 ('000189',10.00,'2025-09-20 22:21:21'),
	 ('000190',10.00,'2025-09-20 22:46:34');
INSERT INTO kpsdb.stock_current_price (stock_code,current_price,updated_at) VALUES
	 ('000191',111614.00,'2025-09-21 23:14:23'),
	 ('000192',10.00,'2025-09-21 22:35:37'),
	 ('000193',26.00,'2025-09-21 23:14:23'),
	 ('000194',10.00,'2025-09-21 22:47:11'),
	 ('000195',10.00,'2025-09-20 21:54:37'),
	 ('000196',115.00,'2025-09-21 23:14:23'),
	 ('000197',179.00,'2025-09-21 23:14:23'),
	 ('000198',10.00,'2025-09-20 21:43:13'),
	 ('000199',373.00,'2025-09-21 23:14:23'),
	 ('000200',2118.00,'2025-09-21 23:14:23');
INSERT INTO kpsdb.stock_current_price (stock_code,current_price,updated_at) VALUES
	 ('000201',18712.00,'2025-09-21 23:14:23'),
	 ('000202',10.00,'2025-09-21 22:37:11'),
	 ('000203',423759.00,'2025-09-21 23:14:23'),
	 ('000204',25927.00,'2025-09-21 23:14:23'),
	 ('000205',10.00,'2025-09-20 21:35:06'),
	 ('000206',29.00,'2025-09-21 23:14:22'),
	 ('000207',1596.00,'2025-09-21 23:14:23'),
	 ('000208',195.00,'2025-09-21 23:14:23'),
	 ('000209',9360.00,'2025-09-21 23:14:23'),
	 ('000210',193.00,'2025-09-21 23:14:23');
INSERT INTO kpsdb.stock_current_price (stock_code,current_price,updated_at) VALUES
	 ('000211',176.00,'2025-09-21 23:14:23'),
	 ('000212',10.00,'2025-09-21 22:03:42'),
	 ('000213',10.00,'2025-09-20 22:38:21'),
	 ('000214',10.00,'2025-09-21 22:51:04'),
	 ('000215',4971.00,'2025-09-21 23:14:23'),
	 ('000216',1115.00,'2025-09-21 23:14:23'),
	 ('000217',3015.00,'2025-09-21 23:14:23'),
	 ('000218',10.00,'2025-09-20 22:41:18'),
	 ('000219',10.00,'2025-09-21 23:02:45'),
	 ('000220',939.00,'2025-09-21 23:14:23');
INSERT INTO kpsdb.stock_current_price (stock_code,current_price,updated_at) VALUES
	 ('000221',10.00,'2025-09-21 21:27:25'),
	 ('000222',10.00,'2025-09-20 22:26:00'),
	 ('000223',10.00,'2025-09-21 22:21:18'),
	 ('000224',10.00,'2025-09-21 22:28:06'),
	 ('000225',2117.00,'2025-09-21 23:14:23'),
	 ('000226',14051.00,'2025-09-21 23:14:23'),
	 ('000227',10.00,'2025-09-20 22:01:16'),
	 ('000228',111356.00,'2025-09-21 23:14:23'),
	 ('000229',82.00,'2025-09-21 23:14:23'),
	 ('000230',10.00,'2025-09-21 23:10:55');
INSERT INTO kpsdb.stock_current_price (stock_code,current_price,updated_at) VALUES
	 ('000231',1982.00,'2025-09-21 23:14:23'),
	 ('000232',10.00,'2025-09-21 21:34:59'),
	 ('000233',198784.00,'2025-09-21 23:14:23'),
	 ('000234',67.00,'2025-09-21 23:14:23'),
	 ('000235',10.00,'2025-09-21 21:42:51'),
	 ('000236',393416.00,'2025-09-21 23:14:23'),
	 ('000237',284.00,'2025-09-21 23:14:23'),
	 ('000238',10.00,'2025-09-21 22:11:58'),
	 ('000239',10.00,'2025-09-20 21:21:50'),
	 ('000240',10.00,'2025-09-21 22:27:53');
INSERT INTO kpsdb.stock_current_price (stock_code,current_price,updated_at) VALUES
	 ('000241',10.00,'2025-09-21 21:47:38'),
	 ('000242',10.00,'2025-09-20 21:46:05'),
	 ('000243',20.00,'2025-09-21 23:14:22'),
	 ('000244',10.00,'2025-09-21 22:26:24'),
	 ('000245',10.00,'2025-09-21 22:41:35'),
	 ('000246',86291.00,'2025-09-21 23:14:23'),
	 ('000247',10.00,'2025-09-21 23:07:10'),
	 ('000248',331.00,'2025-09-21 23:14:23'),
	 ('000249',10.00,'2025-09-20 22:18:18'),
	 ('000250',10.00,'2025-09-21 22:47:00');
INSERT INTO kpsdb.stock_current_price (stock_code,current_price,updated_at) VALUES
	 ('000251',236.00,'2025-09-21 23:14:23'),
	 ('000252',10.00,'2025-09-20 20:59:17'),
	 ('000253',346.00,'2025-09-21 23:14:23'),
	 ('000254',511350.00,'2025-09-21 23:14:23'),
	 ('000255',10.00,'2025-09-21 21:39:37'),
	 ('000256',628.00,'2025-09-21 23:14:23'),
	 ('000257',211.00,'2025-09-21 23:14:23'),
	 ('000258',10.00,'2025-09-21 22:25:04'),
	 ('000259',46.00,'2025-09-21 23:14:23'),
	 ('000260',19408.00,'2025-09-21 23:14:23');
INSERT INTO kpsdb.stock_current_price (stock_code,current_price,updated_at) VALUES
	 ('000261',10.00,'2025-09-20 22:42:55'),
	 ('000262',9486.00,'2025-09-21 23:14:23'),
	 ('000263',10.00,'2025-09-21 21:38:00'),
	 ('000264',1205.00,'2025-09-21 23:14:23'),
	 ('000265',10.00,'2025-09-21 22:13:34'),
	 ('000266',1842.00,'2025-09-21 23:14:23'),
	 ('000267',400.00,'2025-09-21 23:14:23'),
	 ('000268',144.00,'2025-09-21 23:14:23'),
	 ('000269',10.00,'2025-09-20 22:22:16'),
	 ('000270',4311.00,'2025-09-21 23:14:23');
INSERT INTO kpsdb.stock_current_price (stock_code,current_price,updated_at) VALUES
	 ('000271',10.00,'2025-09-20 21:30:43'),
	 ('000272',10.00,'2025-09-21 22:21:02'),
	 ('000273',6459.00,'2025-09-21 23:14:23'),
	 ('000274',10.00,'2025-09-21 23:04:14'),
	 ('000275',10.00,'2025-09-21 22:28:27'),
	 ('000276',10.00,'2025-09-20 19:55:08'),
	 ('000277',10.00,'2025-09-21 23:06:04'),
	 ('000278',2083.00,'2025-09-21 23:14:23'),
	 ('000279',746918.00,'2025-09-21 23:14:23'),
	 ('000280',413.00,'2025-09-21 23:14:23');
INSERT INTO kpsdb.stock_current_price (stock_code,current_price,updated_at) VALUES
	 ('000281',10.00,'2025-09-20 22:38:11'),
	 ('000282',10.00,'2025-09-21 21:53:04'),
	 ('000283',10.00,'2025-09-20 22:02:43'),
	 ('000284',40.00,'2025-09-21 23:14:23'),
	 ('000285',10.00,'2025-09-21 22:29:11'),
	 ('000286',27.00,'2025-09-21 23:14:23'),
	 ('000287',10.00,'2025-09-21 23:03:30'),
	 ('000288',1363.00,'2025-09-21 23:14:23'),
	 ('000289',10.00,'2025-09-20 22:27:54'),
	 ('000290',10.00,'2025-09-21 22:21:17');
INSERT INTO kpsdb.stock_current_price (stock_code,current_price,updated_at) VALUES
	 ('000291',3484.00,'2025-09-21 23:14:23'),
	 ('000292',1668720.00,'2025-09-21 23:14:23'),
	 ('000293',10.00,'2025-09-21 22:33:17'),
	 ('000294',10.00,'2025-09-20 22:31:57'),
	 ('000295',7067.00,'2025-09-21 23:14:23'),
	 ('000296',10.00,'2025-09-21 22:45:07'),
	 ('000297',107.00,'2025-09-21 23:14:23'),
	 ('000298',30.00,'2025-09-21 23:14:23'),
	 ('000299',45537.00,'2025-09-21 23:14:23'),
	 ('000300',10.00,'2025-09-21 22:38:51');
INSERT INTO kpsdb.stock_current_price (stock_code,current_price,updated_at) VALUES
	 ('000301',10.00,'2025-09-21 21:30:30'),
	 ('000302',10.00,'2025-09-21 21:41:05'),
	 ('000303',4135.00,'2025-09-21 23:14:23'),
	 ('000304',472.00,'2025-09-21 23:14:23'),
	 ('000305',34838.00,'2025-09-21 23:14:23'),
	 ('000306',10.00,'2025-09-20 22:33:47'),
	 ('000307',10.00,'2025-09-21 22:05:38'),
	 ('000308',137.00,'2025-09-21 23:14:22'),
	 ('000309',10.00,'2025-09-20 22:47:03'),
	 ('000310',10.00,'2025-09-21 22:45:00');
INSERT INTO kpsdb.stock_current_price (stock_code,current_price,updated_at) VALUES
	 ('000311',5518.00,'2025-09-21 23:14:23'),
	 ('000312',173.00,'2025-09-21 23:14:23'),
	 ('000313',10.00,'2025-09-20 21:52:46'),
	 ('000314',72.00,'2025-09-21 23:14:23'),
	 ('000315',2545.00,'2025-09-21 23:14:23'),
	 ('000316',10.00,'2025-09-20 22:35:19'),
	 ('000317',10.00,'2025-09-20 22:26:25'),
	 ('000318',12.00,'2025-09-21 23:14:21'),
	 ('000319',10.00,'2025-09-21 22:39:34'),
	 ('000320',10.00,'2025-09-20 22:26:41');
INSERT INTO kpsdb.stock_current_price (stock_code,current_price,updated_at) VALUES
	 ('000321',10.00,'2025-09-20 22:31:32'),
	 ('000322',166.00,'2025-09-21 23:14:23'),
	 ('000323',10.00,'2025-09-21 23:01:25'),
	 ('000324',2357.00,'2025-09-21 23:14:23'),
	 ('000325',60.00,'2025-09-21 23:14:23'),
	 ('000326',10.00,'2025-09-20 22:26:21'),
	 ('000327',112.00,'2025-09-21 23:14:23'),
	 ('000328',149.00,'2025-09-21 23:14:23'),
	 ('000329',10.00,'2025-09-20 21:04:17'),
	 ('000330',5866.00,'2025-09-21 23:14:23');
INSERT INTO kpsdb.stock_current_price (stock_code,current_price,updated_at) VALUES
	 ('000331',10.00,'2025-09-20 22:16:41'),
	 ('000332',121.00,'2025-09-21 23:14:23'),
	 ('000333',10.00,'2025-09-21 22:09:49'),
	 ('000334',10.00,'2025-09-20 22:05:17'),
	 ('000335',5232.00,'2025-09-21 23:14:23'),
	 ('000336',1015.00,'2025-09-21 23:14:23'),
	 ('000337',10.00,'2025-09-20 21:31:52'),
	 ('000338',8313.00,'2025-09-21 23:14:23'),
	 ('000339',10.00,'2025-09-20 22:49:19'),
	 ('000340',92.00,'2025-09-21 23:14:23');
INSERT INTO kpsdb.stock_current_price (stock_code,current_price,updated_at) VALUES
	 ('000341',10673.00,'2025-09-21 23:14:23'),
	 ('000342',10.00,'2025-09-20 19:39:11'),
	 ('000343',1391.00,'2025-09-21 23:14:23'),
	 ('000344',353.00,'2025-09-21 23:14:23'),
	 ('000345',528.00,'2025-09-21 23:14:23'),
	 ('000346',29.00,'2025-09-21 23:14:23'),
	 ('000347',10.00,'2025-09-20 22:51:27'),
	 ('000348',3676.00,'2025-09-21 23:14:23'),
	 ('000349',2576.00,'2025-09-21 23:14:23'),
	 ('000350',79.00,'2025-09-21 23:14:23');
INSERT INTO kpsdb.stock_current_price (stock_code,current_price,updated_at) VALUES
	 ('000351',63.00,'2025-09-21 23:14:22'),
	 ('000352',20678.00,'2025-09-21 23:14:23'),
	 ('000353',102.00,'2025-09-21 23:14:23'),
	 ('000354',2479.00,'2025-09-21 23:14:23'),
	 ('000355',10.00,'2025-09-20 21:04:38'),
	 ('000356',5144.00,'2025-09-21 23:14:23'),
	 ('000357',22.00,'2025-09-21 23:14:21'),
	 ('000358',128.00,'2025-09-21 23:14:23'),
	 ('000359',476.00,'2025-09-21 23:14:23'),
	 ('000360',10.00,'2025-09-20 22:19:43');
INSERT INTO kpsdb.stock_current_price (stock_code,current_price,updated_at) VALUES
	 ('000361',80.00,'2025-09-21 23:14:23'),
	 ('000362',1300.00,'2025-09-21 23:14:23'),
	 ('000363',10.00,'2025-09-20 22:49:41'),
	 ('000364',10.00,'2025-09-21 21:29:48'),
	 ('000365',10.00,'2025-09-21 22:12:29'),
	 ('000366',10.00,'2025-09-21 21:37:43'),
	 ('000367',10.00,'2025-09-21 22:03:33'),
	 ('000368',8135.00,'2025-09-21 23:14:23'),
	 ('000369',10.00,'2025-09-20 21:57:43'),
	 ('000370',10.00,'2025-09-21 23:02:37');
INSERT INTO kpsdb.stock_current_price (stock_code,current_price,updated_at) VALUES
	 ('000371',202334.00,'2025-09-21 23:14:23'),
	 ('000372',10.00,'2025-09-20 22:18:59'),
	 ('000373',237.00,'2025-09-21 23:14:23'),
	 ('000374',10.00,'2025-09-21 22:48:51'),
	 ('000375',10.00,'2025-09-21 22:55:02'),
	 ('000376',10.00,'2025-09-21 21:55:17'),
	 ('000377',695.00,'2025-09-21 23:14:23'),
	 ('000378',10.00,'2025-09-20 21:36:13'),
	 ('000379',10.00,'2025-09-20 22:33:08'),
	 ('000380',10.00,'2025-09-20 21:27:31');
INSERT INTO kpsdb.stock_current_price (stock_code,current_price,updated_at) VALUES
	 ('000381',10.00,'2025-09-21 22:17:47'),
	 ('000382',814.00,'2025-09-21 23:14:23'),
	 ('000383',10.00,'2025-09-21 22:06:41'),
	 ('000384',1272.00,'2025-09-21 23:14:23'),
	 ('000385',1049.00,'2025-09-21 23:14:23'),
	 ('000386',49025.00,'2025-09-21 23:14:23'),
	 ('000387',10.00,'2025-09-20 21:54:29'),
	 ('000388',10.00,'2025-09-21 22:28:28'),
	 ('000389',10.00,'2025-09-21 21:46:35'),
	 ('000390',20.00,'2025-09-21 23:14:23');
INSERT INTO kpsdb.stock_current_price (stock_code,current_price,updated_at) VALUES
	 ('000391',291.00,'2025-09-21 23:14:23'),
	 ('000392',277.00,'2025-09-21 23:14:23'),
	 ('000393',35.00,'2025-09-21 23:14:23'),
	 ('000394',57.00,'2025-09-21 23:14:22'),
	 ('000395',10.00,'2025-09-21 21:59:34'),
	 ('000396',45315.00,'2025-09-21 23:14:23'),
	 ('000397',10.00,'2025-09-21 22:36:18'),
	 ('000398',10.00,'2025-09-21 22:41:34'),
	 ('000399',6655.00,'2025-09-21 23:14:23'),
	 ('000400',946.00,'2025-09-21 23:14:23');
INSERT INTO kpsdb.stock_current_price (stock_code,current_price,updated_at) VALUES
	 ('000401',121.00,'2025-09-21 23:14:23'),
	 ('000402',81.00,'2025-09-21 23:14:23'),
	 ('000403',19478.00,'2025-09-21 23:14:23'),
	 ('000404',222397.00,'2025-09-21 23:14:23'),
	 ('000405',7100.00,'2025-09-21 23:14:23'),
	 ('000406',266.00,'2025-09-21 23:14:23'),
	 ('000407',808676.00,'2025-09-21 23:14:23'),
	 ('000408',643.00,'2025-09-21 23:14:23'),
	 ('000409',10.00,'2025-09-20 22:12:04'),
	 ('000410',10.00,'2025-09-21 22:18:58');
INSERT INTO kpsdb.stock_current_price (stock_code,current_price,updated_at) VALUES
	 ('000411',359.00,'2025-09-21 23:14:23'),
	 ('000412',10.00,'2025-09-21 23:13:52'),
	 ('000413',10.00,'2025-09-21 22:03:44'),
	 ('000414',10.00,'2025-09-21 21:38:52'),
	 ('000415',1203.00,'2025-09-21 23:14:23'),
	 ('000416',252.00,'2025-09-21 23:14:23'),
	 ('000417',1909.00,'2025-09-21 23:14:23'),
	 ('000418',39.00,'2025-09-21 23:14:23'),
	 ('000419',1066.00,'2025-09-21 23:14:23'),
	 ('000420',10.00,'2025-09-21 22:11:40');
INSERT INTO kpsdb.stock_current_price (stock_code,current_price,updated_at) VALUES
	 ('000421',26.00,'2025-09-21 23:14:19'),
	 ('000422',954.00,'2025-09-21 23:14:23'),
	 ('000423',354.00,'2025-09-21 23:14:23'),
	 ('000424',10.00,'2025-09-20 22:00:16'),
	 ('000425',10.00,'2025-09-20 22:48:44'),
	 ('000426',10.00,'2025-09-21 22:54:02'),
	 ('000427',1813.00,'2025-09-21 23:14:23'),
	 ('000428',10.00,'2025-09-21 21:31:21'),
	 ('000429',2986.00,'2025-09-21 23:14:23'),
	 ('000430',217.00,'2025-09-21 23:14:23');
INSERT INTO kpsdb.stock_current_price (stock_code,current_price,updated_at) VALUES
	 ('000431',333.00,'2025-09-21 23:14:23'),
	 ('000432',33959.00,'2025-09-21 23:14:23'),
	 ('000433',10.00,'2025-09-21 21:43:24'),
	 ('000434',10.00,'2025-09-21 22:06:16'),
	 ('000435',10.00,'2025-09-20 21:14:01'),
	 ('000436',470.00,'2025-09-21 23:14:23'),
	 ('000437',10.00,'2025-09-21 22:22:21'),
	 ('000438',13052.00,'2025-09-21 23:14:23'),
	 ('000439',77510.00,'2025-09-21 23:14:23'),
	 ('000440',295.00,'2025-09-21 23:14:23');
INSERT INTO kpsdb.stock_current_price (stock_code,current_price,updated_at) VALUES
	 ('000441',1200.00,'2025-09-21 23:14:23'),
	 ('000442',5972.00,'2025-09-21 23:14:23'),
	 ('000443',883.00,'2025-09-21 23:14:23'),
	 ('000444',240.00,'2025-09-21 23:14:23'),
	 ('000445',10.00,'2025-09-21 21:56:21'),
	 ('000446',10.00,'2025-09-21 22:18:15'),
	 ('000447',686.00,'2025-09-21 23:14:23'),
	 ('000448',10.00,'2025-09-20 22:43:47'),
	 ('000449',611.00,'2025-09-21 23:14:22'),
	 ('000450',86.00,'2025-09-21 23:14:23');
INSERT INTO kpsdb.stock_current_price (stock_code,current_price,updated_at) VALUES
	 ('000451',10.00,'2025-09-21 21:41:23'),
	 ('000452',10.00,'2025-09-21 22:51:08'),
	 ('000453',10.00,'2025-09-21 00:21:03'),
	 ('000454',500128.00,'2025-09-21 23:14:23'),
	 ('000455',10.00,'2025-09-21 22:13:51'),
	 ('000456',10.00,'2025-09-21 23:05:55'),
	 ('000457',26719.00,'2025-09-21 23:14:23'),
	 ('000458',38.00,'2025-09-21 23:14:23'),
	 ('000459',10.00,'2025-09-20 21:25:29'),
	 ('000460',10.00,'2025-09-20 22:23:28');
INSERT INTO kpsdb.stock_current_price (stock_code,current_price,updated_at) VALUES
	 ('000461',10.00,'2025-09-21 22:26:06'),
	 ('000462',10.00,'2025-09-21 21:34:34'),
	 ('000463',1626.00,'2025-09-21 23:14:23'),
	 ('000464',20.00,'2025-09-21 23:14:19'),
	 ('000465',2279.00,'2025-09-21 23:14:23'),
	 ('000466',101.00,'2025-09-21 23:14:22'),
	 ('000467',40.00,'2025-09-21 23:14:23'),
	 ('000468',10.00,'2025-09-20 21:28:08'),
	 ('000469',10.00,'2025-09-20 22:51:40'),
	 ('000470',148.00,'2025-09-21 23:14:23');
INSERT INTO kpsdb.stock_current_price (stock_code,current_price,updated_at) VALUES
	 ('000471',10.00,'2025-09-21 23:11:47'),
	 ('000472',275.00,'2025-09-21 23:14:23'),
	 ('000473',1017.00,'2025-09-21 23:14:23'),
	 ('000474',10.00,'2025-09-20 22:44:07'),
	 ('000475',936.00,'2025-09-21 23:14:23'),
	 ('000476',900.00,'2025-09-21 23:14:23'),
	 ('000477',22.00,'2025-09-21 23:14:23'),
	 ('000478',149.00,'2025-09-21 23:14:23'),
	 ('000479',10.00,'2025-09-20 21:35:31'),
	 ('000480',10.00,'2025-09-21 22:52:12');
INSERT INTO kpsdb.stock_current_price (stock_code,current_price,updated_at) VALUES
	 ('000481',16676.00,'2025-09-21 23:14:23'),
	 ('000482',10.00,'2025-09-20 22:11:21'),
	 ('000483',29.00,'2025-09-21 23:14:23'),
	 ('000484',2668.00,'2025-09-21 23:14:23'),
	 ('000485',10299.00,'2025-09-21 23:14:23'),
	 ('000486',10.00,'2025-09-21 22:21:45'),
	 ('000487',3478.00,'2025-09-21 23:14:23'),
	 ('000488',10.00,'2025-09-21 22:39:20'),
	 ('000489',10.00,'2025-09-21 22:02:01'),
	 ('000490',64.00,'2025-09-21 23:14:23');
INSERT INTO kpsdb.stock_current_price (stock_code,current_price,updated_at) VALUES
	 ('000491',10.00,'2025-09-21 23:01:51'),
	 ('000492',10.00,'2025-09-21 21:30:14'),
	 ('000493',10.00,'2025-09-20 22:24:09'),
	 ('000494',10.00,'2025-09-20 22:18:50'),
	 ('000495',35159.00,'2025-09-21 23:14:23'),
	 ('000496',841.00,'2025-09-21 23:14:23'),
	 ('000497',10.00,'2025-09-20 21:52:56'),
	 ('000498',125.00,'2025-09-21 23:14:23'),
	 ('000499',10.00,'2025-09-21 21:36:18'),
	 ('000500',65.00,'2025-09-21 23:14:23');
INSERT INTO kpsdb.stock_current_price (stock_code,current_price,updated_at) VALUES
	 ('000501',26.00,'2025-09-21 23:14:23'),
	 ('000502',639.00,'2025-09-21 23:14:23'),
	 ('000503',27864.00,'2025-09-21 23:14:23'),
	 ('000504',10.00,'2025-09-21 22:04:52'),
	 ('000505',55.00,'2025-09-21 23:14:23'),
	 ('000506',10.00,'2025-09-20 21:45:31'),
	 ('000507',16057.00,'2025-09-21 23:14:23'),
	 ('000508',10.00,'2025-09-21 22:00:52'),
	 ('000509',256.00,'2025-09-21 23:14:23'),
	 ('000510',10.00,'2025-09-20 22:12:43');
INSERT INTO kpsdb.stock_current_price (stock_code,current_price,updated_at) VALUES
	 ('000511',10.00,'2025-09-20 22:34:10'),
	 ('000512',10.00,'2025-09-21 21:31:40'),
	 ('000513',10.00,'2025-09-20 20:38:09'),
	 ('000514',660296.00,'2025-09-21 23:14:23'),
	 ('000515',3032.00,'2025-09-21 23:14:23'),
	 ('000516',49.00,'2025-09-21 23:14:23'),
	 ('000517',71.00,'2025-09-21 23:14:23'),
	 ('000518',32.00,'2025-09-21 23:14:22'),
	 ('000519',9158.00,'2025-09-21 23:14:23'),
	 ('000520',10.00,'2025-09-20 20:00:01');
INSERT INTO kpsdb.stock_current_price (stock_code,current_price,updated_at) VALUES
	 ('000521',10.00,'2025-09-21 21:59:42'),
	 ('000522',10.00,'2025-09-21 22:20:11'),
	 ('000523',10.00,'2025-09-20 22:37:16'),
	 ('000524',10.00,'2025-09-20 20:59:42'),
	 ('000525',10.00,'2025-09-21 23:03:47'),
	 ('000526',141.00,'2025-09-21 23:14:22'),
	 ('000527',48.00,'2025-09-21 23:14:23'),
	 ('000528',246613.00,'2025-09-21 23:14:23'),
	 ('000529',8658.00,'2025-09-21 23:14:23'),
	 ('000530',1675.00,'2025-09-21 23:14:23');
INSERT INTO kpsdb.stock_current_price (stock_code,current_price,updated_at) VALUES
	 ('000531',16471633.00,'2025-09-21 23:14:23'),
	 ('000532',10.00,'2025-09-21 22:38:53'),
	 ('000533',534.00,'2025-09-21 23:14:23'),
	 ('000534',26750.00,'2025-09-21 23:14:23'),
	 ('000535',418.00,'2025-09-21 23:14:23'),
	 ('000536',9529.00,'2025-09-21 23:14:23'),
	 ('000537',10.00,'2025-09-21 21:29:20'),
	 ('000538',2707.00,'2025-09-21 23:14:23'),
	 ('000539',10.00,'2025-09-21 22:00:47'),
	 ('000540',17893.00,'2025-09-21 23:14:23');
INSERT INTO kpsdb.stock_current_price (stock_code,current_price,updated_at) VALUES
	 ('000541',155.00,'2025-09-21 23:14:23'),
	 ('000542',10.00,'2025-09-20 22:13:19'),
	 ('000543',377.00,'2025-09-21 23:14:23'),
	 ('000544',23.00,'2025-09-21 23:14:23'),
	 ('000545',10.00,'2025-09-20 22:10:03'),
	 ('000546',10.00,'2025-09-21 22:23:54'),
	 ('000547',86.00,'2025-09-21 23:14:23'),
	 ('000548',10.00,'2025-09-20 22:32:22'),
	 ('000549',10.00,'2025-09-20 21:08:11'),
	 ('000550',10.00,'2025-09-21 22:44:51');
INSERT INTO kpsdb.stock_current_price (stock_code,current_price,updated_at) VALUES
	 ('000551',315.00,'2025-09-21 23:14:23'),
	 ('000552',10.00,'2025-09-21 22:01:43'),
	 ('000553',340.00,'2025-09-21 23:14:23'),
	 ('000554',87.00,'2025-09-21 23:14:23'),
	 ('000555',150.00,'2025-09-21 23:14:23'),
	 ('000556',10.00,'2025-09-20 21:48:49'),
	 ('000557',10.00,'2025-09-20 22:02:48'),
	 ('000558',10.00,'2025-09-20 21:53:20'),
	 ('000559',10.00,'2025-09-21 23:04:41'),
	 ('000560',10.00,'2025-09-20 22:34:28');
INSERT INTO kpsdb.stock_current_price (stock_code,current_price,updated_at) VALUES
	 ('000561',34.00,'2025-09-21 23:14:22'),
	 ('000562',10.00,'2025-09-21 21:50:46'),
	 ('000563',10.00,'2025-09-21 22:19:34'),
	 ('000564',10.00,'2025-09-21 21:29:53'),
	 ('000565',23247.00,'2025-09-21 23:14:23'),
	 ('000566',10.00,'2025-09-20 21:06:39'),
	 ('000567',100.00,'2025-09-21 23:14:22'),
	 ('000568',19990649.00,'2025-09-21 23:14:23'),
	 ('000569',10.00,'2025-09-21 22:01:40'),
	 ('000570',10.00,'2025-09-21 22:33:59');
INSERT INTO kpsdb.stock_current_price (stock_code,current_price,updated_at) VALUES
	 ('000571',30.00,'2025-09-21 23:14:23'),
	 ('000572',10.00,'2025-09-20 21:59:43'),
	 ('000573',10.00,'2025-09-21 23:01:31'),
	 ('000574',39.00,'2025-09-21 23:14:23'),
	 ('000575',10.00,'2025-09-21 22:08:31'),
	 ('000576',60868.00,'2025-09-21 23:14:23'),
	 ('000577',60.00,'2025-09-21 23:14:23'),
	 ('000578',3822.00,'2025-09-21 23:14:23'),
	 ('000579',42.00,'2025-09-21 23:14:23'),
	 ('000580',24254.00,'2025-09-21 23:14:23');
INSERT INTO kpsdb.stock_current_price (stock_code,current_price,updated_at) VALUES
	 ('000581',10.00,'2025-09-20 21:58:24'),
	 ('000582',10.00,'2025-09-21 21:34:27'),
	 ('000583',265.00,'2025-09-21 23:14:23'),
	 ('000584',10.00,'2025-09-20 21:30:37'),
	 ('000585',68.00,'2025-09-21 23:14:22'),
	 ('000586',10.00,'2025-09-21 22:25:22'),
	 ('000587',28.00,'2025-09-21 23:14:23'),
	 ('000588',2517.00,'2025-09-21 23:14:23'),
	 ('000589',10.00,'2025-09-21 23:01:21'),
	 ('000590',471.00,'2025-09-21 23:14:23');
INSERT INTO kpsdb.stock_current_price (stock_code,current_price,updated_at) VALUES
	 ('000591',1351.00,'2025-09-21 23:14:23'),
	 ('000592',191.00,'2025-09-21 23:14:23'),
	 ('000593',137.00,'2025-09-21 23:14:23'),
	 ('000594',10.00,'2025-09-21 22:49:00'),
	 ('000595',10.00,'2025-09-21 21:59:27'),
	 ('000596',10.00,'2025-09-21 22:00:59'),
	 ('000597',181.00,'2025-09-21 23:14:23'),
	 ('000598',10.00,'2025-09-20 21:21:59'),
	 ('000599',2629.00,'2025-09-21 23:14:23'),
	 ('000600',10.00,'2025-09-20 21:29:48');
INSERT INTO kpsdb.stock_current_price (stock_code,current_price,updated_at) VALUES
	 ('000601',2289.00,'2025-09-21 23:14:23'),
	 ('000602',10.00,'2025-09-20 20:40:21'),
	 ('000603',765.00,'2025-09-21 23:14:23'),
	 ('000604',215.00,'2025-09-21 23:14:23'),
	 ('000605',41.00,'2025-09-21 23:14:23'),
	 ('000606',725.00,'2025-09-21 23:14:23'),
	 ('000607',10.00,'2025-09-20 22:47:39'),
	 ('000608',10.00,'2025-09-21 22:49:46'),
	 ('000609',47.00,'2025-09-21 23:14:23'),
	 ('000610',3195.00,'2025-09-21 23:14:23');
INSERT INTO kpsdb.stock_current_price (stock_code,current_price,updated_at) VALUES
	 ('000611',192763.00,'2025-09-21 23:14:23'),
	 ('000612',1320.00,'2025-09-21 23:14:23'),
	 ('000613',10.00,'2025-09-20 22:39:58'),
	 ('000614',10.00,'2025-09-20 21:40:28'),
	 ('000615',635.00,'2025-09-21 23:14:23'),
	 ('000616',50304.00,'2025-09-21 23:14:23'),
	 ('000617',140.00,'2025-09-21 23:14:23'),
	 ('000618',1832.00,'2025-09-21 23:14:23'),
	 ('000619',10.00,'2025-09-20 20:55:12'),
	 ('000620',65.00,'2025-09-21 23:14:23');
INSERT INTO kpsdb.stock_current_price (stock_code,current_price,updated_at) VALUES
	 ('000621',10.00,'2025-09-20 22:04:57'),
	 ('000622',85.00,'2025-09-21 23:14:23'),
	 ('000623',12592.00,'2025-09-21 23:14:23'),
	 ('000624',10.00,'2025-09-20 21:55:38'),
	 ('000625',31883.00,'2025-09-21 23:14:23'),
	 ('000626',10.00,'2025-09-21 22:02:19'),
	 ('000627',124.00,'2025-09-21 23:14:23'),
	 ('000628',10.00,'2025-09-20 21:35:31'),
	 ('000629',10.00,'2025-09-21 21:57:22'),
	 ('000630',10.00,'2025-09-20 22:02:25');
INSERT INTO kpsdb.stock_current_price (stock_code,current_price,updated_at) VALUES
	 ('000631',10.00,'2025-09-21 23:06:53'),
	 ('000632',352.00,'2025-09-21 23:14:23'),
	 ('000633',20392.00,'2025-09-21 23:14:23'),
	 ('000634',325.00,'2025-09-21 23:14:23'),
	 ('000635',10.00,'2025-09-21 23:13:37'),
	 ('000636',10.00,'2025-09-21 22:14:17'),
	 ('000637',2024.00,'2025-09-21 23:14:23'),
	 ('000638',161.00,'2025-09-21 23:14:23'),
	 ('000639',10.00,'2025-09-20 20:36:26'),
	 ('000640',10.00,'2025-09-21 22:26:55');
INSERT INTO kpsdb.stock_current_price (stock_code,current_price,updated_at) VALUES
	 ('000641',16099.00,'2025-09-21 23:14:23'),
	 ('000642',114.00,'2025-09-21 23:14:23'),
	 ('000643',10.00,'2025-09-21 21:39:41'),
	 ('000644',10.00,'2025-09-20 21:42:48'),
	 ('000645',178.00,'2025-09-21 23:14:23'),
	 ('000646',10.00,'2025-09-20 22:04:10'),
	 ('000647',10.00,'2025-09-20 22:34:42'),
	 ('000648',10.00,'2025-09-20 22:35:44'),
	 ('000649',203.00,'2025-09-21 23:14:23'),
	 ('000650',10.00,'2025-09-21 21:59:06');
INSERT INTO kpsdb.stock_current_price (stock_code,current_price,updated_at) VALUES
	 ('000651',576.00,'2025-09-21 23:14:23'),
	 ('000652',133.00,'2025-09-21 23:14:23'),
	 ('000653',1594.00,'2025-09-21 23:14:22'),
	 ('000654',516.00,'2025-09-21 23:14:23'),
	 ('000655',10.00,'2025-09-21 22:36:23'),
	 ('000656',44.00,'2025-09-21 23:14:23'),
	 ('000657',96.00,'2025-09-21 23:14:23'),
	 ('000658',37.00,'2025-09-21 23:14:23'),
	 ('000659',795.00,'2025-09-21 23:14:23'),
	 ('000660',128.00,'2025-09-21 23:14:23');
INSERT INTO kpsdb.stock_current_price (stock_code,current_price,updated_at) VALUES
	 ('000661',315.00,'2025-09-21 23:14:23'),
	 ('000662',1181.00,'2025-09-21 23:14:23'),
	 ('000663',10.00,'2025-09-20 21:33:55'),
	 ('000664',5759.00,'2025-09-21 23:14:23'),
	 ('000665',10.00,'2025-09-21 22:22:40'),
	 ('000666',10.00,'2025-09-21 22:00:17'),
	 ('000667',326.00,'2025-09-21 23:14:23'),
	 ('000668',70.00,'2025-09-21 23:14:23'),
	 ('000669',5574.00,'2025-09-21 23:14:23'),
	 ('000670',10.00,'2025-09-20 22:17:36');
INSERT INTO kpsdb.stock_current_price (stock_code,current_price,updated_at) VALUES
	 ('000671',405.00,'2025-09-21 23:14:23'),
	 ('000672',20.00,'2025-09-21 23:14:21'),
	 ('000673',114.00,'2025-09-21 23:14:22'),
	 ('000674',907.00,'2025-09-21 23:14:23'),
	 ('000675',129.00,'2025-09-21 23:14:23'),
	 ('000676',32255.00,'2025-09-21 23:14:23'),
	 ('000677',10.00,'2025-09-21 21:53:06'),
	 ('000678',10.00,'2025-09-21 22:25:27'),
	 ('000679',107201.00,'2025-09-21 23:14:23'),
	 ('000680',514.00,'2025-09-21 23:14:23');
INSERT INTO kpsdb.stock_current_price (stock_code,current_price,updated_at) VALUES
	 ('000681',10.00,'2025-09-20 20:29:25'),
	 ('000682',10.00,'2025-09-21 21:48:38'),
	 ('000683',10.00,'2025-09-20 20:57:55'),
	 ('000684',10.00,'2025-09-21 22:08:16'),
	 ('000685',15732.00,'2025-09-21 23:14:23'),
	 ('000686',138.00,'2025-09-21 23:14:23'),
	 ('000687',38.00,'2025-09-21 23:14:22'),
	 ('000688',265.00,'2025-09-21 23:14:23'),
	 ('000689',10.00,'2025-09-20 20:55:35'),
	 ('000690',10.00,'2025-09-21 22:27:52');
INSERT INTO kpsdb.stock_current_price (stock_code,current_price,updated_at) VALUES
	 ('000691',158.00,'2025-09-21 23:14:23'),
	 ('000692',10.00,'2025-09-20 22:20:56'),
	 ('000693',165.00,'2025-09-21 23:14:23'),
	 ('000694',528.00,'2025-09-21 23:14:23'),
	 ('000695',10.00,'2025-09-20 22:44:17'),
	 ('000696',21097.00,'2025-09-21 23:14:23'),
	 ('000697',10.00,'2025-09-20 21:23:45'),
	 ('000698',10.00,'2025-09-20 20:48:40'),
	 ('000699',10.00,'2025-09-20 22:03:37'),
	 ('000700',10.00,'2025-09-20 22:39:21');
INSERT INTO kpsdb.stock_current_price (stock_code,current_price,updated_at) VALUES
	 ('000701',2666.00,'2025-09-21 23:14:23'),
	 ('000702',10.00,'2025-09-20 22:19:52'),
	 ('000703',10.00,'2025-09-21 21:26:29'),
	 ('000704',394.00,'2025-09-21 23:14:22'),
	 ('000705',10.00,'2025-09-21 23:02:39'),
	 ('000706',10.00,'2025-09-20 22:18:16'),
	 ('000707',5597.00,'2025-09-21 23:14:23'),
	 ('000708',10.00,'2025-09-21 23:04:55'),
	 ('000709',482114.00,'2025-09-21 23:14:23'),
	 ('000710',4438.00,'2025-09-21 23:14:23');
INSERT INTO kpsdb.stock_current_price (stock_code,current_price,updated_at) VALUES
	 ('000711',10.00,'2025-09-21 22:31:11'),
	 ('000712',10.00,'2025-09-21 22:02:57'),
	 ('000713',21012.00,'2025-09-21 23:14:23'),
	 ('000714',130.00,'2025-09-21 23:14:23'),
	 ('000715',4302.00,'2025-09-21 23:14:23'),
	 ('000716',10.00,'2025-09-21 22:29:14'),
	 ('000717',1117.00,'2025-09-21 23:14:23'),
	 ('000718',10.00,'2025-09-20 22:24:44'),
	 ('000719',302.00,'2025-09-21 23:14:23'),
	 ('000720',14.00,'2025-09-21 23:14:20');
INSERT INTO kpsdb.stock_current_price (stock_code,current_price,updated_at) VALUES
	 ('000721',10.00,'2025-09-21 22:30:44'),
	 ('000722',10.00,'2025-09-20 22:02:08'),
	 ('000723',10.00,'2025-09-20 22:50:35'),
	 ('000724',14611.00,'2025-09-21 23:14:23'),
	 ('000725',10.00,'2025-09-20 22:03:52'),
	 ('000726',10.00,'2025-09-21 22:22:45'),
	 ('000727',765288.00,'2025-09-21 23:14:23'),
	 ('000728',10.00,'2025-09-20 20:52:27'),
	 ('000729',10.00,'2025-09-21 00:20:41'),
	 ('000730',700.00,'2025-09-21 23:14:23');
INSERT INTO kpsdb.stock_current_price (stock_code,current_price,updated_at) VALUES
	 ('000731',10.00,'2025-09-21 22:56:27'),
	 ('000732',87.00,'2025-09-21 23:14:22'),
	 ('000733',10.00,'2025-09-21 22:33:32'),
	 ('000734',10.00,'2025-09-20 22:42:12'),
	 ('000735',10.00,'2025-09-21 22:29:42'),
	 ('000736',72.00,'2025-09-21 23:14:23'),
	 ('000737',10.00,'2025-09-20 21:09:52'),
	 ('000738',1993.00,'2025-09-21 23:14:23'),
	 ('000739',3143.00,'2025-09-21 23:14:23'),
	 ('000740',10.00,'2025-09-20 22:18:51');
INSERT INTO kpsdb.stock_current_price (stock_code,current_price,updated_at) VALUES
	 ('000741',10.00,'2025-09-21 22:47:02'),
	 ('000742',1945.00,'2025-09-21 23:14:23'),
	 ('000743',1734.00,'2025-09-21 23:14:23'),
	 ('000744',518.00,'2025-09-21 23:14:23'),
	 ('000745',10.00,'2025-09-20 22:30:22'),
	 ('000746',8919.00,'2025-09-21 23:14:23'),
	 ('000747',10.00,'2025-09-20 22:26:55'),
	 ('000748',10.00,'2025-09-21 22:13:44'),
	 ('000749',10.00,'2025-09-20 22:15:24'),
	 ('000750',123.00,'2025-09-21 23:14:22');
INSERT INTO kpsdb.stock_current_price (stock_code,current_price,updated_at) VALUES
	 ('000751',10.00,'2025-09-20 22:02:09'),
	 ('000752',79.00,'2025-09-21 23:14:23'),
	 ('000753',289.00,'2025-09-21 23:14:23'),
	 ('000754',401.00,'2025-09-21 23:14:23'),
	 ('000755',339.00,'2025-09-21 23:14:23'),
	 ('000756',10.00,'2025-09-21 22:56:25'),
	 ('000757',8012244.00,'2025-09-21 23:14:23'),
	 ('000758',120.00,'2025-09-21 23:14:23'),
	 ('000759',51.00,'2025-09-21 23:14:23'),
	 ('000760',10.00,'2025-09-21 21:38:55');
INSERT INTO kpsdb.stock_current_price (stock_code,current_price,updated_at) VALUES
	 ('000761',10646.00,'2025-09-21 23:14:23'),
	 ('000762',10.00,'2025-09-21 22:15:51'),
	 ('000763',78.00,'2025-09-21 23:14:23'),
	 ('000764',14160.00,'2025-09-21 23:14:23'),
	 ('000765',10.00,'2025-09-20 21:10:08'),
	 ('000766',236570.00,'2025-09-21 23:14:23'),
	 ('000767',142.00,'2025-09-21 23:14:23'),
	 ('000768',10.00,'2025-09-21 22:57:22'),
	 ('000769',128003.00,'2025-09-21 23:14:23'),
	 ('000770',243.00,'2025-09-21 23:14:23');
INSERT INTO kpsdb.stock_current_price (stock_code,current_price,updated_at) VALUES
	 ('000771',10.00,'2025-09-21 22:17:18'),
	 ('000772',6845.00,'2025-09-21 23:14:23'),
	 ('000773',13750.00,'2025-09-21 23:14:23'),
	 ('000774',10.00,'2025-09-20 21:25:42'),
	 ('000775',143.00,'2025-09-21 23:14:22'),
	 ('000776',16.00,'2025-09-21 23:14:22'),
	 ('000777',10.00,'2025-09-21 22:40:00'),
	 ('000778',10.00,'2025-09-20 21:56:59'),
	 ('000779',49.00,'2025-09-21 23:14:22'),
	 ('000780',10.00,'2025-09-21 22:47:52');
INSERT INTO kpsdb.stock_current_price (stock_code,current_price,updated_at) VALUES
	 ('000781',10.00,'2025-09-21 21:35:38'),
	 ('000782',10.00,'2025-09-20 22:49:10'),
	 ('000783',10.00,'2025-09-20 21:24:21'),
	 ('000784',115.00,'2025-09-21 23:14:23'),
	 ('000785',10.00,'2025-09-20 20:33:02'),
	 ('000786',10.00,'2025-09-21 22:28:57'),
	 ('000787',1571.00,'2025-09-21 23:14:23'),
	 ('000788',10.00,'2025-09-20 22:38:40'),
	 ('000789',677.00,'2025-09-21 23:14:23'),
	 ('000790',16246.00,'2025-09-21 23:14:23');
INSERT INTO kpsdb.stock_current_price (stock_code,current_price,updated_at) VALUES
	 ('000791',31.00,'2025-09-21 23:14:23'),
	 ('000792',84.00,'2025-09-21 23:14:23'),
	 ('000793',10.00,'2025-09-20 22:05:58'),
	 ('000794',10.00,'2025-09-21 22:57:56'),
	 ('000795',823.00,'2025-09-21 23:14:23'),
	 ('000796',10.00,'2025-09-21 21:39:23'),
	 ('000797',10.00,'2025-09-20 21:27:35'),
	 ('000798',1749992.00,'2025-09-21 23:14:23'),
	 ('000799',10.00,'2025-09-21 21:38:04'),
	 ('000800',10.00,'2025-09-21 22:57:23');
INSERT INTO kpsdb.stock_current_price (stock_code,current_price,updated_at) VALUES
	 ('000801',4066.00,'2025-09-21 23:14:23'),
	 ('000802',10.00,'2025-09-21 21:33:53'),
	 ('000803',10.00,'2025-09-21 21:49:21'),
	 ('000804',10.00,'2025-09-20 20:37:43'),
	 ('000805',275.00,'2025-09-21 23:14:23'),
	 ('000806',10.00,'2025-09-20 22:28:40'),
	 ('000807',44.00,'2025-09-21 23:14:23'),
	 ('000808',10.00,'2025-09-20 21:58:24'),
	 ('000809',10.00,'2025-09-20 21:36:52'),
	 ('000810',322.00,'2025-09-21 23:14:23');
INSERT INTO kpsdb.stock_current_price (stock_code,current_price,updated_at) VALUES
	 ('000811',10.00,'2025-09-20 21:00:46'),
	 ('000812',10.00,'2025-09-21 21:53:16'),
	 ('000813',10.00,'2025-09-21 21:35:28'),
	 ('000814',10.00,'2025-09-20 22:27:00'),
	 ('000815',10.00,'2025-09-20 22:02:11'),
	 ('000816',70.00,'2025-09-21 23:14:22'),
	 ('000817',161.00,'2025-09-21 23:14:23'),
	 ('000818',63.00,'2025-09-21 23:14:23'),
	 ('000819',376.00,'2025-09-21 23:14:23'),
	 ('000820',10.00,'2025-09-21 22:33:06');
INSERT INTO kpsdb.stock_current_price (stock_code,current_price,updated_at) VALUES
	 ('000821',4975.00,'2025-09-21 23:14:23'),
	 ('000822',732.00,'2025-09-21 23:14:23'),
	 ('000823',10.00,'2025-09-20 22:06:01'),
	 ('000824',10.00,'2025-09-20 21:52:04'),
	 ('000825',10.00,'2025-09-20 20:37:06'),
	 ('000826',17542.00,'2025-09-21 23:14:23'),
	 ('000827',10.00,'2025-09-21 22:40:01'),
	 ('000828',10.00,'2025-09-20 20:54:53'),
	 ('000829',10.00,'2025-09-21 22:12:07'),
	 ('000830',352245.00,'2025-09-21 23:14:23');
INSERT INTO kpsdb.stock_current_price (stock_code,current_price,updated_at) VALUES
	 ('000831',3377.00,'2025-09-21 23:14:23'),
	 ('000832',10.00,'2025-09-20 22:12:53'),
	 ('000833',139.00,'2025-09-21 23:14:23'),
	 ('000834',10.00,'2025-09-21 22:05:45'),
	 ('000835',10.00,'2025-09-21 22:24:41'),
	 ('000836',10.00,'2025-09-21 22:06:42'),
	 ('000837',10.00,'2025-09-21 23:14:05'),
	 ('000838',10.00,'2025-09-21 22:37:28'),
	 ('000839',10.00,'2025-09-20 22:30:19'),
	 ('000840',667.00,'2025-09-21 23:14:23');
INSERT INTO kpsdb.stock_current_price (stock_code,current_price,updated_at) VALUES
	 ('000841',78.00,'2025-09-21 23:14:23'),
	 ('000842',10.00,'2025-09-21 22:28:31'),
	 ('000843',10.00,'2025-09-20 22:12:07'),
	 ('000844',572959.00,'2025-09-21 23:14:23'),
	 ('000845',295.00,'2025-09-21 23:14:23'),
	 ('000846',331.00,'2025-09-21 23:14:23'),
	 ('000847',1355.00,'2025-09-21 23:14:23'),
	 ('000848',55.00,'2025-09-21 23:14:23'),
	 ('000849',10.00,'2025-09-21 21:41:12'),
	 ('000850',27.00,'2025-09-21 23:14:23');
INSERT INTO kpsdb.stock_current_price (stock_code,current_price,updated_at) VALUES
	 ('000851',115.00,'2025-09-21 23:14:23'),
	 ('000852',94.00,'2025-09-21 23:14:23'),
	 ('000853',10.00,'2025-09-21 22:56:35'),
	 ('000854',63.00,'2025-09-21 23:14:23'),
	 ('000855',24659.00,'2025-09-21 23:14:23'),
	 ('000856',10.00,'2025-09-21 22:32:56'),
	 ('000857',49.00,'2025-09-21 23:14:23'),
	 ('000858',10.00,'2025-09-21 22:47:44'),
	 ('000859',24.00,'2025-09-21 23:14:20'),
	 ('000860',10.00,'2025-09-21 22:25:27');
INSERT INTO kpsdb.stock_current_price (stock_code,current_price,updated_at) VALUES
	 ('000861',76.00,'2025-09-21 23:14:23'),
	 ('000862',10.00,'2025-09-20 22:30:06'),
	 ('000863',10.00,'2025-09-21 21:56:03'),
	 ('000864',10.00,'2025-09-20 22:17:00'),
	 ('000865',80.00,'2025-09-21 23:14:23'),
	 ('000866',10.00,'2025-09-20 22:25:11'),
	 ('000867',10.00,'2025-09-21 22:52:15'),
	 ('000868',22.00,'2025-09-21 23:14:21'),
	 ('000869',10.00,'2025-09-21 22:39:05'),
	 ('000870',10.00,'2025-09-21 22:55:57');
INSERT INTO kpsdb.stock_current_price (stock_code,current_price,updated_at) VALUES
	 ('000871',10.00,'2025-09-21 22:34:25'),
	 ('000872',313371.00,'2025-09-21 23:14:23'),
	 ('000873',10.00,'2025-09-20 22:15:24'),
	 ('000874',21587.00,'2025-09-21 23:14:23'),
	 ('000875',10.00,'2025-09-21 21:33:52'),
	 ('000876',10.00,'2025-09-21 00:18:23'),
	 ('000877',10.00,'2025-09-21 22:25:14'),
	 ('000878',29.00,'2025-09-21 23:14:22'),
	 ('000879',251.00,'2025-09-21 23:14:23'),
	 ('000880',10.00,'2025-09-21 23:06:13');
INSERT INTO kpsdb.stock_current_price (stock_code,current_price,updated_at) VALUES
	 ('000881',10.00,'2025-09-20 20:54:33'),
	 ('000882',190.00,'2025-09-21 23:14:22'),
	 ('000883',63.00,'2025-09-21 23:14:22'),
	 ('000884',7503.00,'2025-09-21 23:14:23'),
	 ('000885',10.00,'2025-09-21 21:29:20'),
	 ('000886',10.00,'2025-09-21 21:39:15'),
	 ('000887',10.00,'2025-09-21 22:29:33'),
	 ('000888',10.00,'2025-09-20 22:31:32'),
	 ('000889',10.00,'2025-09-20 20:46:21'),
	 ('000890',10.00,'2025-09-20 22:15:32');
INSERT INTO kpsdb.stock_current_price (stock_code,current_price,updated_at) VALUES
	 ('000891',332.00,'2025-09-21 23:14:23'),
	 ('000892',75950.00,'2025-09-21 23:14:23'),
	 ('000893',10.00,'2025-09-20 21:03:10'),
	 ('000894',37.00,'2025-09-21 23:14:23'),
	 ('000895',1617.00,'2025-09-21 23:14:23'),
	 ('000896',10.00,'2025-09-21 21:47:41'),
	 ('000897',11395.00,'2025-09-21 23:14:23'),
	 ('000898',10.00,'2025-09-21 21:33:04'),
	 ('000899',10.00,'2025-09-21 22:30:59'),
	 ('000900',10.00,'2025-09-21 22:05:20');
INSERT INTO kpsdb.stock_current_price (stock_code,current_price,updated_at) VALUES
	 ('000901',28047.00,'2025-09-21 23:14:23'),
	 ('000902',10.00,'2025-09-21 22:24:02'),
	 ('000903',425.00,'2025-09-21 23:14:23'),
	 ('000904',10.00,'2025-09-21 22:42:05'),
	 ('000905',165614.00,'2025-09-21 23:14:23'),
	 ('000906',13669.00,'2025-09-21 23:14:23'),
	 ('000907',28.00,'2025-09-21 23:14:23'),
	 ('000908',10.00,'2025-09-20 22:08:03'),
	 ('000909',124.00,'2025-09-21 23:14:23'),
	 ('000910',6341.00,'2025-09-21 23:14:23');
INSERT INTO kpsdb.stock_current_price (stock_code,current_price,updated_at) VALUES
	 ('000911',10.00,'2025-09-21 23:14:14'),
	 ('000912',38.00,'2025-09-21 23:14:23'),
	 ('000913',10.00,'2025-09-21 21:57:33'),
	 ('000914',104279.00,'2025-09-21 23:14:23'),
	 ('000915',322.00,'2025-09-21 23:14:23'),
	 ('000916',10.00,'2025-09-20 22:31:38'),
	 ('000917',713.00,'2025-09-21 23:14:23'),
	 ('000918',3686.00,'2025-09-21 23:14:23'),
	 ('000919',137.00,'2025-09-21 23:14:23'),
	 ('000920',182022.00,'2025-09-21 23:14:23');
INSERT INTO kpsdb.stock_current_price (stock_code,current_price,updated_at) VALUES
	 ('000921',28514.00,'2025-09-21 23:14:23'),
	 ('000922',565.00,'2025-09-21 23:14:23'),
	 ('000923',10.00,'2025-09-20 22:19:49'),
	 ('000924',13.00,'2025-09-21 23:14:20'),
	 ('000925',10.00,'2025-09-21 21:41:46'),
	 ('000926',10.00,'2025-09-21 22:18:33'),
	 ('000927',10.00,'2025-09-21 22:38:48'),
	 ('000928',17825.00,'2025-09-21 23:14:23'),
	 ('000929',10.00,'2025-09-20 22:46:37'),
	 ('000930',956.00,'2025-09-21 23:14:23');
INSERT INTO kpsdb.stock_current_price (stock_code,current_price,updated_at) VALUES
	 ('000931',10.00,'2025-09-21 21:58:16'),
	 ('000932',10.00,'2025-09-20 22:15:39'),
	 ('000933',486.00,'2025-09-21 23:14:23'),
	 ('000934',51.00,'2025-09-21 23:14:23'),
	 ('000935',10.00,'2025-09-20 22:40:02'),
	 ('000936',404.00,'2025-09-21 23:14:23'),
	 ('000937',10.00,'2025-09-21 21:27:50'),
	 ('000938',10.00,'2025-09-21 22:03:24'),
	 ('000939',10.00,'2025-09-20 22:24:32'),
	 ('000940',334.00,'2025-09-21 23:14:23');
INSERT INTO kpsdb.stock_current_price (stock_code,current_price,updated_at) VALUES
	 ('000941',3174.00,'2025-09-21 23:14:23'),
	 ('000942',10.00,'2025-09-20 22:41:06'),
	 ('000943',10.00,'2025-09-21 21:41:31'),
	 ('000944',54.00,'2025-09-21 23:14:23'),
	 ('000945',206.00,'2025-09-21 23:14:23'),
	 ('000946',40.00,'2025-09-21 23:14:23'),
	 ('000947',10.00,'2025-09-20 22:14:46'),
	 ('000948',10.00,'2025-09-21 22:37:46'),
	 ('000949',10.00,'2025-09-21 22:47:34'),
	 ('000950',75106.00,'2025-09-21 23:14:23');
INSERT INTO kpsdb.stock_current_price (stock_code,current_price,updated_at) VALUES
	 ('000951',10.00,'2025-09-21 22:01:02'),
	 ('000952',10.00,'2025-09-20 21:30:33'),
	 ('000953',72.00,'2025-09-21 23:14:23'),
	 ('000954',13694.00,'2025-09-21 23:14:23'),
	 ('000955',32355.00,'2025-09-21 23:14:23'),
	 ('000956',10.00,'2025-09-20 20:28:41'),
	 ('000957',73.00,'2025-09-21 23:14:22'),
	 ('000958',647280.00,'2025-09-21 23:14:23'),
	 ('000959',138944.00,'2025-09-21 23:14:23'),
	 ('000960',10.00,'2025-09-20 21:22:19');
INSERT INTO kpsdb.stock_current_price (stock_code,current_price,updated_at) VALUES
	 ('000961',873.00,'2025-09-21 23:14:23'),
	 ('000962',10.00,'2025-09-20 22:32:39'),
	 ('000963',10.00,'2025-09-21 21:28:53'),
	 ('000964',10.00,'2025-09-20 22:28:47'),
	 ('000965',96.00,'2025-09-21 23:14:23'),
	 ('000966',444.00,'2025-09-21 23:14:23'),
	 ('000967',1257.00,'2025-09-21 23:14:23'),
	 ('000968',474.00,'2025-09-21 23:14:23'),
	 ('000969',10.00,'2025-09-20 21:47:24'),
	 ('000970',89.00,'2025-09-21 23:14:23');
INSERT INTO kpsdb.stock_current_price (stock_code,current_price,updated_at) VALUES
	 ('000971',10.00,'2025-09-21 22:41:59'),
	 ('000972',10.00,'2025-09-20 21:19:21'),
	 ('000973',35.00,'2025-09-21 23:14:21'),
	 ('000974',34.00,'2025-09-21 23:14:23'),
	 ('000975',10.00,'2025-09-21 23:09:58'),
	 ('000976',226.00,'2025-09-21 23:14:22'),
	 ('000977',4993.00,'2025-09-21 23:14:23'),
	 ('000978',10.00,'2025-09-21 22:07:25'),
	 ('000979',10.00,'2025-09-20 22:22:11'),
	 ('000980',1133.00,'2025-09-21 23:14:23');
INSERT INTO kpsdb.stock_current_price (stock_code,current_price,updated_at) VALUES
	 ('000981',10.00,'2025-09-20 22:44:16'),
	 ('000982',10.00,'2025-09-21 22:53:29'),
	 ('000983',963333.00,'2025-09-21 23:14:23'),
	 ('000984',10.00,'2025-09-21 22:45:58'),
	 ('000985',10.00,'2025-09-21 23:00:00'),
	 ('000986',10.00,'2025-09-21 22:03:57'),
	 ('000987',10.00,'2025-09-21 22:02:52'),
	 ('000988',202.00,'2025-09-21 23:14:23'),
	 ('000989',73326.00,'2025-09-21 23:14:23'),
	 ('000990',10.00,'2025-09-20 20:57:02');
INSERT INTO kpsdb.stock_current_price (stock_code,current_price,updated_at) VALUES
	 ('000991',10.00,'2025-09-20 21:59:09'),
	 ('000992',10.00,'2025-09-21 22:36:05'),
	 ('000993',7682.00,'2025-09-21 23:14:23'),
	 ('000994',64.00,'2025-09-21 23:14:23'),
	 ('000995',26.00,'2025-09-21 23:14:23'),
	 ('000996',10.00,'2025-09-21 21:57:23'),
	 ('000997',10.00,'2025-09-20 22:11:04'),
	 ('000998',10.00,'2025-09-20 21:16:06'),
	 ('000999',10.00,'2025-09-20 21:01:38'),
	 ('001000',2473.00,'2025-09-21 23:14:23');
INSERT INTO kpsdb.stock_current_price (stock_code,current_price,updated_at) VALUES
	 ('001001',42869.00,'2025-09-21 23:14:23'),
	 ('001002',1459.00,'2025-09-21 23:14:23'),
	 ('001003',1619.00,'2025-09-21 23:14:23'),
	 ('001004',10.00,'2025-09-21 23:05:35'),
	 ('001005',10.00,'2025-09-20 22:49:40'),
	 ('001006',547.00,'2025-09-21 23:14:22'),
	 ('001007',15554.00,'2025-09-21 23:14:23'),
	 ('001008',10.00,'2025-09-21 22:52:45'),
	 ('001009',62.00,'2025-09-21 23:14:21'),
	 ('001010',10.00,'2025-09-21 22:21:22');
INSERT INTO kpsdb.stock_current_price (stock_code,current_price,updated_at) VALUES
	 ('001011',62.00,'2025-09-21 23:14:22'),
	 ('001012',149.00,'2025-09-21 23:14:23'),
	 ('001013',24061.00,'2025-09-21 23:14:23'),
	 ('001014',27946.00,'2025-09-21 23:14:23'),
	 ('001015',10.00,'2025-09-20 21:30:58'),
	 ('001016',10.00,'2025-09-21 21:54:39'),
	 ('001017',1574.00,'2025-09-21 23:14:23'),
	 ('001018',211.00,'2025-09-21 23:14:23'),
	 ('001019',10.00,'2025-09-20 21:36:49'),
	 ('001020',73.00,'2025-09-21 23:14:23');
INSERT INTO kpsdb.stock_current_price (stock_code,current_price,updated_at) VALUES
	 ('001021',10.00,'2025-09-20 20:51:36'),
	 ('001022',5903.00,'2025-09-21 23:14:23'),
	 ('001023',10.00,'2025-09-21 22:12:59'),
	 ('001024',10.00,'2025-09-20 22:30:20'),
	 ('001025',10.00,'2025-09-20 22:12:43'),
	 ('001026',10.00,'2025-09-21 22:23:14'),
	 ('001027',496.00,'2025-09-21 23:14:23'),
	 ('001028',139.00,'2025-09-21 23:14:23'),
	 ('001029',108.00,'2025-09-21 23:14:23'),
	 ('001030',108.00,'2025-09-21 23:14:23');
INSERT INTO kpsdb.stock_current_price (stock_code,current_price,updated_at) VALUES
	 ('001031',10.00,'2025-09-21 22:49:19'),
	 ('001032',948.00,'2025-09-21 23:14:23'),
	 ('001033',785.00,'2025-09-21 23:14:23'),
	 ('001034',10.00,'2025-09-21 21:42:41'),
	 ('001035',19394.00,'2025-09-21 23:14:23'),
	 ('001036',10.00,'2025-09-20 22:33:13'),
	 ('001037',10.00,'2025-09-21 22:49:28'),
	 ('001038',28.00,'2025-09-21 23:14:23'),
	 ('001039',317.00,'2025-09-21 23:14:23'),
	 ('001040',10.00,'2025-09-21 21:46:02');
INSERT INTO kpsdb.stock_current_price (stock_code,current_price,updated_at) VALUES
	 ('001041',10.00,'2025-09-21 21:48:45'),
	 ('001042',4184.00,'2025-09-21 23:14:23'),
	 ('001043',62.00,'2025-09-21 23:14:23'),
	 ('001044',10.00,'2025-09-20 22:08:33'),
	 ('001045',10.00,'2025-09-20 22:29:32'),
	 ('001046',10.00,'2025-09-21 22:58:50'),
	 ('001047',10.00,'2025-09-20 22:00:27'),
	 ('001048',128.00,'2025-09-21 23:14:22'),
	 ('001049',10.00,'2025-09-21 21:41:34'),
	 ('001050',10.00,'2025-09-20 22:42:31');
INSERT INTO kpsdb.stock_current_price (stock_code,current_price,updated_at) VALUES
	 ('001051',10.00,'2025-09-20 22:09:22'),
	 ('001052',47423.00,'2025-09-21 23:14:23'),
	 ('001053',10.00,'2025-09-20 22:51:07'),
	 ('001054',292.00,'2025-09-21 23:14:23'),
	 ('001055',29.00,'2025-09-21 23:14:23'),
	 ('001056',10.00,'2025-09-20 21:55:27'),
	 ('001057',10.00,'2025-09-20 22:17:39'),
	 ('001058',10.00,'2025-09-20 21:14:51'),
	 ('001059',7243.00,'2025-09-21 23:14:23'),
	 ('001060',21355.00,'2025-09-21 23:14:23');
INSERT INTO kpsdb.stock_current_price (stock_code,current_price,updated_at) VALUES
	 ('001061',10.00,'2025-09-21 22:11:09'),
	 ('001062',3639.00,'2025-09-21 23:14:23'),
	 ('001063',10.00,'2025-09-20 22:41:07'),
	 ('001064',10.00,'2025-09-20 22:45:58'),
	 ('001065',358.00,'2025-09-21 23:14:23'),
	 ('001066',45412.00,'2025-09-21 23:14:23'),
	 ('001067',29.00,'2025-09-21 23:14:23'),
	 ('001068',10.00,'2025-09-20 22:03:15'),
	 ('001069',10.00,'2025-09-21 21:52:05'),
	 ('001070',10.00,'2025-09-20 22:45:15');
INSERT INTO kpsdb.stock_current_price (stock_code,current_price,updated_at) VALUES
	 ('001071',10.00,'2025-09-21 22:54:20'),
	 ('001072',10.00,'2025-09-21 22:46:49'),
	 ('001073',10.00,'2025-09-21 21:26:56'),
	 ('001074',10.00,'2025-09-21 21:29:54'),
	 ('001075',10.00,'2025-09-21 21:34:54'),
	 ('001076',762.00,'2025-09-21 23:14:23'),
	 ('001077',927.00,'2025-09-21 23:14:23'),
	 ('001078',83.00,'2025-09-21 23:14:23'),
	 ('001079',10.00,'2025-09-21 22:50:24'),
	 ('001080',224.00,'2025-09-21 23:14:23');
INSERT INTO kpsdb.stock_current_price (stock_code,current_price,updated_at) VALUES
	 ('001081',10.00,'2025-09-20 22:19:19'),
	 ('001082',10.00,'2025-09-20 21:58:26'),
	 ('001083',939.00,'2025-09-21 23:14:23'),
	 ('001084',275.00,'2025-09-21 23:14:22'),
	 ('001085',4814.00,'2025-09-21 23:14:23'),
	 ('001086',10.00,'2025-09-21 22:26:36'),
	 ('001087',10.00,'2025-09-21 22:54:42'),
	 ('001088',10.00,'2025-09-21 22:50:41'),
	 ('001089',10.00,'2025-09-20 22:45:27'),
	 ('001090',10.00,'2025-09-20 20:29:42');
INSERT INTO kpsdb.stock_current_price (stock_code,current_price,updated_at) VALUES
	 ('001091',10.00,'2025-09-21 21:33:11'),
	 ('001092',291.00,'2025-09-21 23:14:23'),
	 ('001093',10.00,'2025-09-20 22:12:32'),
	 ('001094',80.00,'2025-09-21 23:14:23'),
	 ('001095',171.00,'2025-09-21 23:14:23'),
	 ('001096',181.00,'2025-09-21 23:14:23'),
	 ('001097',1841.00,'2025-09-21 23:14:23'),
	 ('001098',3622.00,'2025-09-21 23:14:23'),
	 ('001099',184.00,'2025-09-21 23:14:23'),
	 ('001100',10.00,'2025-09-21 21:35:52');
INSERT INTO kpsdb.stock_current_price (stock_code,current_price,updated_at) VALUES
	 ('001101',465.00,'2025-09-21 23:14:23'),
	 ('001102',10.00,'2025-09-20 22:11:09'),
	 ('001103',275.00,'2025-09-21 23:14:23'),
	 ('001104',10.00,'2025-09-20 22:19:20'),
	 ('001105',831.00,'2025-09-21 23:14:23'),
	 ('001106',10.00,'2025-09-20 21:26:51'),
	 ('001107',122.00,'2025-09-21 23:14:23'),
	 ('001108',361.00,'2025-09-21 23:14:23'),
	 ('001109',10.00,'2025-09-20 20:33:16'),
	 ('001110',10.00,'2025-09-21 23:10:13');
INSERT INTO kpsdb.stock_current_price (stock_code,current_price,updated_at) VALUES
	 ('001111',3068.00,'2025-09-21 23:14:23'),
	 ('001112',10.00,'2025-09-20 22:09:39'),
	 ('001113',10.00,'2025-09-21 21:36:16'),
	 ('001114',10.00,'2025-09-21 21:33:18'),
	 ('001115',10.00,'2025-09-21 22:22:28'),
	 ('001116',10.00,'2025-09-21 22:41:10'),
	 ('001117',10.00,'2025-09-21 22:27:43'),
	 ('001118',10.00,'2025-09-21 21:54:25'),
	 ('001119',10.00,'2025-09-21 21:58:58'),
	 ('001120',1342.00,'2025-09-21 23:14:23');
INSERT INTO kpsdb.stock_current_price (stock_code,current_price,updated_at) VALUES
	 ('001121',31.00,'2025-09-21 23:14:23'),
	 ('001122',47.00,'2025-09-21 23:14:23'),
	 ('001123',10.00,'2025-09-20 21:01:33'),
	 ('001124',137.00,'2025-09-21 23:14:23'),
	 ('001125',10.00,'2025-09-21 23:10:39'),
	 ('001126',10.00,'2025-09-21 22:50:34'),
	 ('001127',125746.00,'2025-09-21 23:14:23'),
	 ('001128',10.00,'2025-09-20 22:23:47'),
	 ('001129',10.00,'2025-09-21 21:42:44'),
	 ('001130',10.00,'2025-09-21 21:37:25');
INSERT INTO kpsdb.stock_current_price (stock_code,current_price,updated_at) VALUES
	 ('001131',3328.00,'2025-09-21 23:14:23'),
	 ('001132',10.00,'2025-09-20 22:31:20'),
	 ('001133',205.00,'2025-09-21 23:14:23'),
	 ('001134',14773.00,'2025-09-21 23:14:23'),
	 ('001135',31.00,'2025-09-21 23:14:19'),
	 ('001136',10.00,'2025-09-20 22:31:24'),
	 ('001137',10.00,'2025-09-21 22:43:25'),
	 ('001138',77.00,'2025-09-21 23:14:23'),
	 ('001139',359439.00,'2025-09-21 23:14:23'),
	 ('001140',10.00,'2025-09-20 22:36:21');
INSERT INTO kpsdb.stock_current_price (stock_code,current_price,updated_at) VALUES
	 ('001141',57.00,'2025-09-21 23:14:23'),
	 ('001142',10.00,'2025-09-21 22:47:00'),
	 ('001143',10.00,'2025-09-21 22:52:04'),
	 ('001144',10.00,'2025-09-21 22:19:59'),
	 ('001145',216.00,'2025-09-21 23:14:23'),
	 ('001146',541.00,'2025-09-21 23:14:23'),
	 ('001147',298879.00,'2025-09-21 23:14:23'),
	 ('001148',10.00,'2025-09-20 20:49:06'),
	 ('001149',24.00,'2025-09-21 23:14:22'),
	 ('001150',109.00,'2025-09-21 23:14:23');
INSERT INTO kpsdb.stock_current_price (stock_code,current_price,updated_at) VALUES
	 ('001151',1825.00,'2025-09-21 23:14:23'),
	 ('001152',80.00,'2025-09-21 23:14:23'),
	 ('001153',837.00,'2025-09-21 23:14:23'),
	 ('001154',10.00,'2025-09-20 22:02:33'),
	 ('001155',10.00,'2025-09-21 22:33:51'),
	 ('001156',10.00,'2025-09-21 21:56:17'),
	 ('001157',10.00,'2025-09-21 22:36:20'),
	 ('001158',10.00,'2025-09-21 22:58:59'),
	 ('001159',614.00,'2025-09-21 23:14:23'),
	 ('001160',1809.00,'2025-09-21 23:14:23');
INSERT INTO kpsdb.stock_current_price (stock_code,current_price,updated_at) VALUES
	 ('001161',291791.00,'2025-09-21 23:14:23'),
	 ('001162',10.00,'2025-09-20 22:46:21'),
	 ('001163',10.00,'2025-09-20 22:49:52'),
	 ('001164',221.00,'2025-09-21 23:14:23'),
	 ('001165',768.00,'2025-09-21 23:14:23'),
	 ('001166',59.00,'2025-09-21 23:14:23'),
	 ('001167',10.00,'2025-09-21 21:48:20'),
	 ('001168',13.00,'2025-09-21 23:14:23'),
	 ('001169',10.00,'2025-09-20 21:41:49'),
	 ('001170',73108.00,'2025-09-21 23:14:23');
INSERT INTO kpsdb.stock_current_price (stock_code,current_price,updated_at) VALUES
	 ('001171',10.00,'2025-09-20 22:35:39'),
	 ('001172',104.00,'2025-09-21 23:14:23'),
	 ('001173',10.00,'2025-09-21 22:09:20'),
	 ('001174',10.00,'2025-09-20 21:17:32'),
	 ('001175',10.00,'2025-09-21 22:40:19'),
	 ('001176',47.00,'2025-09-21 23:14:23'),
	 ('001177',48.00,'2025-09-21 23:14:23'),
	 ('001178',10.00,'2025-09-20 22:17:44'),
	 ('001179',10.00,'2025-09-21 21:44:13'),
	 ('001180',44.00,'2025-09-21 23:14:22');
INSERT INTO kpsdb.stock_current_price (stock_code,current_price,updated_at) VALUES
	 ('001181',10.00,'2025-09-21 21:53:19'),
	 ('001182',10.00,'2025-09-21 21:40:22'),
	 ('001183',10.00,'2025-09-20 21:13:11'),
	 ('001184',25.00,'2025-09-21 23:14:23'),
	 ('001185',10.00,'2025-09-21 21:55:35'),
	 ('001186',196.00,'2025-09-21 23:14:23'),
	 ('001187',10.00,'2025-09-21 21:44:03'),
	 ('001188',855.00,'2025-09-21 23:14:23'),
	 ('001189',10.00,'2025-09-21 22:48:47'),
	 ('001190',11.00,'2025-09-21 23:13:41');
INSERT INTO kpsdb.stock_current_price (stock_code,current_price,updated_at) VALUES
	 ('001191',10.00,'2025-09-21 22:38:59'),
	 ('001192',10.00,'2025-09-21 22:03:33'),
	 ('001193',10.00,'2025-09-20 22:17:00'),
	 ('001194',10.00,'2025-09-21 22:58:00'),
	 ('001195',5484.00,'2025-09-21 23:14:23'),
	 ('001196',3388.00,'2025-09-21 23:14:23'),
	 ('001197',10.00,'2025-09-21 21:37:50'),
	 ('001198',10.00,'2025-09-21 22:08:53'),
	 ('001199',10.00,'2025-09-21 21:42:14'),
	 ('001200',10.00,'2025-09-20 19:44:42');
INSERT INTO kpsdb.stock_current_price (stock_code,current_price,updated_at) VALUES
	 ('001201',2980.00,'2025-09-21 23:14:23'),
	 ('001202',10.00,'2025-09-21 21:37:30'),
	 ('001203',10.00,'2025-09-21 21:29:29'),
	 ('001204',106821.00,'2025-09-21 23:14:23'),
	 ('001205',243.00,'2025-09-21 23:14:23'),
	 ('001206',6745.00,'2025-09-21 23:14:23'),
	 ('001207',10.00,'2025-09-21 22:07:28'),
	 ('001208',324.00,'2025-09-21 23:14:23'),
	 ('001209',74.00,'2025-09-21 23:14:23'),
	 ('001210',10.00,'2025-09-20 22:19:40');
INSERT INTO kpsdb.stock_current_price (stock_code,current_price,updated_at) VALUES
	 ('001211',44.00,'2025-09-21 23:14:23'),
	 ('001212',4173.00,'2025-09-21 23:14:23'),
	 ('001213',459.00,'2025-09-21 23:14:23'),
	 ('001214',913.00,'2025-09-21 23:14:23'),
	 ('001215',470.00,'2025-09-21 23:14:23'),
	 ('001216',1060.00,'2025-09-21 23:14:23'),
	 ('001217',10.00,'2025-09-21 22:53:26'),
	 ('001218',10.00,'2025-09-21 21:31:26'),
	 ('001219',10.00,'2025-09-21 21:48:07'),
	 ('001220',10.00,'2025-09-21 23:04:46');
INSERT INTO kpsdb.stock_current_price (stock_code,current_price,updated_at) VALUES
	 ('001221',1820.00,'2025-09-21 23:14:23'),
	 ('001222',255.00,'2025-09-21 23:14:23'),
	 ('001223',480.00,'2025-09-21 23:14:23'),
	 ('001224',10.00,'2025-09-21 23:05:45'),
	 ('001225',954.00,'2025-09-21 23:14:23'),
	 ('001226',3112.00,'2025-09-21 23:14:23'),
	 ('001227',10.00,'2025-09-20 21:44:10'),
	 ('001228',71752.00,'2025-09-21 23:14:23'),
	 ('001229',61942.00,'2025-09-21 23:14:23'),
	 ('001230',10.00,'2025-09-21 21:51:07');
INSERT INTO kpsdb.stock_current_price (stock_code,current_price,updated_at) VALUES
	 ('001231',10.00,'2025-09-20 22:35:16'),
	 ('001232',10.00,'2025-09-21 22:12:21'),
	 ('001233',109.00,'2025-09-21 23:14:22'),
	 ('001234',10.00,'2025-09-21 22:55:55'),
	 ('001235',10.00,'2025-09-20 22:02:03'),
	 ('001236',10.00,'2025-09-21 21:47:43'),
	 ('001237',10.00,'2025-09-20 21:26:02'),
	 ('001238',289506.00,'2025-09-21 23:14:23'),
	 ('001239',2720.00,'2025-09-21 23:14:23'),
	 ('001240',10.00,'2025-09-20 22:50:10');
INSERT INTO kpsdb.stock_current_price (stock_code,current_price,updated_at) VALUES
	 ('001241',179.00,'2025-09-21 23:14:23'),
	 ('001242',351.00,'2025-09-21 23:14:23'),
	 ('001243',10.00,'2025-09-21 22:04:30'),
	 ('001244',53.00,'2025-09-21 23:14:23'),
	 ('001245',70.00,'2025-09-21 23:14:23'),
	 ('001246',905.00,'2025-09-21 23:14:23'),
	 ('001247',103.00,'2025-09-21 23:14:23'),
	 ('001248',847.00,'2025-09-21 23:14:22'),
	 ('001249',10.00,'2025-09-20 22:12:33'),
	 ('001250',10.00,'2025-09-20 22:19:22');
INSERT INTO kpsdb.stock_current_price (stock_code,current_price,updated_at) VALUES
	 ('001251',10.00,'2025-09-20 22:16:20'),
	 ('001252',10.00,'2025-09-21 21:43:25'),
	 ('001253',14683.00,'2025-09-21 23:14:23'),
	 ('001254',459.00,'2025-09-21 23:14:23'),
	 ('001255',115.00,'2025-09-21 23:14:23'),
	 ('001256',298.00,'2025-09-21 23:14:23'),
	 ('001257',3560.00,'2025-09-21 23:14:23'),
	 ('001258',10.00,'2025-09-20 22:08:23'),
	 ('001259',10.00,'2025-09-21 22:03:26'),
	 ('001260',383386.00,'2025-09-21 23:14:23');
INSERT INTO kpsdb.stock_current_price (stock_code,current_price,updated_at) VALUES
	 ('001261',21973.00,'2025-09-21 23:14:23'),
	 ('001262',27694.00,'2025-09-21 23:14:23'),
	 ('001263',22958.00,'2025-09-21 23:14:23'),
	 ('001264',451.00,'2025-09-21 23:14:23'),
	 ('001265',10.00,'2025-09-21 22:23:18'),
	 ('001266',509819.00,'2025-09-21 23:14:23'),
	 ('001267',10.00,'2025-09-21 21:30:43'),
	 ('001268',26.00,'2025-09-21 23:14:20'),
	 ('001269',12030.00,'2025-09-21 23:14:23'),
	 ('001270',10.00,'2025-09-21 22:07:02');
INSERT INTO kpsdb.stock_current_price (stock_code,current_price,updated_at) VALUES
	 ('001271',1435.00,'2025-09-21 23:14:23'),
	 ('001272',82.00,'2025-09-21 23:14:23'),
	 ('001273',10.00,'2025-09-21 21:54:00'),
	 ('001274',1408.00,'2025-09-21 23:14:23'),
	 ('001275',832262.00,'2025-09-21 23:14:23'),
	 ('001276',10.00,'2025-09-21 22:20:16'),
	 ('001277',10.00,'2025-09-20 22:33:24'),
	 ('001278',17616.00,'2025-09-21 23:14:23'),
	 ('001279',19306.00,'2025-09-21 23:14:23'),
	 ('001280',29.00,'2025-09-21 23:14:23');
INSERT INTO kpsdb.stock_current_price (stock_code,current_price,updated_at) VALUES
	 ('001281',126321.00,'2025-09-21 23:14:23'),
	 ('001282',10.00,'2025-09-21 21:37:12'),
	 ('001283',10.00,'2025-09-20 22:33:23'),
	 ('001284',10.00,'2025-09-20 22:17:28'),
	 ('001285',7183.00,'2025-09-21 23:14:23'),
	 ('001286',83.00,'2025-09-21 23:14:23'),
	 ('001287',28.00,'2025-09-21 23:14:22'),
	 ('001288',10.00,'2025-09-21 22:58:27'),
	 ('001289',10.00,'2025-09-21 00:19:26'),
	 ('001290',10.00,'2025-09-21 22:12:05');
INSERT INTO kpsdb.stock_current_price (stock_code,current_price,updated_at) VALUES
	 ('001291',10.00,'2025-09-21 23:13:00'),
	 ('001292',6025.00,'2025-09-21 23:14:23'),
	 ('001293',10.00,'2025-09-20 22:48:43'),
	 ('001294',16662.00,'2025-09-21 23:14:23'),
	 ('001295',29371.00,'2025-09-21 23:14:23'),
	 ('001296',532.00,'2025-09-21 23:14:23'),
	 ('001297',10.00,'2025-09-20 21:50:56'),
	 ('001298',1811.00,'2025-09-21 23:14:23'),
	 ('001299',10.00,'2025-09-21 23:10:41'),
	 ('001300',10.00,'2025-09-21 22:36:26');
INSERT INTO kpsdb.stock_current_price (stock_code,current_price,updated_at) VALUES
	 ('001301',10.00,'2025-09-21 22:55:06'),
	 ('001302',107631.00,'2025-09-21 23:14:23'),
	 ('001303',10.00,'2025-09-21 21:55:14'),
	 ('001304',26620.00,'2025-09-21 23:14:23'),
	 ('001305',59.00,'2025-09-21 23:14:22'),
	 ('001306',268.00,'2025-09-21 23:14:23'),
	 ('001307',1892446.00,'2025-09-21 23:14:23'),
	 ('001308',15.00,'2025-09-21 23:14:23'),
	 ('001309',97.00,'2025-09-21 23:14:23'),
	 ('001310',10.00,'2025-09-21 22:40:00');
INSERT INTO kpsdb.stock_current_price (stock_code,current_price,updated_at) VALUES
	 ('001311',18864.00,'2025-09-21 23:14:23'),
	 ('001312',420.00,'2025-09-21 23:14:23'),
	 ('001313',10.00,'2025-09-21 21:26:33'),
	 ('001314',201.00,'2025-09-21 23:14:23'),
	 ('001315',10.00,'2025-09-21 22:59:36'),
	 ('001316',3846.00,'2025-09-21 23:14:23'),
	 ('001317',10.00,'2025-09-21 23:02:29'),
	 ('001318',10.00,'2025-09-21 23:09:11'),
	 ('001319',246.00,'2025-09-21 23:14:23'),
	 ('001320',10.00,'2025-09-21 22:39:28');
INSERT INTO kpsdb.stock_current_price (stock_code,current_price,updated_at) VALUES
	 ('001321',5083.00,'2025-09-21 23:14:23'),
	 ('001322',10.00,'2025-09-21 23:06:15'),
	 ('001323',10.00,'2025-09-21 22:10:05'),
	 ('001324',10.00,'2025-09-20 22:47:06'),
	 ('001325',10.00,'2025-09-20 22:42:03'),
	 ('001326',56631.00,'2025-09-21 23:14:23'),
	 ('001327',10.00,'2025-09-21 22:17:01'),
	 ('001328',13603.00,'2025-09-21 23:14:23'),
	 ('001329',10.00,'2025-09-21 22:20:15'),
	 ('001330',10.00,'2025-09-20 22:27:24');
INSERT INTO kpsdb.stock_current_price (stock_code,current_price,updated_at) VALUES
	 ('001331',10.00,'2025-09-20 21:34:41'),
	 ('001332',10.00,'2025-09-21 22:27:05'),
	 ('001333',215.00,'2025-09-21 23:14:23'),
	 ('001334',10.00,'2025-09-21 21:53:19'),
	 ('001335',10.00,'2025-09-21 22:12:44'),
	 ('001336',10.00,'2025-09-20 22:10:24'),
	 ('001337',10.00,'2025-09-21 21:51:38'),
	 ('001338',10.00,'2025-09-20 21:48:31'),
	 ('001339',10688.00,'2025-09-21 23:14:23'),
	 ('001340',10.00,'2025-09-21 21:52:48');
INSERT INTO kpsdb.stock_current_price (stock_code,current_price,updated_at) VALUES
	 ('001341',22.00,'2025-09-21 23:14:23'),
	 ('001342',3780.00,'2025-09-21 23:14:23'),
	 ('001343',1185.00,'2025-09-21 23:14:23'),
	 ('001344',10.00,'2025-09-21 21:50:57'),
	 ('001345',22274.00,'2025-09-21 23:14:23'),
	 ('001346',202.00,'2025-09-21 23:14:23'),
	 ('001347',1109.00,'2025-09-21 23:14:23'),
	 ('001348',1803188.00,'2025-09-21 23:14:23'),
	 ('001349',19.00,'2025-09-21 23:14:19'),
	 ('001350',9880.00,'2025-09-21 23:14:23');
INSERT INTO kpsdb.stock_current_price (stock_code,current_price,updated_at) VALUES
	 ('001351',380099.00,'2025-09-21 23:14:23'),
	 ('001352',65.00,'2025-09-21 23:14:23'),
	 ('001353',1321.00,'2025-09-21 23:14:23'),
	 ('001354',10.00,'2025-09-21 22:23:30'),
	 ('001355',624.00,'2025-09-21 23:14:23'),
	 ('001356',10.00,'2025-09-20 21:35:33'),
	 ('001357',10.00,'2025-09-21 21:49:49'),
	 ('001358',251.00,'2025-09-21 23:14:23'),
	 ('001359',2210.00,'2025-09-21 23:14:23'),
	 ('001360',10.00,'2025-09-21 22:07:48');
INSERT INTO kpsdb.stock_current_price (stock_code,current_price,updated_at) VALUES
	 ('001361',2420.00,'2025-09-21 23:14:23'),
	 ('001362',10.00,'2025-09-21 22:33:40'),
	 ('001363',10.00,'2025-09-21 22:11:27'),
	 ('001364',1494.00,'2025-09-21 23:14:23'),
	 ('001365',1367.00,'2025-09-21 23:14:23'),
	 ('001366',4680.00,'2025-09-21 23:14:23'),
	 ('001367',263.00,'2025-09-21 23:14:23'),
	 ('001368',47.00,'2025-09-21 23:14:22'),
	 ('001369',38097.00,'2025-09-21 23:14:23'),
	 ('001370',228.00,'2025-09-21 23:14:23');
INSERT INTO kpsdb.stock_current_price (stock_code,current_price,updated_at) VALUES
	 ('001371',10.00,'2025-09-21 22:24:51'),
	 ('001372',10.00,'2025-09-21 22:00:40'),
	 ('001373',520.00,'2025-09-21 23:14:23'),
	 ('001374',10.00,'2025-09-21 22:44:13'),
	 ('001375',10.00,'2025-09-21 22:00:42'),
	 ('001376',10.00,'2025-09-21 22:00:12'),
	 ('001377',354.00,'2025-09-21 23:14:23'),
	 ('001378',10.00,'2025-09-21 22:25:22'),
	 ('001379',10.00,'2025-09-21 21:28:52'),
	 ('001380',10.00,'2025-09-21 21:44:46');
INSERT INTO kpsdb.stock_current_price (stock_code,current_price,updated_at) VALUES
	 ('001381',358.00,'2025-09-21 23:14:23'),
	 ('001382',114.00,'2025-09-21 23:14:23'),
	 ('001383',10.00,'2025-09-20 21:46:30'),
	 ('001384',232409.00,'2025-09-21 23:14:23'),
	 ('001385',52685.00,'2025-09-21 23:14:23'),
	 ('001386',49031.00,'2025-09-21 23:14:23'),
	 ('001387',10.00,'2025-09-20 21:58:35'),
	 ('001388',10.00,'2025-09-20 22:51:45'),
	 ('001389',10.00,'2025-09-21 21:31:25'),
	 ('001390',1037.00,'2025-09-21 23:14:23');
INSERT INTO kpsdb.stock_current_price (stock_code,current_price,updated_at) VALUES
	 ('001391',10.00,'2025-09-20 21:13:44'),
	 ('001392',1276.00,'2025-09-21 23:14:23'),
	 ('001393',10.00,'2025-09-20 22:48:59'),
	 ('001394',120.00,'2025-09-21 23:14:23'),
	 ('001395',4723.00,'2025-09-21 23:14:23'),
	 ('001396',172236.00,'2025-09-21 23:14:23'),
	 ('001397',10.00,'2025-09-20 22:23:15'),
	 ('001398',310.00,'2025-09-21 23:14:22'),
	 ('001399',169.00,'2025-09-21 23:14:23'),
	 ('001400',416.00,'2025-09-21 23:14:23');
INSERT INTO kpsdb.stock_current_price (stock_code,current_price,updated_at) VALUES
	 ('001401',6437.00,'2025-09-21 23:14:23'),
	 ('001402',10.00,'2025-09-21 22:28:57'),
	 ('001403',25.00,'2025-09-21 23:14:23'),
	 ('001404',445.00,'2025-09-21 23:14:23'),
	 ('001405',11836.00,'2025-09-21 23:14:23'),
	 ('001406',1844.00,'2025-09-21 23:14:23'),
	 ('001407',1240.00,'2025-09-21 23:14:23'),
	 ('001408',15.00,'2025-09-21 23:14:20'),
	 ('001409',10.00,'2025-09-21 22:24:09'),
	 ('001410',7608.00,'2025-09-21 23:14:23');
INSERT INTO kpsdb.stock_current_price (stock_code,current_price,updated_at) VALUES
	 ('001411',10.00,'2025-09-21 22:29:13'),
	 ('001412',10.00,'2025-09-20 22:03:45'),
	 ('001413',90.00,'2025-09-21 23:14:23'),
	 ('001414',10.00,'2025-09-20 21:16:36'),
	 ('001415',10.00,'2025-09-20 20:56:09'),
	 ('001416',10.00,'2025-09-21 22:07:43'),
	 ('001417',10.00,'2025-09-21 21:48:02'),
	 ('001418',128.00,'2025-09-21 23:14:23'),
	 ('001419',10.00,'2025-09-21 22:22:40'),
	 ('001420',10.00,'2025-09-21 22:19:15');
INSERT INTO kpsdb.stock_current_price (stock_code,current_price,updated_at) VALUES
	 ('001421',2891.00,'2025-09-21 23:14:23'),
	 ('001422',119738.00,'2025-09-21 23:14:23'),
	 ('001423',38722.00,'2025-09-21 23:14:23'),
	 ('001424',10.00,'2025-09-21 22:39:23'),
	 ('001425',10.00,'2025-09-21 22:55:31'),
	 ('001426',10.00,'2025-09-21 21:55:37'),
	 ('001427',10.00,'2025-09-20 22:00:30'),
	 ('001428',859.00,'2025-09-21 23:14:23'),
	 ('001429',6278.00,'2025-09-21 23:14:23'),
	 ('001430',488.00,'2025-09-21 23:14:23');
INSERT INTO kpsdb.stock_current_price (stock_code,current_price,updated_at) VALUES
	 ('001431',10.00,'2025-09-20 20:57:51'),
	 ('001432',10.00,'2025-09-21 00:18:41'),
	 ('001433',342561.00,'2025-09-21 23:14:23'),
	 ('001434',10.00,'2025-09-21 23:08:29'),
	 ('001435',1213.00,'2025-09-21 23:14:23'),
	 ('001436',10.00,'2025-09-20 22:42:53'),
	 ('001437',203.00,'2025-09-21 23:14:23'),
	 ('001438',10.00,'2025-09-21 22:17:49'),
	 ('001439',183.00,'2025-09-21 23:14:23'),
	 ('001440',175.00,'2025-09-21 23:14:23');
INSERT INTO kpsdb.stock_current_price (stock_code,current_price,updated_at) VALUES
	 ('001441',13.00,'2025-09-21 23:14:22'),
	 ('001442',11.00,'2025-09-21 23:13:56'),
	 ('001443',5497.00,'2025-09-21 23:14:23'),
	 ('001444',508.00,'2025-09-21 23:14:23'),
	 ('001445',10.00,'2025-09-21 22:41:43'),
	 ('001446',993.00,'2025-09-21 23:14:23'),
	 ('001447',220.00,'2025-09-21 23:14:23'),
	 ('001448',10.00,'2025-09-20 22:18:56'),
	 ('001449',10.00,'2025-09-21 22:03:58'),
	 ('001450',533.00,'2025-09-21 23:14:23');
INSERT INTO kpsdb.stock_current_price (stock_code,current_price,updated_at) VALUES
	 ('001451',43421.00,'2025-09-21 23:14:23'),
	 ('001452',10.00,'2025-09-21 22:47:12'),
	 ('001453',1888.00,'2025-09-21 23:14:23'),
	 ('001454',10.00,'2025-09-20 21:51:07'),
	 ('001455',10.00,'2025-09-20 20:59:12'),
	 ('001456',10.00,'2025-09-21 21:35:34'),
	 ('001457',10.00,'2025-09-20 22:40:16'),
	 ('001458',10.00,'2025-09-21 22:17:13'),
	 ('001459',10.00,'2025-09-20 22:37:54'),
	 ('001460',233.00,'2025-09-21 23:14:23');
INSERT INTO kpsdb.stock_current_price (stock_code,current_price,updated_at) VALUES
	 ('001461',10.00,'2025-09-20 21:53:18'),
	 ('001462',10.00,'2025-09-20 22:00:59'),
	 ('001463',3638.00,'2025-09-21 23:14:23'),
	 ('001464',10.00,'2025-09-21 22:16:04'),
	 ('001465',4944.00,'2025-09-21 23:14:23'),
	 ('001466',10.00,'2025-09-20 22:19:12'),
	 ('001467',115.00,'2025-09-21 23:14:23'),
	 ('001468',102.00,'2025-09-21 23:14:23'),
	 ('001469',5067.00,'2025-09-21 23:14:23'),
	 ('001470',13483.00,'2025-09-21 23:14:23');
INSERT INTO kpsdb.stock_current_price (stock_code,current_price,updated_at) VALUES
	 ('001471',10.00,'2025-09-21 22:40:32'),
	 ('001472',10.00,'2025-09-21 22:36:54'),
	 ('001473',10.00,'2025-09-21 22:13:07'),
	 ('001474',10.00,'2025-09-20 22:27:43'),
	 ('001475',10.00,'2025-09-21 22:55:25'),
	 ('001476',31564.00,'2025-09-21 23:14:23'),
	 ('001477',119.00,'2025-09-21 23:14:23'),
	 ('001478',10.00,'2025-09-21 21:33:45'),
	 ('001479',362568.00,'2025-09-21 23:14:23'),
	 ('001480',310.00,'2025-09-21 23:14:23');
INSERT INTO kpsdb.stock_current_price (stock_code,current_price,updated_at) VALUES
	 ('001481',83.00,'2025-09-21 23:14:22'),
	 ('001482',10.00,'2025-09-20 22:32:29'),
	 ('001483',10.00,'2025-09-21 21:38:29'),
	 ('001484',10.00,'2025-09-20 22:29:04'),
	 ('001485',10.00,'2025-09-21 22:59:35'),
	 ('001486',10.00,'2025-09-20 21:30:08'),
	 ('001487',985.00,'2025-09-21 23:14:23'),
	 ('001488',10.00,'2025-09-21 22:54:36'),
	 ('001489',90.00,'2025-09-21 23:14:23'),
	 ('001490',10.00,'2025-09-21 22:04:59');
INSERT INTO kpsdb.stock_current_price (stock_code,current_price,updated_at) VALUES
	 ('001491',33.00,'2025-09-21 23:14:23'),
	 ('001492',77.00,'2025-09-21 23:14:22'),
	 ('001493',290.00,'2025-09-21 23:14:23'),
	 ('001494',10612.00,'2025-09-21 23:14:23'),
	 ('001495',5671.00,'2025-09-21 23:14:23'),
	 ('001496',10.00,'2025-09-21 22:25:27'),
	 ('001497',740736.00,'2025-09-21 23:14:23'),
	 ('001498',46.00,'2025-09-21 23:14:23'),
	 ('001499',10.00,'2025-09-21 22:01:57'),
	 ('001500',129.00,'2025-09-21 23:14:23');
INSERT INTO kpsdb.stock_current_price (stock_code,current_price,updated_at) VALUES
	 ('001501',169746.00,'2025-09-21 23:14:23'),
	 ('001502',99.00,'2025-09-21 23:14:23'),
	 ('001503',165.00,'2025-09-21 23:14:23'),
	 ('001504',10.00,'2025-09-21 22:22:30'),
	 ('001505',88138.00,'2025-09-21 23:14:23'),
	 ('001506',409218.00,'2025-09-21 23:14:23'),
	 ('001507',7612.00,'2025-09-21 23:14:23'),
	 ('001508',195.00,'2025-09-21 23:14:23'),
	 ('001509',87.00,'2025-09-21 23:14:23'),
	 ('001510',687.00,'2025-09-21 23:14:23');
INSERT INTO kpsdb.stock_current_price (stock_code,current_price,updated_at) VALUES
	 ('001511',10.00,'2025-09-21 23:13:32'),
	 ('001512',505.00,'2025-09-21 23:14:23'),
	 ('001513',10.00,'2025-09-21 21:53:01'),
	 ('001514',10.00,'2025-09-21 21:39:24'),
	 ('001515',10.00,'2025-09-20 22:36:53'),
	 ('001516',1494.00,'2025-09-21 23:14:23'),
	 ('001517',748.00,'2025-09-21 23:14:23'),
	 ('001518',50689.00,'2025-09-21 23:14:23'),
	 ('001519',1198.00,'2025-09-21 23:14:23'),
	 ('001520',10.00,'2025-09-21 21:48:09');
INSERT INTO kpsdb.stock_current_price (stock_code,current_price,updated_at) VALUES
	 ('001521',90.00,'2025-09-21 23:14:23'),
	 ('001522',10.00,'2025-09-20 21:57:22'),
	 ('001523',1512801.00,'2025-09-21 23:14:23'),
	 ('001524',16.00,'2025-09-21 23:14:23'),
	 ('001525',10.00,'2025-09-21 23:11:26'),
	 ('001526',10.00,'2025-09-20 22:02:42'),
	 ('001527',1140.00,'2025-09-21 23:14:23'),
	 ('001528',460.00,'2025-09-21 23:14:23'),
	 ('001529',60.00,'2025-09-21 23:14:23'),
	 ('001530',10.00,'2025-09-20 22:42:08');
INSERT INTO kpsdb.stock_current_price (stock_code,current_price,updated_at) VALUES
	 ('001531',146.00,'2025-09-21 23:14:23'),
	 ('001532',49.00,'2025-09-21 23:14:22'),
	 ('001533',10.00,'2025-09-21 21:49:57'),
	 ('001534',10.00,'2025-09-21 21:40:27'),
	 ('001535',34.00,'2025-09-21 23:14:23'),
	 ('001536',10.00,'2025-09-21 22:14:32'),
	 ('001537',10.00,'2025-09-21 22:42:57'),
	 ('001538',585.00,'2025-09-21 23:14:23'),
	 ('001539',4359.00,'2025-09-21 23:14:23'),
	 ('001540',1315.00,'2025-09-21 23:14:23');
INSERT INTO kpsdb.stock_current_price (stock_code,current_price,updated_at) VALUES
	 ('001541',10.00,'2025-09-21 22:12:04'),
	 ('001542',10.00,'2025-09-21 22:16:54'),
	 ('001543',10.00,'2025-09-21 22:49:18'),
	 ('001544',38.00,'2025-09-21 23:14:23'),
	 ('001545',6337.00,'2025-09-21 23:14:23'),
	 ('001546',10.00,'2025-09-21 22:18:58'),
	 ('001547',91931.00,'2025-09-21 23:14:23'),
	 ('001548',10.00,'2025-09-21 22:34:00'),
	 ('001549',18076.00,'2025-09-21 23:14:23'),
	 ('001550',10.00,'2025-09-20 21:07:11');
INSERT INTO kpsdb.stock_current_price (stock_code,current_price,updated_at) VALUES
	 ('001551',542.00,'2025-09-21 23:14:23'),
	 ('001552',10.00,'2025-09-21 22:21:03'),
	 ('001553',64.00,'2025-09-21 23:14:22'),
	 ('001554',2273.00,'2025-09-21 23:14:23'),
	 ('001555',755.00,'2025-09-21 23:14:23'),
	 ('001556',10.00,'2025-09-20 22:40:42'),
	 ('001557',10.00,'2025-09-21 23:02:18'),
	 ('001558',10.00,'2025-09-21 23:13:11'),
	 ('001559',10.00,'2025-09-20 22:08:35'),
	 ('001560',87.00,'2025-09-21 23:14:20');
INSERT INTO kpsdb.stock_current_price (stock_code,current_price,updated_at) VALUES
	 ('001561',10.00,'2025-09-20 20:57:38'),
	 ('001562',10.00,'2025-09-21 21:52:37'),
	 ('001563',439.00,'2025-09-21 23:14:23'),
	 ('001564',43252.00,'2025-09-21 23:14:23'),
	 ('001565',10.00,'2025-09-20 21:50:11'),
	 ('001566',76179400.00,'2025-09-21 23:14:23'),
	 ('001567',10.00,'2025-09-21 21:46:30'),
	 ('001568',68575.00,'2025-09-21 23:14:23'),
	 ('001569',573.00,'2025-09-21 23:14:23'),
	 ('001570',10.00,'2025-09-20 22:39:07');
INSERT INTO kpsdb.stock_current_price (stock_code,current_price,updated_at) VALUES
	 ('001571',10.00,'2025-09-21 22:10:52'),
	 ('001572',67.00,'2025-09-21 23:14:23'),
	 ('001573',40.00,'2025-09-21 23:14:23'),
	 ('001574',54.00,'2025-09-21 23:14:23'),
	 ('001575',10.00,'2025-09-21 22:43:27'),
	 ('001576',10.00,'2025-09-21 23:06:46'),
	 ('001577',10.00,'2025-09-20 22:08:17'),
	 ('001578',10.00,'2025-09-21 22:52:20'),
	 ('001579',140.00,'2025-09-21 23:14:23'),
	 ('001580',10.00,'2025-09-21 22:14:34');
INSERT INTO kpsdb.stock_current_price (stock_code,current_price,updated_at) VALUES
	 ('001581',10.00,'2025-09-20 21:23:31'),
	 ('001582',58535.00,'2025-09-21 23:14:23'),
	 ('001583',2084275.00,'2025-09-21 23:14:23'),
	 ('001584',74.00,'2025-09-21 23:14:23'),
	 ('001585',16031.00,'2025-09-21 23:14:23'),
	 ('001586',10.00,'2025-09-20 19:35:52'),
	 ('001587',63.00,'2025-09-21 23:14:23'),
	 ('001588',10.00,'2025-09-20 21:38:10'),
	 ('001589',10.00,'2025-09-20 21:28:18'),
	 ('001590',15.00,'2025-09-21 23:14:21');
INSERT INTO kpsdb.stock_current_price (stock_code,current_price,updated_at) VALUES
	 ('001591',10.00,'2025-09-20 22:51:36'),
	 ('001592',1606.00,'2025-09-21 23:14:23'),
	 ('001593',29524.00,'2025-09-21 23:14:23'),
	 ('001594',10.00,'2025-09-21 22:56:27'),
	 ('001595',10.00,'2025-09-20 22:25:48'),
	 ('001596',1603.00,'2025-09-21 23:14:23'),
	 ('001597',10.00,'2025-09-20 22:39:55'),
	 ('001598',10.00,'2025-09-21 22:08:52'),
	 ('001599',10.00,'2025-09-21 23:09:08'),
	 ('001600',10.00,'2025-09-21 22:56:36');
INSERT INTO kpsdb.stock_current_price (stock_code,current_price,updated_at) VALUES
	 ('001601',10.00,'2025-09-20 21:40:14'),
	 ('001602',10.00,'2025-09-21 23:13:43'),
	 ('001603',10.00,'2025-09-21 21:47:32'),
	 ('001604',13370.00,'2025-09-21 23:14:23'),
	 ('001605',10.00,'2025-09-20 22:25:55'),
	 ('001606',314.00,'2025-09-21 23:14:23'),
	 ('001607',10.00,'2025-09-21 22:59:19'),
	 ('001608',8806153.00,'2025-09-21 23:14:23'),
	 ('001609',3352.00,'2025-09-21 23:14:23'),
	 ('001610',128.00,'2025-09-21 23:14:23');
INSERT INTO kpsdb.stock_current_price (stock_code,current_price,updated_at) VALUES
	 ('001611',10.00,'2025-09-21 22:49:12'),
	 ('001612',10.00,'2025-09-21 22:53:09'),
	 ('001613',10.00,'2025-09-20 22:44:36'),
	 ('001614',1130.00,'2025-09-21 23:14:23'),
	 ('001615',10.00,'2025-09-21 23:11:20'),
	 ('001616',83288.00,'2025-09-21 23:14:23'),
	 ('001617',310.00,'2025-09-21 23:14:23'),
	 ('001618',10.00,'2025-09-21 22:55:57'),
	 ('001619',10.00,'2025-09-21 22:02:00'),
	 ('001620',78.00,'2025-09-21 23:14:23');
INSERT INTO kpsdb.stock_current_price (stock_code,current_price,updated_at) VALUES
	 ('001621',114.00,'2025-09-21 23:14:23'),
	 ('001622',10.00,'2025-09-21 22:57:11'),
	 ('001623',440.00,'2025-09-21 23:14:23'),
	 ('001624',10.00,'2025-09-21 23:13:39'),
	 ('001625',10.00,'2025-09-21 21:43:15'),
	 ('001626',10.00,'2025-09-21 22:24:53'),
	 ('001627',10.00,'2025-09-21 21:56:00'),
	 ('001628',10.00,'2025-09-20 22:10:32'),
	 ('001629',10.00,'2025-09-21 23:12:36'),
	 ('001630',5286.00,'2025-09-21 23:14:23');
INSERT INTO kpsdb.stock_current_price (stock_code,current_price,updated_at) VALUES
	 ('001631',106.00,'2025-09-21 23:14:23'),
	 ('001632',355.00,'2025-09-21 23:14:23'),
	 ('001633',3924.00,'2025-09-21 23:14:23'),
	 ('001634',1557.00,'2025-09-21 23:14:23'),
	 ('001635',10.00,'2025-09-21 22:13:42'),
	 ('001636',529.00,'2025-09-21 23:14:23'),
	 ('001637',1513.00,'2025-09-21 23:14:23'),
	 ('001638',10.00,'2025-09-21 22:42:57'),
	 ('001639',10.00,'2025-09-21 21:51:44'),
	 ('001640',15683.00,'2025-09-21 23:14:23');
INSERT INTO kpsdb.stock_current_price (stock_code,current_price,updated_at) VALUES
	 ('001641',10.00,'2025-09-21 21:54:16'),
	 ('001642',2896059.00,'2025-09-21 23:14:23'),
	 ('001643',10.00,'2025-09-21 21:53:22'),
	 ('001644',21.00,'2025-09-21 23:14:23'),
	 ('001645',10.00,'2025-09-20 22:43:44'),
	 ('001646',10.00,'2025-09-21 22:16:11'),
	 ('001647',2955.00,'2025-09-21 23:14:23'),
	 ('001648',10.00,'2025-09-20 22:28:57'),
	 ('001649',10726.00,'2025-09-21 23:14:23'),
	 ('001650',10.00,'2025-09-21 22:54:33');
INSERT INTO kpsdb.stock_current_price (stock_code,current_price,updated_at) VALUES
	 ('001651',10.00,'2025-09-21 22:31:18'),
	 ('001652',8207.00,'2025-09-21 23:14:23'),
	 ('001653',10.00,'2025-09-20 21:33:30'),
	 ('001654',1534311.00,'2025-09-21 23:14:23'),
	 ('001655',10.00,'2025-09-21 21:38:26'),
	 ('001656',10.00,'2025-09-20 21:51:02'),
	 ('001657',10.00,'2025-09-21 22:05:34'),
	 ('001658',10.00,'2025-09-20 22:02:00'),
	 ('001659',158.00,'2025-09-21 23:14:23'),
	 ('001660',10.00,'2025-09-21 22:10:31');
INSERT INTO kpsdb.stock_current_price (stock_code,current_price,updated_at) VALUES
	 ('001661',3073.00,'2025-09-21 23:14:23'),
	 ('001662',192.00,'2025-09-21 23:14:23'),
	 ('001663',10.00,'2025-09-21 22:41:52'),
	 ('001664',289.00,'2025-09-21 23:14:23'),
	 ('001665',10.00,'2025-09-21 21:57:50'),
	 ('001666',68.00,'2025-09-21 23:14:23'),
	 ('001667',10.00,'2025-09-21 22:58:50'),
	 ('001668',125.00,'2025-09-21 23:14:23'),
	 ('001669',354.00,'2025-09-21 23:14:23'),
	 ('001670',10.00,'2025-09-20 22:48:15');
INSERT INTO kpsdb.stock_current_price (stock_code,current_price,updated_at) VALUES
	 ('001671',6313.00,'2025-09-21 23:14:23'),
	 ('001672',20.00,'2025-09-21 23:14:20'),
	 ('001673',10.00,'2025-09-21 22:50:15'),
	 ('001674',10.00,'2025-09-21 21:56:01'),
	 ('001675',93.00,'2025-09-21 23:14:23'),
	 ('001676',24.00,'2025-09-21 23:14:23'),
	 ('001677',16.00,'2025-09-21 23:14:22'),
	 ('001678',10.00,'2025-09-21 21:51:43'),
	 ('001679',274.00,'2025-09-21 23:14:23'),
	 ('001680',10.00,'2025-09-20 22:14:11');
INSERT INTO kpsdb.stock_current_price (stock_code,current_price,updated_at) VALUES
	 ('001681',10.00,'2025-09-21 22:13:33'),
	 ('001682',14985.00,'2025-09-21 23:14:23'),
	 ('001683',10.00,'2025-09-21 23:04:17'),
	 ('001684',5709.00,'2025-09-21 23:14:23'),
	 ('001685',5412.00,'2025-09-21 23:14:23'),
	 ('001686',33654.00,'2025-09-21 23:14:23'),
	 ('001687',10.00,'2025-09-21 22:26:17'),
	 ('001688',577.00,'2025-09-21 23:14:23'),
	 ('001689',24102.00,'2025-09-21 23:14:23'),
	 ('001690',10.00,'2025-09-20 22:02:32');
INSERT INTO kpsdb.stock_current_price (stock_code,current_price,updated_at) VALUES
	 ('001691',3880.00,'2025-09-21 23:14:23'),
	 ('001692',58.00,'2025-09-21 23:14:23'),
	 ('001693',10.00,'2025-09-21 21:59:54'),
	 ('001694',238.00,'2025-09-21 23:14:22'),
	 ('001695',98.00,'2025-09-21 23:14:23'),
	 ('001696',501552.00,'2025-09-21 23:14:23'),
	 ('001697',9321.00,'2025-09-21 23:14:23'),
	 ('001698',10.00,'2025-09-20 22:13:36'),
	 ('001699',10.00,'2025-09-20 21:10:46'),
	 ('001700',10.00,'2025-09-20 21:29:13');
INSERT INTO kpsdb.stock_current_price (stock_code,current_price,updated_at) VALUES
	 ('001701',29435.00,'2025-09-21 23:14:23'),
	 ('001702',10.00,'2025-09-20 21:46:17'),
	 ('001703',10.00,'2025-09-20 22:29:19'),
	 ('001704',10.00,'2025-09-21 22:47:04'),
	 ('001705',227.00,'2025-09-21 23:14:23'),
	 ('001706',10.00,'2025-09-21 22:04:19'),
	 ('001707',10.00,'2025-09-20 21:32:31'),
	 ('001708',13.00,'2025-09-21 23:14:22'),
	 ('001709',10.00,'2025-09-21 22:47:42'),
	 ('001710',382.00,'2025-09-21 23:14:23');
INSERT INTO kpsdb.stock_current_price (stock_code,current_price,updated_at) VALUES
	 ('001711',417.00,'2025-09-21 23:14:23'),
	 ('001712',1147.00,'2025-09-21 23:14:23'),
	 ('001713',10.00,'2025-09-21 23:04:50'),
	 ('001714',12684.00,'2025-09-21 23:14:23'),
	 ('001715',3982.00,'2025-09-21 23:14:23'),
	 ('001716',10.00,'2025-09-21 21:27:29'),
	 ('001717',10.00,'2025-09-21 23:05:11'),
	 ('001718',11.00,'2025-09-21 23:14:16'),
	 ('001719',10.00,'2025-09-21 22:57:29'),
	 ('001720',31.00,'2025-09-21 23:14:22');
INSERT INTO kpsdb.stock_current_price (stock_code,current_price,updated_at) VALUES
	 ('001721',562.00,'2025-09-21 23:14:23'),
	 ('001722',10.00,'2025-09-20 21:07:44'),
	 ('001723',174.00,'2025-09-21 23:14:23'),
	 ('001724',93.00,'2025-09-21 23:14:23'),
	 ('001725',3720938.00,'2025-09-21 23:14:23'),
	 ('001726',347951.00,'2025-09-21 23:14:23'),
	 ('001727',54652.00,'2025-09-21 23:14:23'),
	 ('001728',10.00,'2025-09-20 22:13:47'),
	 ('001729',10.00,'2025-09-21 22:15:52'),
	 ('001730',10.00,'2025-09-21 21:54:35');
INSERT INTO kpsdb.stock_current_price (stock_code,current_price,updated_at) VALUES
	 ('001731',92.00,'2025-09-21 23:14:23'),
	 ('001732',567.00,'2025-09-21 23:14:23'),
	 ('001733',100.00,'2025-09-21 23:14:23'),
	 ('001734',10.00,'2025-09-20 22:29:02'),
	 ('001735',10.00,'2025-09-21 22:25:11'),
	 ('001736',260.00,'2025-09-21 23:14:23'),
	 ('001737',264.00,'2025-09-21 23:14:23'),
	 ('001738',137.00,'2025-09-21 23:14:23'),
	 ('001739',884.00,'2025-09-21 23:14:23'),
	 ('001740',135695.00,'2025-09-21 23:14:23');
INSERT INTO kpsdb.stock_current_price (stock_code,current_price,updated_at) VALUES
	 ('001741',10.00,'2025-09-20 22:10:01'),
	 ('001742',52178.00,'2025-09-21 23:14:23'),
	 ('001743',543.00,'2025-09-21 23:14:23'),
	 ('001744',76.00,'2025-09-21 23:14:23'),
	 ('001745',1304876.00,'2025-09-21 23:14:23'),
	 ('001746',63112.00,'2025-09-21 23:14:23'),
	 ('001747',10.00,'2025-09-21 21:37:58'),
	 ('001748',118.00,'2025-09-21 23:14:23'),
	 ('001749',10.00,'2025-09-21 21:40:00'),
	 ('001750',10.00,'2025-09-21 22:26:19');
INSERT INTO kpsdb.stock_current_price (stock_code,current_price,updated_at) VALUES
	 ('001751',14943.00,'2025-09-21 23:14:23'),
	 ('001752',62.00,'2025-09-21 23:14:23'),
	 ('001753',10.00,'2025-09-21 22:56:48'),
	 ('001754',48.00,'2025-09-21 23:14:23'),
	 ('001755',22014.00,'2025-09-21 23:14:23'),
	 ('001756',146708.00,'2025-09-21 23:14:23'),
	 ('001757',16440.00,'2025-09-21 23:14:23'),
	 ('001758',10.00,'2025-09-21 21:57:14'),
	 ('001759',10.00,'2025-09-21 22:03:03'),
	 ('001760',2398.00,'2025-09-21 23:14:23');
INSERT INTO kpsdb.stock_current_price (stock_code,current_price,updated_at) VALUES
	 ('001761',10.00,'2025-09-21 22:45:45'),
	 ('001762',10.00,'2025-09-21 21:33:48'),
	 ('001763',10.00,'2025-09-21 22:08:00'),
	 ('001764',140.00,'2025-09-21 23:14:23'),
	 ('001765',10.00,'2025-09-20 20:36:35'),
	 ('001766',1003.00,'2025-09-21 23:14:23'),
	 ('001767',59.00,'2025-09-21 23:14:23'),
	 ('001768',10.00,'2025-09-21 22:06:34'),
	 ('001769',10.00,'2025-09-20 21:17:36'),
	 ('001770',10.00,'2025-09-21 22:56:00');
INSERT INTO kpsdb.stock_current_price (stock_code,current_price,updated_at) VALUES
	 ('001771',26.00,'2025-09-21 23:14:23'),
	 ('001772',10.00,'2025-09-20 21:59:48'),
	 ('001773',130218.00,'2025-09-21 23:14:23'),
	 ('001774',78.00,'2025-09-21 23:14:23'),
	 ('001775',610.00,'2025-09-21 23:14:23'),
	 ('001776',231.00,'2025-09-21 23:14:22'),
	 ('001777',775.00,'2025-09-21 23:14:23'),
	 ('001778',10.00,'2025-09-21 22:11:57'),
	 ('001779',10.00,'2025-09-20 22:35:16'),
	 ('001780',90.00,'2025-09-21 23:14:23');
INSERT INTO kpsdb.stock_current_price (stock_code,current_price,updated_at) VALUES
	 ('001781',10.00,'2025-09-21 22:35:31'),
	 ('001782',181.00,'2025-09-21 23:14:23'),
	 ('001783',10.00,'2025-09-21 21:51:03'),
	 ('001784',10.00,'2025-09-21 22:11:11'),
	 ('001785',10.00,'2025-09-21 22:29:08'),
	 ('001786',10.00,'2025-09-20 22:38:50'),
	 ('001787',10.00,'2025-09-21 21:48:12'),
	 ('001788',9030.00,'2025-09-21 23:14:23'),
	 ('001789',959.00,'2025-09-21 23:14:23'),
	 ('001790',10.00,'2025-09-21 21:41:43');
INSERT INTO kpsdb.stock_current_price (stock_code,current_price,updated_at) VALUES
	 ('001791',1653.00,'2025-09-21 23:14:23'),
	 ('001792',19258.00,'2025-09-21 23:14:23'),
	 ('001793',10.00,'2025-09-20 21:21:40'),
	 ('001794',152.00,'2025-09-21 23:14:22'),
	 ('001795',47709.00,'2025-09-21 23:14:23'),
	 ('001796',312.00,'2025-09-21 23:14:23'),
	 ('001797',314045.00,'2025-09-21 23:14:23'),
	 ('001798',10.00,'2025-09-21 21:26:27'),
	 ('001799',10.00,'2025-09-21 22:28:08'),
	 ('001800',110.00,'2025-09-21 23:14:23');
INSERT INTO kpsdb.stock_current_price (stock_code,current_price,updated_at) VALUES
	 ('001801',8501.00,'2025-09-21 23:14:23'),
	 ('001802',10.00,'2025-09-20 22:44:47'),
	 ('001803',10.00,'2025-09-21 23:11:14'),
	 ('001804',114.00,'2025-09-21 23:14:23'),
	 ('001805',10.00,'2025-09-20 22:07:22'),
	 ('001806',10.00,'2025-09-21 21:41:13'),
	 ('001807',10.00,'2025-09-21 21:32:38'),
	 ('001808',10.00,'2025-09-21 22:22:42'),
	 ('001809',805.00,'2025-09-21 23:14:23'),
	 ('001810',167.00,'2025-09-21 23:14:23');
INSERT INTO kpsdb.stock_current_price (stock_code,current_price,updated_at) VALUES
	 ('001811',1221.00,'2025-09-21 23:14:23'),
	 ('001812',307.00,'2025-09-21 23:14:23'),
	 ('001813',4937.00,'2025-09-21 23:14:23'),
	 ('001814',11677.00,'2025-09-21 23:14:23'),
	 ('001815',152.00,'2025-09-21 23:14:23'),
	 ('001816',29.00,'2025-09-21 23:14:23'),
	 ('001817',10.00,'2025-09-21 22:56:02'),
	 ('001818',10.00,'2025-09-20 21:50:32'),
	 ('001819',10.00,'2025-09-21 22:33:37'),
	 ('001820',10.00,'2025-09-20 22:00:14');
INSERT INTO kpsdb.stock_current_price (stock_code,current_price,updated_at) VALUES
	 ('001821',10.00,'2025-09-20 22:33:51'),
	 ('001822',10.00,'2025-09-20 22:00:13'),
	 ('001823',210.00,'2025-09-21 23:14:23'),
	 ('001824',388.00,'2025-09-21 23:14:23'),
	 ('001825',10.00,'2025-09-20 20:57:56'),
	 ('001826',10.00,'2025-09-21 21:37:36'),
	 ('001827',250.00,'2025-09-21 23:14:23'),
	 ('001828',10.00,'2025-09-21 23:02:10'),
	 ('001829',10.00,'2025-09-21 22:34:08'),
	 ('001830',10.00,'2025-09-20 22:18:35');
INSERT INTO kpsdb.stock_current_price (stock_code,current_price,updated_at) VALUES
	 ('001831',10.00,'2025-09-21 21:38:07'),
	 ('001832',3661.00,'2025-09-21 23:14:23'),
	 ('001833',10.00,'2025-09-21 21:48:18'),
	 ('001834',126.00,'2025-09-21 23:14:23'),
	 ('001835',10.00,'2025-09-21 21:34:38'),
	 ('001836',505.00,'2025-09-21 23:14:23'),
	 ('001837',10.00,'2025-09-21 22:11:22'),
	 ('001838',75187.00,'2025-09-21 23:14:23'),
	 ('001839',54.00,'2025-09-21 23:14:23'),
	 ('001840',4879.00,'2025-09-21 23:14:23');
INSERT INTO kpsdb.stock_current_price (stock_code,current_price,updated_at) VALUES
	 ('001841',10.00,'2025-09-21 22:37:39'),
	 ('001842',10.00,'2025-09-21 23:05:50'),
	 ('001843',10.00,'2025-09-20 21:49:49'),
	 ('001844',10.00,'2025-09-21 21:50:55'),
	 ('001845',10.00,'2025-09-21 22:28:09'),
	 ('001846',36142.00,'2025-09-21 23:14:23'),
	 ('001847',10.00,'2025-09-20 21:38:56'),
	 ('001848',10.00,'2025-09-21 21:26:32'),
	 ('001849',65152.00,'2025-09-21 23:14:23'),
	 ('001850',67.00,'2025-09-21 23:14:22');
INSERT INTO kpsdb.stock_current_price (stock_code,current_price,updated_at) VALUES
	 ('001851',1029188.00,'2025-09-21 23:14:23'),
	 ('001852',10.00,'2025-09-20 21:14:35'),
	 ('001853',10.00,'2025-09-20 21:12:30'),
	 ('001854',503.00,'2025-09-21 23:14:23'),
	 ('001855',10.00,'2025-09-21 23:03:19'),
	 ('001856',1930.00,'2025-09-21 23:14:23'),
	 ('001857',868.00,'2025-09-21 23:14:23'),
	 ('001858',10.00,'2025-09-20 22:45:32'),
	 ('001859',10.00,'2025-09-20 22:44:48'),
	 ('001860',96.00,'2025-09-21 23:14:23');
INSERT INTO kpsdb.stock_current_price (stock_code,current_price,updated_at) VALUES
	 ('001861',62.00,'2025-09-21 23:14:21'),
	 ('001862',55.00,'2025-09-21 23:14:21'),
	 ('001863',10.00,'2025-09-21 21:38:57'),
	 ('001864',10.00,'2025-09-21 22:52:56'),
	 ('001865',379.00,'2025-09-21 23:14:23'),
	 ('001866',10.00,'2025-09-21 22:22:16'),
	 ('001867',10.00,'2025-09-20 22:36:39'),
	 ('001868',2923.00,'2025-09-21 23:14:23'),
	 ('001869',1826.00,'2025-09-21 23:14:23'),
	 ('001870',10.00,'2025-09-21 22:00:39');
INSERT INTO kpsdb.stock_current_price (stock_code,current_price,updated_at) VALUES
	 ('001871',72.00,'2025-09-21 23:14:21'),
	 ('001872',51752.00,'2025-09-21 23:14:23'),
	 ('001873',40079.00,'2025-09-21 23:14:23'),
	 ('001874',64.00,'2025-09-21 23:14:23'),
	 ('001875',10.00,'2025-09-21 22:56:45'),
	 ('001876',3074.00,'2025-09-21 23:14:23'),
	 ('001877',183613.00,'2025-09-21 23:14:23'),
	 ('001878',10.00,'2025-09-20 21:16:21'),
	 ('001879',94.00,'2025-09-21 23:14:22'),
	 ('001880',675.00,'2025-09-21 23:14:23');
INSERT INTO kpsdb.stock_current_price (stock_code,current_price,updated_at) VALUES
	 ('001881',10.00,'2025-09-20 22:41:47'),
	 ('001882',34360.00,'2025-09-21 23:14:23'),
	 ('001883',10.00,'2025-09-21 22:51:43'),
	 ('001884',10.00,'2025-09-20 21:25:28'),
	 ('001885',10.00,'2025-09-21 00:18:29'),
	 ('001886',10.00,'2025-09-20 22:18:06'),
	 ('001887',664.00,'2025-09-21 23:14:23'),
	 ('001888',10.00,'2025-09-21 23:06:21'),
	 ('001889',10.00,'2025-09-21 22:54:43'),
	 ('001890',598.00,'2025-09-21 23:14:23');
INSERT INTO kpsdb.stock_current_price (stock_code,current_price,updated_at) VALUES
	 ('001891',10.00,'2025-09-21 21:38:10'),
	 ('001892',10.00,'2025-09-21 21:43:01'),
	 ('001893',41873.00,'2025-09-21 23:14:23'),
	 ('001894',44080.00,'2025-09-21 23:14:23'),
	 ('001895',538.00,'2025-09-21 23:14:23'),
	 ('001896',3014.00,'2025-09-21 23:14:23'),
	 ('001897',10.00,'2025-09-20 22:24:19'),
	 ('001898',32341.00,'2025-09-21 23:14:23'),
	 ('001899',10.00,'2025-09-21 23:05:14'),
	 ('001900',10.00,'2025-09-20 20:26:18');
INSERT INTO kpsdb.stock_current_price (stock_code,current_price,updated_at) VALUES
	 ('001901',10.00,'2025-09-21 22:05:31'),
	 ('001902',36161.00,'2025-09-21 23:14:23'),
	 ('001903',10.00,'2025-09-20 20:29:22'),
	 ('001904',153.00,'2025-09-21 23:14:23'),
	 ('001905',106.00,'2025-09-21 23:14:23'),
	 ('001906',10.00,'2025-09-20 22:48:05'),
	 ('001907',1061881.00,'2025-09-21 23:14:23'),
	 ('001908',10.00,'2025-09-21 21:39:54'),
	 ('001909',10.00,'2025-09-21 21:29:03'),
	 ('001910',40.00,'2025-09-21 23:14:23');
INSERT INTO kpsdb.stock_current_price (stock_code,current_price,updated_at) VALUES
	 ('001911',10.00,'2025-09-21 21:40:59'),
	 ('001912',85.00,'2025-09-21 23:14:23'),
	 ('001913',10.00,'2025-09-21 21:46:16'),
	 ('001914',10.00,'2025-09-20 21:23:34'),
	 ('001915',876.00,'2025-09-21 23:14:23'),
	 ('001916',10.00,'2025-09-21 22:06:50'),
	 ('001917',880.00,'2025-09-21 23:14:23'),
	 ('001918',10.00,'2025-09-20 21:53:54'),
	 ('001919',10.00,'2025-09-21 22:52:45'),
	 ('001920',10.00,'2025-09-21 22:57:45');
INSERT INTO kpsdb.stock_current_price (stock_code,current_price,updated_at) VALUES
	 ('001921',1068.00,'2025-09-21 23:14:23'),
	 ('001922',10.00,'2025-09-20 22:36:56'),
	 ('001923',1372.00,'2025-09-21 23:14:23'),
	 ('001924',247.00,'2025-09-21 23:14:23'),
	 ('001925',10.00,'2025-09-21 21:51:32'),
	 ('001926',10.00,'2025-09-20 22:45:09'),
	 ('001927',3748.00,'2025-09-21 23:14:23'),
	 ('001928',10.00,'2025-09-21 23:01:49'),
	 ('001929',5752.00,'2025-09-21 23:14:23'),
	 ('001930',32.00,'2025-09-21 23:14:20');
INSERT INTO kpsdb.stock_current_price (stock_code,current_price,updated_at) VALUES
	 ('001931',368.00,'2025-09-21 23:14:23'),
	 ('001932',52.00,'2025-09-21 23:14:23'),
	 ('001933',20671.00,'2025-09-21 23:14:23'),
	 ('001934',142786.00,'2025-09-21 23:14:23'),
	 ('001935',10.00,'2025-09-20 22:49:22'),
	 ('001936',10.00,'2025-09-20 22:01:19'),
	 ('001937',10.00,'2025-09-21 22:47:55'),
	 ('001938',49.00,'2025-09-21 23:14:23'),
	 ('001939',10.00,'2025-09-21 23:05:10'),
	 ('001940',2685.00,'2025-09-21 23:14:23');
INSERT INTO kpsdb.stock_current_price (stock_code,current_price,updated_at) VALUES
	 ('001941',1153.00,'2025-09-21 23:14:23'),
	 ('001942',71.00,'2025-09-21 23:14:22'),
	 ('001943',10.00,'2025-09-21 22:42:58'),
	 ('001944',102425.00,'2025-09-21 23:14:23'),
	 ('001945',679.00,'2025-09-21 23:14:23'),
	 ('001946',10.00,'2025-09-21 21:53:24'),
	 ('001947',517.00,'2025-09-21 23:14:23'),
	 ('001948',10.00,'2025-09-20 22:35:31'),
	 ('001949',6722.00,'2025-09-21 23:14:23'),
	 ('001950',10.00,'2025-09-20 21:53:30');
INSERT INTO kpsdb.stock_current_price (stock_code,current_price,updated_at) VALUES
	 ('001951',10.00,'2025-09-21 21:43:52'),
	 ('001952',444.00,'2025-09-21 23:14:23'),
	 ('001953',10.00,'2025-09-21 22:26:06'),
	 ('001954',10.00,'2025-09-21 21:58:18'),
	 ('001955',1517.00,'2025-09-21 23:14:23'),
	 ('001956',570.00,'2025-09-21 23:14:23'),
	 ('001957',99.00,'2025-09-21 23:14:23'),
	 ('001958',10.00,'2025-09-20 21:21:43'),
	 ('001959',10.00,'2025-09-20 22:17:36'),
	 ('001960',10.00,'2025-09-21 23:03:44');
INSERT INTO kpsdb.stock_current_price (stock_code,current_price,updated_at) VALUES
	 ('001961',385681.00,'2025-09-21 23:14:23'),
	 ('001962',200.00,'2025-09-21 23:14:23'),
	 ('001963',261.00,'2025-09-21 23:14:23'),
	 ('001964',171.00,'2025-09-21 23:14:23'),
	 ('001965',10.00,'2025-09-21 23:05:58'),
	 ('001966',576638.00,'2025-09-21 23:14:23'),
	 ('001967',10.00,'2025-09-20 21:57:42'),
	 ('001968',177.00,'2025-09-21 23:14:23'),
	 ('001969',10.00,'2025-09-21 22:58:16'),
	 ('001970',690.00,'2025-09-21 23:14:23');
INSERT INTO kpsdb.stock_current_price (stock_code,current_price,updated_at) VALUES
	 ('001971',449.00,'2025-09-21 23:14:23'),
	 ('001972',10.00,'2025-09-20 22:20:04'),
	 ('001973',10.00,'2025-09-21 21:31:03'),
	 ('001974',323.00,'2025-09-21 23:14:23'),
	 ('001975',387.00,'2025-09-21 23:14:22'),
	 ('001976',10.00,'2025-09-21 22:14:49'),
	 ('001977',9719.00,'2025-09-21 23:14:23'),
	 ('001978',87.00,'2025-09-21 23:14:23'),
	 ('001979',10.00,'2025-09-20 22:40:09'),
	 ('001980',4357.00,'2025-09-21 23:14:23');
INSERT INTO kpsdb.stock_current_price (stock_code,current_price,updated_at) VALUES
	 ('001981',31794.00,'2025-09-21 23:14:23'),
	 ('001982',893.00,'2025-09-21 23:14:23'),
	 ('001983',94.00,'2025-09-21 23:14:23'),
	 ('001984',10.00,'2025-09-20 22:29:43'),
	 ('001985',10.00,'2025-09-21 22:05:06'),
	 ('001986',10.00,'2025-09-21 22:03:59'),
	 ('001987',657.00,'2025-09-21 23:14:23'),
	 ('001988',1645.00,'2025-09-21 23:14:23'),
	 ('001989',10.00,'2025-09-20 22:24:07'),
	 ('001990',68.00,'2025-09-21 23:14:23');
INSERT INTO kpsdb.stock_current_price (stock_code,current_price,updated_at) VALUES
	 ('001991',139.00,'2025-09-21 23:14:23'),
	 ('001992',16.00,'2025-09-21 23:14:21'),
	 ('001993',10.00,'2025-09-21 22:26:55'),
	 ('001994',10.00,'2025-09-21 22:04:59'),
	 ('001995',10.00,'2025-09-21 22:57:20'),
	 ('001996',338.00,'2025-09-21 23:14:23'),
	 ('001997',185.00,'2025-09-21 23:14:23'),
	 ('001998',10.00,'2025-09-20 21:39:01'),
	 ('001999',440569.00,'2025-09-21 23:14:23'),
	 ('002000',10.00,'2025-09-21 21:30:24');
INSERT INTO kpsdb.stock_current_price (stock_code,current_price,updated_at) VALUES
	 ('002001',10.00,'2025-09-21 21:47:11'),
	 ('002002',129.00,'2025-09-21 23:14:23'),
	 ('002003',122.00,'2025-09-21 23:14:23'),
	 ('002004',10.00,'2025-09-21 22:56:32'),
	 ('002005',10.00,'2025-09-21 22:07:01'),
	 ('002006',230.00,'2025-09-21 23:14:22'),
	 ('002007',10.00,'2025-09-20 21:34:27'),
	 ('002008',10.00,'2025-09-21 21:50:20'),
	 ('002009',3009.00,'2025-09-21 23:14:23'),
	 ('002010',10.00,'2025-09-20 20:50:38');
INSERT INTO kpsdb.stock_current_price (stock_code,current_price,updated_at) VALUES
	 ('002011',10.00,'2025-09-20 22:40:09'),
	 ('002012',663.00,'2025-09-21 23:14:23'),
	 ('002013',293.00,'2025-09-21 23:14:23'),
	 ('002014',10.00,'2025-09-20 22:38:11'),
	 ('002015',10.00,'2025-09-21 22:23:15'),
	 ('002016',73565.00,'2025-09-21 23:14:23'),
	 ('002017',10.00,'2025-09-21 22:09:16'),
	 ('002018',10.00,'2025-09-20 22:51:44'),
	 ('002019',10.00,'2025-09-21 21:29:51'),
	 ('002020',198.00,'2025-09-21 23:14:23');
INSERT INTO kpsdb.stock_current_price (stock_code,current_price,updated_at) VALUES
	 ('002021',10.00,'2025-09-20 22:36:52'),
	 ('002022',10.00,'2025-09-21 22:30:33'),
	 ('002023',185295.00,'2025-09-21 23:14:23'),
	 ('002024',10.00,'2025-09-20 22:43:56'),
	 ('002025',25.00,'2025-09-21 23:14:23'),
	 ('002026',1644.00,'2025-09-21 23:14:23'),
	 ('002027',756.00,'2025-09-21 23:14:23'),
	 ('002028',107.00,'2025-09-21 23:14:23'),
	 ('002029',11002.00,'2025-09-21 23:14:23'),
	 ('002030',841.00,'2025-09-21 23:14:23');
INSERT INTO kpsdb.stock_current_price (stock_code,current_price,updated_at) VALUES
	 ('002031',10.00,'2025-09-20 20:24:37'),
	 ('002032',3536.00,'2025-09-21 23:14:23'),
	 ('002033',10.00,'2025-09-21 22:05:22'),
	 ('002034',10.00,'2025-09-21 22:56:56'),
	 ('002035',10.00,'2025-09-21 21:36:03'),
	 ('002036',5076.00,'2025-09-21 23:14:23'),
	 ('002037',2106.00,'2025-09-21 23:14:23'),
	 ('002038',10.00,'2025-09-21 23:04:34'),
	 ('002039',16827.00,'2025-09-21 23:14:23'),
	 ('002040',754.00,'2025-09-21 23:14:23');
INSERT INTO kpsdb.stock_current_price (stock_code,current_price,updated_at) VALUES
	 ('002041',10.00,'2025-09-21 22:18:47'),
	 ('002042',563.00,'2025-09-21 23:14:23'),
	 ('002043',10.00,'2025-09-20 22:17:09'),
	 ('002044',234.00,'2025-09-21 23:14:23'),
	 ('002045',3350.00,'2025-09-21 23:14:23'),
	 ('002046',31.00,'2025-09-21 23:14:22'),
	 ('002047',881.00,'2025-09-21 23:14:23'),
	 ('002048',10.00,'2025-09-21 22:40:52'),
	 ('002049',157.00,'2025-09-21 23:14:23'),
	 ('002050',10.00,'2025-09-20 21:52:05');
INSERT INTO kpsdb.stock_current_price (stock_code,current_price,updated_at) VALUES
	 ('002051',10.00,'2025-09-21 22:47:48'),
	 ('002052',10.00,'2025-09-21 22:20:37'),
	 ('002053',10.00,'2025-09-21 21:36:02'),
	 ('002054',10.00,'2025-09-20 21:27:02'),
	 ('002055',10.00,'2025-09-21 22:12:22'),
	 ('002056',10.00,'2025-09-20 20:41:58'),
	 ('002057',47.00,'2025-09-21 23:14:23'),
	 ('002058',85.00,'2025-09-21 23:14:23'),
	 ('002059',638.00,'2025-09-21 23:14:23'),
	 ('002060',10.00,'2025-09-21 22:34:49');
INSERT INTO kpsdb.stock_current_price (stock_code,current_price,updated_at) VALUES
	 ('002061',10.00,'2025-09-20 22:15:46'),
	 ('002062',2706.00,'2025-09-21 23:14:23'),
	 ('002063',148.00,'2025-09-21 23:14:23'),
	 ('002064',181.00,'2025-09-21 23:14:23'),
	 ('002065',10.00,'2025-09-21 22:07:39'),
	 ('002066',3591.00,'2025-09-21 23:14:23'),
	 ('002067',34.00,'2025-09-21 23:14:22'),
	 ('002068',2935250.00,'2025-09-21 23:14:23'),
	 ('002069',10.00,'2025-09-21 22:51:08'),
	 ('002070',2841.00,'2025-09-21 23:14:23');
INSERT INTO kpsdb.stock_current_price (stock_code,current_price,updated_at) VALUES
	 ('002071',1535.00,'2025-09-21 23:14:23'),
	 ('002072',613.00,'2025-09-21 23:14:23'),
	 ('002073',10.00,'2025-09-21 22:51:05'),
	 ('002074',59.00,'2025-09-21 23:14:22'),
	 ('002075',10.00,'2025-09-21 23:10:41'),
	 ('002076',2774.00,'2025-09-21 23:14:23'),
	 ('002077',603.00,'2025-09-21 23:14:23'),
	 ('002078',41.00,'2025-09-21 23:14:22'),
	 ('002079',365.00,'2025-09-21 23:14:23'),
	 ('002080',10.00,'2025-09-20 22:05:40');
INSERT INTO kpsdb.stock_current_price (stock_code,current_price,updated_at) VALUES
	 ('002081',10.00,'2025-09-21 22:03:55'),
	 ('002082',10.00,'2025-09-21 21:57:14'),
	 ('002083',10.00,'2025-09-20 22:47:22'),
	 ('002084',208.00,'2025-09-21 23:14:22'),
	 ('002085',10.00,'2025-09-20 21:53:42'),
	 ('002086',1219136.00,'2025-09-21 23:14:23'),
	 ('002087',10.00,'2025-09-20 22:29:13'),
	 ('002088',10.00,'2025-09-21 23:07:05'),
	 ('002089',115.00,'2025-09-21 23:14:23'),
	 ('002090',2642.00,'2025-09-21 23:14:23');
INSERT INTO kpsdb.stock_current_price (stock_code,current_price,updated_at) VALUES
	 ('002091',10.00,'2025-09-20 21:49:23'),
	 ('002092',74.00,'2025-09-21 23:14:23'),
	 ('002093',10.00,'2025-09-20 21:43:41'),
	 ('002094',10.00,'2025-09-20 22:14:55'),
	 ('002095',100143.00,'2025-09-21 23:14:23'),
	 ('002096',10.00,'2025-09-21 21:30:20'),
	 ('002097',3028.00,'2025-09-21 23:14:23'),
	 ('002098',137712.00,'2025-09-21 23:14:23'),
	 ('002099',10.00,'2025-09-20 22:22:25'),
	 ('002100',10.00,'2025-09-21 21:40:09');
INSERT INTO kpsdb.stock_current_price (stock_code,current_price,updated_at) VALUES
	 ('002101',10.00,'2025-09-21 22:15:15'),
	 ('002102',10.00,'2025-09-21 22:00:33'),
	 ('002103',10.00,'2025-09-21 23:10:48'),
	 ('002104',10.00,'2025-09-20 21:41:19'),
	 ('002105',35.00,'2025-09-21 23:14:21'),
	 ('002106',156.00,'2025-09-21 23:14:23'),
	 ('002107',711.00,'2025-09-21 23:14:23'),
	 ('002108',514.00,'2025-09-21 23:14:23'),
	 ('002109',10.00,'2025-09-20 22:36:07'),
	 ('002110',10.00,'2025-09-21 22:54:24');
INSERT INTO kpsdb.stock_current_price (stock_code,current_price,updated_at) VALUES
	 ('002111',10.00,'2025-09-20 22:34:31'),
	 ('002112',11606.00,'2025-09-21 23:14:23'),
	 ('002113',10.00,'2025-09-20 22:28:35'),
	 ('002114',18.00,'2025-09-21 23:14:20'),
	 ('002115',16322.00,'2025-09-21 23:14:23'),
	 ('002116',157.00,'2025-09-21 23:14:23'),
	 ('002117',543.00,'2025-09-21 23:14:23'),
	 ('002118',10.00,'2025-09-21 22:58:24'),
	 ('002119',276.00,'2025-09-21 23:14:23'),
	 ('002120',606.00,'2025-09-21 23:14:23');
INSERT INTO kpsdb.stock_current_price (stock_code,current_price,updated_at) VALUES
	 ('002121',104.00,'2025-09-21 23:14:23'),
	 ('002122',2623.00,'2025-09-21 23:14:23'),
	 ('002123',508.00,'2025-09-21 23:14:23'),
	 ('002124',10.00,'2025-09-21 22:09:34'),
	 ('002125',10.00,'2025-09-21 22:58:21'),
	 ('002126',10.00,'2025-09-21 21:56:30'),
	 ('002127',1709.00,'2025-09-21 23:14:23'),
	 ('002128',420.00,'2025-09-21 23:14:23'),
	 ('002129',10.00,'2025-09-21 21:50:18'),
	 ('002130',10.00,'2025-09-21 23:01:40');
INSERT INTO kpsdb.stock_current_price (stock_code,current_price,updated_at) VALUES
	 ('002131',146.00,'2025-09-21 23:14:23'),
	 ('002132',10.00,'2025-09-20 21:54:16'),
	 ('002133',10.00,'2025-09-20 22:23:30'),
	 ('002134',10.00,'2025-09-21 21:41:31'),
	 ('002135',10.00,'2025-09-21 23:01:56'),
	 ('002136',10.00,'2025-09-21 00:19:25'),
	 ('002137',1278.00,'2025-09-21 23:14:23'),
	 ('002138',2199.00,'2025-09-21 23:14:23'),
	 ('002139',10.00,'2025-09-21 23:03:05'),
	 ('002140',652.00,'2025-09-21 23:14:23');
INSERT INTO kpsdb.stock_current_price (stock_code,current_price,updated_at) VALUES
	 ('002141',10.00,'2025-09-21 22:35:41'),
	 ('002142',17698.00,'2025-09-21 23:14:23'),
	 ('002143',205.00,'2025-09-21 23:14:23'),
	 ('002144',10.00,'2025-09-20 22:04:23'),
	 ('002145',10.00,'2025-09-20 22:44:33'),
	 ('002146',10.00,'2025-09-21 21:54:40'),
	 ('002147',10.00,'2025-09-21 23:05:56'),
	 ('002148',1235.00,'2025-09-21 23:14:23'),
	 ('002149',10.00,'2025-09-21 22:58:31'),
	 ('002150',10.00,'2025-09-21 22:35:15');
INSERT INTO kpsdb.stock_current_price (stock_code,current_price,updated_at) VALUES
	 ('002151',24.00,'2025-09-21 23:14:23'),
	 ('002152',10.00,'2025-09-21 21:32:59'),
	 ('002153',10.00,'2025-09-20 21:24:25'),
	 ('002154',5960.00,'2025-09-21 23:14:23'),
	 ('002155',43.00,'2025-09-21 23:14:23'),
	 ('002156',55.00,'2025-09-21 23:14:23'),
	 ('002157',10.00,'2025-09-21 22:30:38'),
	 ('002158',10.00,'2025-09-21 22:43:12'),
	 ('002159',10.00,'2025-09-20 22:14:57'),
	 ('002160',745.00,'2025-09-21 23:14:23');
INSERT INTO kpsdb.stock_current_price (stock_code,current_price,updated_at) VALUES
	 ('002161',37.00,'2025-09-21 23:14:23'),
	 ('002162',2360.00,'2025-09-21 23:14:23'),
	 ('002163',10.00,'2025-09-21 23:08:33'),
	 ('002164',1852.00,'2025-09-21 23:14:23'),
	 ('002165',71710.00,'2025-09-21 23:14:23'),
	 ('002166',1710.00,'2025-09-21 23:14:23'),
	 ('002167',10.00,'2025-09-21 23:01:54'),
	 ('002168',141.00,'2025-09-21 23:14:23'),
	 ('002169',6097.00,'2025-09-21 23:14:23'),
	 ('002170',10.00,'2025-09-20 22:01:04');
INSERT INTO kpsdb.stock_current_price (stock_code,current_price,updated_at) VALUES
	 ('002171',1136.00,'2025-09-21 23:14:23'),
	 ('002172',10.00,'2025-09-21 21:56:33'),
	 ('002173',10.00,'2025-09-21 00:18:54'),
	 ('002174',697.00,'2025-09-21 23:14:23'),
	 ('002175',505.00,'2025-09-21 23:14:23'),
	 ('002176',10.00,'2025-09-21 21:33:55'),
	 ('002177',60.00,'2025-09-21 23:14:23'),
	 ('002178',10.00,'2025-09-21 21:53:44'),
	 ('002179',20.00,'2025-09-21 23:14:22'),
	 ('002180',10.00,'2025-09-20 21:37:48');
INSERT INTO kpsdb.stock_current_price (stock_code,current_price,updated_at) VALUES
	 ('002181',10.00,'2025-09-21 21:48:09'),
	 ('002182',10.00,'2025-09-21 21:30:05'),
	 ('002183',10.00,'2025-09-20 22:03:45'),
	 ('002184',281535.00,'2025-09-21 23:14:23'),
	 ('002185',1270.00,'2025-09-21 23:14:23'),
	 ('002186',8534.00,'2025-09-21 23:14:23'),
	 ('002187',10.00,'2025-09-21 21:58:29'),
	 ('002188',9453.00,'2025-09-21 23:14:23'),
	 ('002189',10.00,'2025-09-21 21:47:36'),
	 ('002190',10.00,'2025-09-20 22:07:16');
INSERT INTO kpsdb.stock_current_price (stock_code,current_price,updated_at) VALUES
	 ('002191',10.00,'2025-09-21 22:07:31'),
	 ('002192',10.00,'2025-09-21 22:24:15'),
	 ('002193',311.00,'2025-09-21 23:14:23'),
	 ('002194',10.00,'2025-09-20 21:37:59'),
	 ('002195',44.00,'2025-09-21 23:14:23'),
	 ('002196',10.00,'2025-09-20 22:16:13'),
	 ('002197',209239.00,'2025-09-21 23:14:23'),
	 ('002198',92.00,'2025-09-21 23:14:23'),
	 ('002199',10.00,'2025-09-20 22:18:17'),
	 ('002200',121.00,'2025-09-21 23:14:22');
INSERT INTO kpsdb.stock_current_price (stock_code,current_price,updated_at) VALUES
	 ('002201',10.00,'2025-09-21 22:21:08'),
	 ('002202',10.00,'2025-09-21 21:31:56'),
	 ('002203',10.00,'2025-09-20 22:05:33'),
	 ('002204',10.00,'2025-09-21 22:45:55'),
	 ('002205',10.00,'2025-09-20 22:47:32'),
	 ('002206',10.00,'2025-09-20 20:57:11'),
	 ('002207',10.00,'2025-09-21 21:59:26'),
	 ('002208',34246.00,'2025-09-21 23:14:23'),
	 ('002209',4758.00,'2025-09-21 23:14:23'),
	 ('002210',184.00,'2025-09-21 23:14:23');
INSERT INTO kpsdb.stock_current_price (stock_code,current_price,updated_at) VALUES
	 ('002211',802.00,'2025-09-21 23:14:23'),
	 ('002212',191.00,'2025-09-21 23:14:23'),
	 ('002213',10.00,'2025-09-20 22:19:48'),
	 ('002214',2688.00,'2025-09-21 23:14:23'),
	 ('002215',10.00,'2025-09-20 21:38:52'),
	 ('002216',30.00,'2025-09-21 23:14:23'),
	 ('002217',10.00,'2025-09-20 21:57:58'),
	 ('002218',14.00,'2025-09-21 23:14:23'),
	 ('002219',10.00,'2025-09-21 23:05:30'),
	 ('002220',1166.00,'2025-09-21 23:14:23');
INSERT INTO kpsdb.stock_current_price (stock_code,current_price,updated_at) VALUES
	 ('002221',209.00,'2025-09-21 23:14:23'),
	 ('002222',1408623.00,'2025-09-21 23:14:23'),
	 ('002223',10.00,'2025-09-20 22:28:06'),
	 ('002224',19996.00,'2025-09-21 23:14:23'),
	 ('002225',87.00,'2025-09-21 23:14:23'),
	 ('002226',1590.00,'2025-09-21 23:14:23'),
	 ('002227',3138.00,'2025-09-21 23:14:23'),
	 ('002228',10.00,'2025-09-20 22:47:32'),
	 ('002229',10.00,'2025-09-21 22:08:58'),
	 ('002230',10.00,'2025-09-20 21:35:51');
INSERT INTO kpsdb.stock_current_price (stock_code,current_price,updated_at) VALUES
	 ('002231',10.00,'2025-09-21 22:09:51'),
	 ('002232',10.00,'2025-09-21 21:54:51'),
	 ('002233',10.00,'2025-09-20 22:23:56'),
	 ('002234',10.00,'2025-09-21 21:34:50'),
	 ('002235',10.00,'2025-09-20 22:46:13'),
	 ('002236',10.00,'2025-09-21 21:28:44'),
	 ('002237',7263.00,'2025-09-21 23:14:23'),
	 ('002238',10.00,'2025-09-21 22:50:17'),
	 ('002239',10.00,'2025-09-20 21:09:21'),
	 ('002240',10.00,'2025-09-21 23:03:38');
INSERT INTO kpsdb.stock_current_price (stock_code,current_price,updated_at) VALUES
	 ('002241',64469.00,'2025-09-21 23:14:23'),
	 ('002242',29482.00,'2025-09-21 23:14:23'),
	 ('002243',10.00,'2025-09-21 21:50:56'),
	 ('002244',10.00,'2025-09-20 21:27:17'),
	 ('002245',10.00,'2025-09-20 22:48:56'),
	 ('002246',10.00,'2025-09-21 21:27:38'),
	 ('002247',10.00,'2025-09-21 22:16:12'),
	 ('002248',10.00,'2025-09-21 22:18:58'),
	 ('002249',10.00,'2025-09-20 22:07:51'),
	 ('002250',10.00,'2025-09-20 22:28:20');
INSERT INTO kpsdb.stock_current_price (stock_code,current_price,updated_at) VALUES
	 ('002251',1005.00,'2025-09-21 23:14:23'),
	 ('002252',16.00,'2025-09-21 23:14:12'),
	 ('002253',10.00,'2025-09-21 21:51:05'),
	 ('002254',1728.00,'2025-09-21 23:14:23'),
	 ('002255',741.00,'2025-09-21 23:14:23'),
	 ('002256',87867.00,'2025-09-21 23:14:23'),
	 ('002257',792.00,'2025-09-21 23:14:23'),
	 ('002258',10.00,'2025-09-21 22:29:51'),
	 ('002259',10.00,'2025-09-20 22:32:42'),
	 ('002260',42691.00,'2025-09-21 23:14:23');
INSERT INTO kpsdb.stock_current_price (stock_code,current_price,updated_at) VALUES
	 ('002261',10.00,'2025-09-21 22:21:08'),
	 ('002262',845.00,'2025-09-21 23:14:23'),
	 ('002263',820.00,'2025-09-21 23:14:23'),
	 ('002264',10.00,'2025-09-21 23:05:12'),
	 ('002265',34913.00,'2025-09-21 23:14:23'),
	 ('002266',10.00,'2025-09-21 22:34:43'),
	 ('002267',537.00,'2025-09-21 23:14:23'),
	 ('002268',4270.00,'2025-09-21 23:14:23'),
	 ('002269',351.00,'2025-09-21 23:14:23'),
	 ('002270',10.00,'2025-09-20 21:23:44');
INSERT INTO kpsdb.stock_current_price (stock_code,current_price,updated_at) VALUES
	 ('002271',3236.00,'2025-09-21 23:14:23'),
	 ('002272',288.00,'2025-09-21 23:14:23'),
	 ('002273',51860.00,'2025-09-21 23:14:23'),
	 ('002274',690.00,'2025-09-21 23:14:23'),
	 ('002275',10.00,'2025-09-21 22:00:55'),
	 ('002276',10.00,'2025-09-20 21:47:01'),
	 ('002277',112494.00,'2025-09-21 23:14:23'),
	 ('002278',15723.00,'2025-09-21 23:14:23'),
	 ('002279',10.00,'2025-09-20 21:38:55'),
	 ('002280',54.00,'2025-09-21 23:14:23');
INSERT INTO kpsdb.stock_current_price (stock_code,current_price,updated_at) VALUES
	 ('002281',112394.00,'2025-09-21 23:14:23'),
	 ('002282',10.00,'2025-09-20 22:15:42'),
	 ('002283',10.00,'2025-09-21 23:01:44'),
	 ('002284',10.00,'2025-09-21 22:22:29'),
	 ('002285',26.00,'2025-09-21 23:14:21'),
	 ('002286',141.00,'2025-09-21 23:14:23'),
	 ('002287',98690.00,'2025-09-21 23:14:23'),
	 ('002288',51.00,'2025-09-21 23:14:23'),
	 ('002289',10.00,'2025-09-20 21:13:19'),
	 ('002290',67.00,'2025-09-21 23:14:23');
INSERT INTO kpsdb.stock_current_price (stock_code,current_price,updated_at) VALUES
	 ('002291',40352.00,'2025-09-21 23:14:23'),
	 ('002292',169.00,'2025-09-21 23:14:23'),
	 ('002293',10.00,'2025-09-21 21:41:07'),
	 ('002294',10.00,'2025-09-20 22:25:27'),
	 ('002295',10.00,'2025-09-21 21:40:55'),
	 ('002296',103.00,'2025-09-21 23:14:23'),
	 ('002297',10.00,'2025-09-21 22:35:02'),
	 ('002298',182203.00,'2025-09-21 23:14:23'),
	 ('002299',56.00,'2025-09-21 23:14:23'),
	 ('002300',10.00,'2025-09-21 22:45:12');
INSERT INTO kpsdb.stock_current_price (stock_code,current_price,updated_at) VALUES
	 ('002301',26.00,'2025-09-21 23:14:21'),
	 ('002302',10.00,'2025-09-20 22:40:05'),
	 ('002303',95.00,'2025-09-21 23:14:23'),
	 ('002304',10.00,'2025-09-21 00:20:09'),
	 ('002305',2399.00,'2025-09-21 23:14:23'),
	 ('002306',84.00,'2025-09-21 23:14:23'),
	 ('002307',10.00,'2025-09-20 20:32:00'),
	 ('002308',2605.00,'2025-09-21 23:14:23'),
	 ('002309',49.00,'2025-09-21 23:14:23'),
	 ('002310',10.00,'2025-09-21 22:27:01');
INSERT INTO kpsdb.stock_current_price (stock_code,current_price,updated_at) VALUES
	 ('002311',10.00,'2025-09-21 22:39:13'),
	 ('002312',16400.00,'2025-09-21 23:14:23'),
	 ('002313',10.00,'2025-09-21 22:05:44'),
	 ('002314',9074.00,'2025-09-21 23:14:23'),
	 ('002315',80.00,'2025-09-21 23:14:23'),
	 ('002316',10.00,'2025-09-21 22:06:33'),
	 ('002317',10.00,'2025-09-20 20:55:55'),
	 ('002318',10.00,'2025-09-20 22:19:08'),
	 ('002319',10.00,'2025-09-20 20:45:08'),
	 ('002320',400.00,'2025-09-21 23:14:23');
INSERT INTO kpsdb.stock_current_price (stock_code,current_price,updated_at) VALUES
	 ('002321',18.00,'2025-09-21 23:14:22'),
	 ('002322',10.00,'2025-09-20 22:48:00'),
	 ('002323',1263.00,'2025-09-21 23:14:23'),
	 ('002324',10.00,'2025-09-21 22:04:47'),
	 ('002325',61.00,'2025-09-21 23:14:22'),
	 ('002326',10.00,'2025-09-20 21:46:32'),
	 ('002327',1505.00,'2025-09-21 23:14:23'),
	 ('002328',771.00,'2025-09-21 23:14:23'),
	 ('002329',10.00,'2025-09-21 21:48:09'),
	 ('002330',10.00,'2025-09-20 22:50:32');
INSERT INTO kpsdb.stock_current_price (stock_code,current_price,updated_at) VALUES
	 ('002331',14.00,'2025-09-21 23:14:22'),
	 ('002332',123.00,'2025-09-21 23:14:23'),
	 ('002333',6595.00,'2025-09-21 23:14:23'),
	 ('002334',89.00,'2025-09-21 23:14:23'),
	 ('002335',3950.00,'2025-09-21 23:14:23'),
	 ('002336',473257.00,'2025-09-21 23:14:23'),
	 ('002337',10.00,'2025-09-21 22:43:11'),
	 ('002338',10.00,'2025-09-21 22:20:06'),
	 ('002339',3114.00,'2025-09-21 23:14:23'),
	 ('002340',10.00,'2025-09-20 22:00:09');
INSERT INTO kpsdb.stock_current_price (stock_code,current_price,updated_at) VALUES
	 ('002341',3277.00,'2025-09-21 23:14:23'),
	 ('002342',43098.00,'2025-09-21 23:14:23'),
	 ('002343',10.00,'2025-09-21 22:55:59'),
	 ('002344',25.00,'2025-09-21 23:14:23'),
	 ('002345',10.00,'2025-09-20 22:39:12'),
	 ('002346',12897.00,'2025-09-21 23:14:23'),
	 ('002347',275.00,'2025-09-21 23:14:23'),
	 ('002348',10.00,'2025-09-20 21:52:15'),
	 ('002349',10.00,'2025-09-21 00:18:44'),
	 ('002350',10.00,'2025-09-20 22:16:08');
INSERT INTO kpsdb.stock_current_price (stock_code,current_price,updated_at) VALUES
	 ('002351',10.00,'2025-09-21 21:58:09'),
	 ('002352',10.00,'2025-09-21 21:46:17'),
	 ('002353',10.00,'2025-09-21 22:14:44'),
	 ('002354',3377.00,'2025-09-21 23:14:23'),
	 ('002355',21.00,'2025-09-21 23:14:22'),
	 ('002356',23070.00,'2025-09-21 23:14:23'),
	 ('002357',10.00,'2025-09-20 22:06:57'),
	 ('002358',10.00,'2025-09-21 22:43:52'),
	 ('002359',10.00,'2025-09-20 21:58:04'),
	 ('002360',10.00,'2025-09-20 21:39:56');
INSERT INTO kpsdb.stock_current_price (stock_code,current_price,updated_at) VALUES
	 ('002361',10.00,'2025-09-20 21:48:22'),
	 ('002362',12.00,'2025-09-21 23:14:19'),
	 ('002363',10.00,'2025-09-20 22:37:37'),
	 ('002364',10.00,'2025-09-21 22:38:10'),
	 ('002365',10.00,'2025-09-21 22:40:56'),
	 ('002366',124.00,'2025-09-21 23:14:23'),
	 ('002367',214.00,'2025-09-21 23:14:22'),
	 ('002368',10.00,'2025-09-21 22:32:48'),
	 ('002369',5427.00,'2025-09-21 23:14:23'),
	 ('002370',38.00,'2025-09-21 23:14:22');
INSERT INTO kpsdb.stock_current_price (stock_code,current_price,updated_at) VALUES
	 ('002371',107.00,'2025-09-21 23:14:23'),
	 ('002372',124.00,'2025-09-21 23:14:23'),
	 ('002373',10.00,'2025-09-21 23:11:49'),
	 ('002374',2697.00,'2025-09-21 23:14:23'),
	 ('002375',149.00,'2025-09-21 23:14:23'),
	 ('002376',10.00,'2025-09-21 21:41:48'),
	 ('002377',10.00,'2025-09-20 21:10:30'),
	 ('002378',439.00,'2025-09-21 23:14:23'),
	 ('002379',10.00,'2025-09-21 22:06:07'),
	 ('002380',471202.00,'2025-09-21 23:14:23');
INSERT INTO kpsdb.stock_current_price (stock_code,current_price,updated_at) VALUES
	 ('002381',10.00,'2025-09-21 22:59:39'),
	 ('002382',124.00,'2025-09-21 23:14:23'),
	 ('002383',444125.00,'2025-09-21 23:14:23'),
	 ('002384',10.00,'2025-09-21 22:22:04'),
	 ('002385',76.00,'2025-09-21 23:14:23'),
	 ('002386',716.00,'2025-09-21 23:14:23'),
	 ('002387',10.00,'2025-09-20 20:34:48'),
	 ('002388',24.00,'2025-09-21 23:14:23'),
	 ('002389',10.00,'2025-09-21 22:04:09'),
	 ('002390',631.00,'2025-09-21 23:14:23');
INSERT INTO kpsdb.stock_current_price (stock_code,current_price,updated_at) VALUES
	 ('002391',10.00,'2025-09-20 22:05:33'),
	 ('002392',10.00,'2025-09-20 21:56:20'),
	 ('002393',10.00,'2025-09-21 21:34:25'),
	 ('002394',10.00,'2025-09-21 21:42:49'),
	 ('002395',10.00,'2025-09-21 21:49:20'),
	 ('002396',10.00,'2025-09-20 22:49:35'),
	 ('002397',144556.00,'2025-09-21 23:14:23'),
	 ('002398',59.00,'2025-09-21 23:14:23'),
	 ('002399',2193.00,'2025-09-21 23:14:23'),
	 ('002400',10.00,'2025-09-21 22:43:45');
INSERT INTO kpsdb.stock_current_price (stock_code,current_price,updated_at) VALUES
	 ('002401',10.00,'2025-09-20 22:37:35'),
	 ('002402',10.00,'2025-09-21 21:44:19'),
	 ('002403',10.00,'2025-09-21 21:36:58'),
	 ('002404',1712.00,'2025-09-21 23:14:23'),
	 ('002405',10.00,'2025-09-21 23:01:28'),
	 ('002406',3437.00,'2025-09-21 23:14:23'),
	 ('002407',692.00,'2025-09-21 23:14:23'),
	 ('002408',10.00,'2025-09-20 22:05:16'),
	 ('002409',10.00,'2025-09-21 00:19:52'),
	 ('002410',71.00,'2025-09-21 23:14:23');
INSERT INTO kpsdb.stock_current_price (stock_code,current_price,updated_at) VALUES
	 ('002411',73.00,'2025-09-21 23:14:23'),
	 ('002412',206.00,'2025-09-21 23:14:23'),
	 ('002413',10.00,'2025-09-21 22:28:17'),
	 ('002414',65.00,'2025-09-21 23:14:23'),
	 ('002415',72.00,'2025-09-21 23:14:23'),
	 ('002416',7116.00,'2025-09-21 23:14:23'),
	 ('002417',182.00,'2025-09-21 23:14:23'),
	 ('002418',7762.00,'2025-09-21 23:14:23'),
	 ('002419',10.00,'2025-09-21 22:36:58'),
	 ('002420',10.00,'2025-09-21 21:39:24');
INSERT INTO kpsdb.stock_current_price (stock_code,current_price,updated_at) VALUES
	 ('002421',1492.00,'2025-09-21 23:14:23'),
	 ('002422',10.00,'2025-09-20 22:49:02'),
	 ('002423',10184957.00,'2025-09-21 23:14:23'),
	 ('002424',10.00,'2025-09-21 22:26:13'),
	 ('002425',81.00,'2025-09-21 23:14:23'),
	 ('002426',10.00,'2025-09-21 22:19:33'),
	 ('002427',10.00,'2025-09-21 22:01:43'),
	 ('002428',10.00,'2025-09-20 22:40:37'),
	 ('002429',10.00,'2025-09-20 22:34:49'),
	 ('002430',72.00,'2025-09-21 23:14:23');
INSERT INTO kpsdb.stock_current_price (stock_code,current_price,updated_at) VALUES
	 ('002431',10.00,'2025-09-21 22:52:40'),
	 ('002432',125.00,'2025-09-21 23:14:23'),
	 ('002433',10.00,'2025-09-20 22:03:06'),
	 ('002434',69.00,'2025-09-21 23:14:23'),
	 ('002435',468542.00,'2025-09-21 23:14:23'),
	 ('002436',17875.00,'2025-09-21 23:14:23'),
	 ('002437',8291.00,'2025-09-21 23:14:23'),
	 ('002438',10.00,'2025-09-21 22:17:35'),
	 ('002439',110.00,'2025-09-21 23:14:23'),
	 ('002440',59.00,'2025-09-21 23:14:21');
INSERT INTO kpsdb.stock_current_price (stock_code,current_price,updated_at) VALUES
	 ('002441',571.00,'2025-09-21 23:14:23'),
	 ('002442',47.00,'2025-09-21 23:14:23'),
	 ('002443',8737.00,'2025-09-21 23:14:23'),
	 ('002444',10.00,'2025-09-20 20:22:37'),
	 ('002445',1770.00,'2025-09-21 23:14:23'),
	 ('002446',10.00,'2025-09-21 22:23:46'),
	 ('002447',10.00,'2025-09-20 21:39:14'),
	 ('002448',34537.00,'2025-09-21 23:14:23'),
	 ('002449',2661.00,'2025-09-21 23:14:23'),
	 ('002450',29.00,'2025-09-21 23:14:23');
INSERT INTO kpsdb.stock_current_price (stock_code,current_price,updated_at) VALUES
	 ('002451',10.00,'2025-09-21 22:42:46'),
	 ('002452',1300038.00,'2025-09-21 23:14:23'),
	 ('002453',10.00,'2025-09-21 22:45:27'),
	 ('002454',272978.00,'2025-09-21 23:14:23'),
	 ('002455',10.00,'2025-09-20 22:48:36'),
	 ('002456',4402.00,'2025-09-21 23:14:23'),
	 ('002457',2978.00,'2025-09-21 23:14:23'),
	 ('002458',1122.00,'2025-09-21 23:14:23'),
	 ('002459',10.00,'2025-09-21 21:26:55'),
	 ('002460',45049.00,'2025-09-21 23:14:23');
INSERT INTO kpsdb.stock_current_price (stock_code,current_price,updated_at) VALUES
	 ('002461',662.00,'2025-09-21 23:14:23'),
	 ('002462',10.00,'2025-09-20 22:32:17'),
	 ('002463',10.00,'2025-09-21 22:26:15'),
	 ('002464',139.00,'2025-09-21 23:14:23'),
	 ('002465',275.00,'2025-09-21 23:14:23'),
	 ('002466',10.00,'2025-09-20 22:44:31'),
	 ('002467',1702.00,'2025-09-21 23:14:23'),
	 ('002468',2384.00,'2025-09-21 23:14:23'),
	 ('002469',10.00,'2025-09-21 22:24:02'),
	 ('002470',10.00,'2025-09-21 22:49:58');
INSERT INTO kpsdb.stock_current_price (stock_code,current_price,updated_at) VALUES
	 ('002471',677835.00,'2025-09-21 23:14:23'),
	 ('002472',2405437.00,'2025-09-21 23:14:23'),
	 ('002473',477.00,'2025-09-21 23:14:23'),
	 ('002474',10.00,'2025-09-20 21:39:48'),
	 ('002475',858994.00,'2025-09-21 23:14:23'),
	 ('002476',10.00,'2025-09-21 23:02:44'),
	 ('002477',10.00,'2025-09-21 21:57:48'),
	 ('002478',132798.00,'2025-09-21 23:14:23'),
	 ('002479',54.00,'2025-09-21 23:14:22'),
	 ('002480',10.00,'2025-09-21 22:12:48');
INSERT INTO kpsdb.stock_current_price (stock_code,current_price,updated_at) VALUES
	 ('002481',10.00,'2025-09-21 22:40:14'),
	 ('002482',206278.00,'2025-09-21 23:14:23'),
	 ('002483',330.00,'2025-09-21 23:14:23'),
	 ('002484',10.00,'2025-09-20 22:27:53'),
	 ('002485',10.00,'2025-09-20 22:47:07'),
	 ('002486',865.00,'2025-09-21 23:14:23'),
	 ('002487',153597.00,'2025-09-21 23:14:23'),
	 ('002488',10.00,'2025-09-20 22:02:24'),
	 ('002489',10.00,'2025-09-21 23:07:10'),
	 ('002490',10.00,'2025-09-20 21:39:28');
INSERT INTO kpsdb.stock_current_price (stock_code,current_price,updated_at) VALUES
	 ('002491',10.00,'2025-09-21 21:41:43'),
	 ('002492',10.00,'2025-09-21 22:50:34'),
	 ('002493',10.00,'2025-09-21 23:03:27'),
	 ('002494',386.00,'2025-09-21 23:14:23'),
	 ('002495',10.00,'2025-09-21 22:12:58'),
	 ('002496',55182.00,'2025-09-21 23:14:23'),
	 ('002497',10.00,'2025-09-21 22:29:52'),
	 ('002498',10.00,'2025-09-21 21:58:51'),
	 ('002499',10.00,'2025-09-20 22:37:31'),
	 ('002500',9534.00,'2025-09-21 23:14:23');


DELETE FROM kpsdb.strategy_learning;
INSERT INTO kpsdb.strategy_learning (rebalancing_strategy_code,rebalancing_name,rebalancing_description,risk_level,investment_style,keyword1,keyword2,keyword3,created_at,updated_at,is_applied) VALUES
	 ('LEARN_001','AI 성장형 전략','AI가 분석한 성장주 중심의 포트폴리오 전략','고위험','성장투자','AI생성','성장주','고수익','2025-09-20 08:43:10','2025-09-20 08:43:10','N'),
	 ('LEARN_002','AI 안정형 전략','AI가 추천하는 배당주 중심의 안정적인 포트폴리오','저위험','배당투자','AI생성','배당','안정성','2025-09-20 08:43:10','2025-09-20 08:43:10','N'),
	 ('LEARN_003','AI 균형형 전략','AI가 제안하는 성장과 안정의 균형잡힌 포트폴리오','중위험','지수추종','AI생성','균형','분산투자','2025-09-20 08:43:10','2025-09-20 08:43:10','Y');

DELETE FROM kpsdb.strategy_learning_master;
INSERT INTO kpsdb.strategy_learning_master (strategy_code,strategy_name,description,risk_level,investment_style,keyword1,keyword2,keyword3,generation_type,generation_source,ai_analysis_result,portfolio_composition,performance_metrics,generation_status,is_applied,applied_at,applied_strategy_code,created_at,updated_at,created_by) VALUES
	 ('CST001','CST_Technology_Focus_20250911_001','AI 및 반도체 중심의 기술주 포트폴리오로 높은 성장성을 추구하는 전략','고위험','성장투자','기술주','반도체','AI','CST','국내 대형주 중심으로 IT, 바이오, 화학 섹터에 분산투자하는 안정적인 성장 전략을 원합니다.','{"strengths": ["기술주 중심의 높은 성장 잠재력", "4차 산업혁명 테마 집중 투자"], "weaknesses": ["기술주 집중으로 인한 섹터 편중 위험", "금리 상승에 민감한 성장주 위주 구성"], "recommendations": ["시장 변동성이 큰 시기에는 비중 조절 고려", "정기적인 리밸런싱으로 목표 비중 유지"]}','{"stocks": [{"sector": "IT", "weight": 25.0, "stock_code": "005930", "stock_name": "삼성전자"}, {"sector": "IT", "weight": 20.0, "stock_code": "000660", "stock_name": "SK하이닉스"}, {"sector": "IT서비스", "weight": 15.0, "stock_code": "035420", "stock_name": "NAVER"}]}','{"max_drawdown": -32.1, "sharpe_ratio": 0.76, "expected_return": 18.5, "expected_volatility": 24.2}','완료',0,NULL,NULL,'2025-09-20 08:43:10','2025-09-20 08:43:10','ADMIN');
